k,assay,train_indiv,train_rows,train_unique,val_rows,val_unique,n_test_files,n_crossdonor_sets,test_rows_mean,val_leaked_frac,primary_test_leaked_frac,crossdonor_leaked_frac_mean,crossdonor_leaked_frac_std,crossdonor_leaked_frac_min,crossdonor_leaked_frac_max,test_leaked_frac_mean,test_leaked_frac_min,test_leaked_frac_max,train_within_dup_frac,label_conflict_seqs_in_test_mean,crossdonor_set_01,crossdonor_set_02,crossdonor_set_03,crossdonor_set_04,crossdonor_set_05,crossdonor_set_06,crossdonor_set_07,crossdonor_set_08,crossdonor_set_09,crossdonor_set_10
3,ATACseq,1,27611,25212,3451,3398,11,10,3452.0,0.1367719501593741,0.1503476245654693,0.8371958285052143,0.24136075281836591,0.1503476245654693,0.9168597914252608,0.7747550826925104,0.1503476245654693,0.9168597914252608,0.08688566151171634,93.27272727272727,0.1503476245654693,0.9154113557358053,0.9159907300115875,0.9165701042873696,0.910486674391657,0.9136732329084588,0.906720741599073,0.9168597914252608,0.9168597914252608,0.9090382387022016
3,ATACseq,2,64507,55444,8063,7825,11,10,8064.0,0.22634255239985118,0.24503968253968253,0.8566468253968254,0.21490385770465573,0.24503968253968253,0.9280753968253969,0.8010461760461761,0.24503968253968253,0.9280753968253969,0.14049638023780364,602.0909090909091,0.24503968253968253,0.9259672619047619,0.9241071428571429,0.925843253968254,0.9229910714285714,0.9227430555555556,0.9280753968253969,0.9250992063492064,0.9223710317460317,0.9242311507936508
3,ATACseq,3,67040,57589,8394,8141,11,10,8395.0,0.22980700500357398,0.25062537224538417,0.8567599761762954,0.21299916913307848,0.25062537224538417,0.9296009529481835,0.8016568303643943,0.25062537224538417,0.9296009529481835,0.1409755369928401,609.5454545454545,0.25062537224538417,0.9257891602144134,0.9255509231685527,0.923406789755807,0.9222156045265039,0.9251935675997618,0.9296009529481835,0.9243597379392495,0.9242406194163192,0.916617033948779
3,ATACseq,4,52889,44959,6611,6372,11,10,6612.0,0.23460898502495842,0.2453115547489413,0.8566696914700545,0.21481810954597985,0.2453115547489413,0.927555958862674,0.8010916790408623,0.2453115547489413,0.927555958862674,0.14993665979693319,416.3636363636364,0.2453115547489413,0.9228675136116152,0.927555958862674,0.9213551119177253,0.926497277676951,0.9239261947973382,0.9252873563218391,0.9234724742891712,0.926799758015729,0.9236237144585602
3,CTCF,1,34552,21718,4319,3723,11,10,4319.0,0.5084510303310952,0.5278999768464923,0.9115304468626997,0.13483112142349785,0.5278999768464923,0.9597128965038203,0.8766549495884989,0.5278999768464923,0.9597128965038203,0.37144014818244964,481.90909090909093,0.5278999768464923,0.9597128965038203,0.9550821949525353,0.9525353090993286,0.9569344755730493,0.9516091687890715,0.9523037740217642,0.9546191247974068,0.948367677703172,0.9562398703403565
3,CTCF,2,32575,21034,4080,3504,11,10,4081.0,0.4732843137254902,0.48345993629012496,0.9018377848566528,0.14704149190843,0.48345993629012496,0.9558931634403333,0.8638034349869684,0.48345993629012496,0.9558931634403333,0.3542900997697621,386.6363636363636,0.48345993629012496,0.9441313403577555,0.9495221759372703,0.9470717961283999,0.947806910071061,0.9468267581475128,0.9443763783386425,0.9558931634403333,0.9507473658417055,0.9485420240137221
3,CTCF,3,30827,17457,3853,3238,11,10,3854.0,0.5603425901894628,0.596004151530877,0.9237675142708875,0.1151824350311235,0.596004151530877,0.9639335755059678,0.8939708449308864,0.596004151530877,0.9639335755059678,0.4337107081454569,437.0,0.596004151530877,0.9571873378308251,0.9597820446289569,0.9595225739491438,0.9639335755059678,0.9626362221069019,0.9610793980280228,0.9577062791904515,0.9605604566683965,0.9592631032693306
3,CTCF,4,35489,19230,4436,3670,11,10,4437.0,0.6061767357980162,0.6272256028848321,0.9279918864097363,0.10570043574420411,0.6272256028848321,0.9630380887987379,0.9006494969983815,0.6272256028848321,0.9630380887987379,0.45814195948040237,559.1818181818181,0.6272256028848321,0.9556006310570205,0.961911201262114,0.9630380887987379,0.9625873337840883,0.9623619562767636,0.9605589362181655,0.9623619562767636,0.961911201262114,0.9623619562767636
3,EP300,1,3798,3518,475,461,11,10,475.0,0.13894736842105262,0.15368421052631578,0.8341052631578947,0.23936265017962954,0.15368421052631578,0.9284210526315789,0.7722488038277512,0.15368421052631578,0.9284210526315789,0.0737230121116377,10.272727272727273,0.15368421052631578,0.9094736842105263,0.9242105263157895,0.9284210526315789,0.92,0.9031578947368422,0.8926315789473684,0.8989473684210526,0.911578947368421,0.8989473684210526
3,EP300,2,1006,950,126,123,11,10,126.0,0.09523809523809523,0.12698412698412698,0.8333333333333334,0.2500804719173857,0.12698412698412698,0.9603174603174603,0.7691197691197691,0.12698412698412698,0.9603174603174603,0.055666003976143144,0.2727272727272727,0.12698412698412698,0.9126984126984127,0.9603174603174603,0.8888888888888888,0.8968253968253969,0.9126984126984127,0.9603174603174603,0.9047619047619048,0.9126984126984127,0.8571428571428571
3,EP300,3,1464,1386,183,183,11,10,183.0,0.09836065573770492,0.12021857923497267,0.8327868852459017,0.25060204349214965,0.12021857923497267,0.9289617486338798,0.7680079483358171,0.12021857923497267,0.9289617486338798,0.05327868852459016,2.3636363636363638,0.12021857923497267,0.8961748633879781,0.9180327868852459,0.907103825136612,0.9016393442622951,0.9289617486338798,0.9289617486338798,0.907103825136612,0.907103825136612,0.912568306010929
3,EP300,4,2715,2589,339,336,11,10,340.0,0.10029498525073746,0.11470588235294117,0.8405882352941176,0.25531188757769424,0.11470588235294117,0.9352941176470588,0.7745989304812835,0.11470588235294117,0.9352941176470588,0.04640883977900553,4.181818181818182,0.11470588235294117,0.9352941176470588,0.9235294117647059,0.9088235294117647,0.9176470588235294,0.9323529411764706,0.8970588235294118,0.9235294117647059,0.9323529411764706,0.9205882352941176
3,H3K27ac,1,33883,24785,4235,3819,11,10,4236.0,0.38701298701298703,0.3951841359773371,0.8851274787535411,0.17216785795414138,0.3951841359773371,0.9426345609065155,0.8405871748647953,0.3951841359773371,0.9426345609065155,0.2685122332733229,175.9090909090909,0.3951841359773371,0.9414542020774316,0.9336638338054769,0.9390934844192634,0.9412181303116147,0.9376770538243626,0.9412181303116147,0.9407459867799811,0.9383852691218131,0.9426345609065155
3,H3K27ac,2,24404,17736,3051,2765,11,10,3051.0,0.35136020976728943,0.3782366437233694,0.8818747951491315,0.17699797530114791,0.3782366437233694,0.9462471320878401,0.8360895086558805,0.3782366437233694,0.9462471320878401,0.2732338960826094,116.9090909090909,0.3782366437233694,0.9462471320878401,0.9413307112422157,0.9377253359554244,0.9347754834480498,0.9364142903965913,0.9377253359554244,0.9364142903965913,0.9331366764995084,0.9367420517862995
3,H3K27ac,3,24411,16278,3051,2624,11,10,3052.0,0.4162569649295313,0.44692005242463956,0.8971166448230669,0.158226614881497,0.44692005242463956,0.9518348623853211,0.8561896818777552,0.44692005242463956,0.9518348623853211,0.3331694727786654,123.63636363636364,0.44692005242463956,0.9397116644823067,0.9485583224115334,0.9485583224115334,0.9462647444298821,0.9518348623853211,0.9426605504587156,0.9472477064220184,0.9475753604193972,0.9518348623853211
3,H3K27ac,4,35835,23195,4479,3852,11,10,4480.0,0.4614869390488948,0.4823660714285714,0.9014732142857141,0.14729246047568714,0.4823660714285714,0.9529017857142857,0.8633725649350649,0.4823660714285714,0.9529017857142857,0.352727780103251,205.1818181818182,0.4823660714285714,0.9462053571428571,0.9464285714285714,0.9506696428571428,0.9493303571428572,0.9412946428571428,0.9473214285714285,0.9482142857142857,0.95,0.9529017857142857
3,H3K27me3,1,18217,13428,2277,2107,11,10,2278.0,0.35924462011418534,0.3656716417910448,0.8792361720807726,0.180495929347024,0.3656716417910448,0.9416154521510096,0.8325484875089791,0.3656716417910448,0.9416154521510096,0.2628863149805127,68.36363636363636,0.3656716417910448,0.9367866549604916,0.9350307287093942,0.935908691834943,0.9345917471466199,0.9416154521510096,0.9385425812115891,0.9398595258999122,0.9381035996488147,0.926251097453907
3,H3K27me3,2,8827,7799,1103,1081,11,10,1104.0,0.1359927470534905,0.1693840579710145,0.8398550724637681,0.2356963813800794,0.1693840579710145,0.9211956521739131,0.778903162055336,0.1693840579710145,0.9211956521739131,0.11646085872889997,8.636363636363637,0.1693840579710145,0.9012681159420289,0.917572463768116,0.9139492753623188,0.9202898550724637,0.9211956521739131,0.9202898550724637,0.9012681159420289,0.9193840579710145,0.9139492753623188
3,H3K27me3,3,5721,4289,715,646,11,10,716.0,0.365034965034965,0.35614525139664804,0.8817039106145252,0.1848495330282678,0.35614525139664804,0.9511173184357542,0.8339258506856274,0.35614525139664804,0.9511173184357542,0.25030589057857017,18.818181818181817,0.35614525139664804,0.9329608938547486,0.9259776536312849,0.9511173184357542,0.9427374301675978,0.9357541899441341,0.9343575418994413,0.9385474860335196,0.9483240223463687,0.9511173184357542
3,H3K27me3,4,8059,5668,1007,904,11,10,1008.0,0.37835153922542203,0.38293650793650796,0.8818452380952382,0.17548805879161591,0.38293650793650796,0.9503968253968254,0.836489898989899,0.38293650793650796,0.9503968253968254,0.2966869338627621,35.36363636363637,0.38293650793650796,0.9325396825396826,0.939484126984127,0.9345238095238095,0.941468253968254,0.9216269841269841,0.9295634920634921,0.9444444444444444,0.9503968253968254,0.941468253968254
3,H3K36me3,1,19302,13547,2413,2183,11,10,2413.0,0.4053046000828844,0.3995026937422296,0.886738499792789,0.17126808994888268,0.3995026937422296,0.9494405304600083,0.8424443356063744,0.3995026937422296,0.9494405304600083,0.29815563154077296,61.09090909090909,0.3995026937422296,0.9403232490675507,0.9494405304600083,0.9324492333195192,0.9403232490675507,0.9353501864898467,0.9465395772896809,0.9432242022378782,0.9386655615416494,0.9415665147119768
3,H3K36me3,2,9428,7558,1179,1108,11,10,1179.0,0.27056827820186596,0.29770992366412213,0.8670907548770146,0.20013770632294703,0.29770992366412213,0.9431721798134012,0.8153288611303879,0.29770992366412213,0.9431721798134012,0.19834535426389477,22.90909090909091,0.29770992366412213,0.9236641221374046,0.9312977099236641,0.9312977099236641,0.926208651399491,0.9321458863443596,0.9236641221374046,0.9321458863443596,0.9431721798134012,0.9296013570822731
3,H3K36me3,3,11168,8557,1396,1309,11,10,1396.0,0.33954154727793695,0.37106017191977075,0.8790830945558739,0.17854162011454427,0.37106017191977075,0.9391117478510028,0.8328991924980463,0.37106017191977075,0.9391117478510028,0.2337929799426934,25.636363636363637,0.37106017191977075,0.9348137535816619,0.9369627507163324,0.9362464183381088,0.9362464183381088,0.9255014326647565,0.9376790830945558,0.9391117478510028,0.9348137535816619,0.9383954154727794
3,H3K36me3,4,17542,12171,2193,2018,11,10,2193.0,0.40857273141814865,0.40902872777017785,0.8878248974008207,0.16832793068742516,0.40902872777017785,0.9466484268125855,0.844297972888944,0.40902872777017785,0.9466484268125855,0.30617945502223237,60.27272727272727,0.40902872777017785,0.9398084815321477,0.9425444596443229,0.9270405836753306,0.9393524851801186,0.9466484268125855,0.9420884632922937,0.9461924304605563,0.9461924304605563,0.9393524851801186
3,H3K4me1,1,15809,12029,1976,1852,11,10,1977.0,0.33299595141700405,0.3363682346990389,0.8730905412240768,0.18864422819333665,0.3363682346990389,0.9423368740515933,0.8242976042672552,0.3363682346990389,0.9423368740515933,0.23910430767284457,19.454545454545453,0.3363682346990389,0.928679817905918,0.9327263530601922,0.9307030854830551,0.9296914516944866,0.9387961557916035,0.9347496206373292,0.9276681841173495,0.9423368740515933,0.9291856348002023
3,H3K4me1,2,7008,5556,876,822,11,10,876.0,0.2785388127853881,0.295662100456621,0.8672374429223744,0.2009874940625459,0.295662100456621,0.9417808219178082,0.8152760481527607,0.295662100456621,0.9417808219178082,0.2071917808219178,12.272727272727273,0.295662100456621,0.9337899543378996,0.9417808219178082,0.9143835616438356,0.9383561643835616,0.9269406392694064,0.9235159817351598,0.930365296803653,0.930365296803653,0.9372146118721462
3,H3K4me1,3,6166,4667,771,705,11,10,771.0,0.3164721141374838,0.3333333333333333,0.8745784695201039,0.19034509887857554,0.3333333333333333,0.9507133592736705,0.8253743662303973,0.3333333333333333,0.9507133592736705,0.24310736295815763,9.0,0.3333333333333333,0.933852140077821,0.9260700389105059,0.940337224383917,0.9312581063553826,0.9273670557717251,0.9273670557717251,0.9442282749675746,0.9507133592736705,0.9312581063553826
3,H3K4me1,4,11366,8115,1421,1261,11,10,1421.0,0.39268121041520054,0.40464461646727656,0.88881069669247,0.17020629030701634,0.40464461646727656,0.9514426460239268,0.8447955984901797,0.40464461646727656,0.9514426460239268,0.28602850607073727,25.545454545454547,0.40464461646727656,0.944405348346235,0.9394792399718508,0.9310344827586207,0.9479239971850809,0.9429978888106967,0.9408866995073891,0.9451090781140042,0.9514426460239268,0.94018296973962
3,H3K4me3,1,33611,19122,4201,3544,11,10,4202.0,0.5986669840514164,0.6142313184198,0.927201332698715,0.10999316190493184,0.6142313184198,0.9662065683008091,0.8987495132188136,0.6142313184198,0.9662065683008091,0.43107911100532564,477.72727272727275,0.6142313184198,0.9600190385530699,0.9619228938600667,0.9621608757734412,0.9633507853403142,0.9626368396001904,0.957163255592575,0.9662065683008091,0.9638267491670633,0.9604950023798191
3,H3K4me3,2,18316,10793,2290,1931,11,10,2290.0,0.5537117903930131,0.5475982532751091,0.9131004366812228,0.12852580105453962,0.5475982532751091,0.9624454148471616,0.8798729654624851,0.5475982532751091,0.9624454148471616,0.41073378466914173,138.8181818181818,0.5475982532751091,0.9558951965065502,0.9524017467248909,0.9624454148471616,0.9449781659388646,0.9541484716157205,0.9462882096069869,0.9558951965065502,0.9537117903930131,0.9576419213973799
3,H3K4me3,3,33185,19241,4148,3480,11,10,4149.0,0.570877531340405,0.6073752711496746,0.9259339599903592,0.11198206578523379,0.6073752711496746,0.9672210171125573,0.8969740791866606,0.6073752711496746,0.9672210171125573,0.42018984480940186,406.1818181818182,0.6073752711496746,0.9657748855145818,0.9609544468546638,0.9633646661846228,0.9566160520607375,0.9578211617257171,0.9672210171125573,0.9621595565196432,0.9587852494577006,0.9592672933236924
3,H3K4me3,4,33083,16597,4135,3391,11,10,4136.0,0.6580411124546554,0.6900386847195358,0.7625241779497098,0.006442212570299256,0.7504835589941973,0.7715183752417795,0.7559345876560577,0.6900386847195358,0.7715183752417795,0.49832240123326177,513.8181818181819,0.7572533849129593,0.7589458413926499,0.7504835589941973,0.757495164410058,0.7647485493230174,0.7671663442940039,0.7620889748549323,0.7678916827852998,0.7715183752417795,0.7676499032882012
3,H3K9me3,1,27049,19657,3381,3096,11,10,3382.0,0.3797692990239574,0.38645771732702544,0.881992903607333,0.1741719139952584,0.38645771732702544,0.9438202247191011,0.8369442503091232,0.38645771732702544,0.9438202247191011,0.2732818218788125,201.54545454545453,0.38645771732702544,0.9396806623299823,0.9411590774689533,0.9281490242460083,0.9355410999408634,0.9319929036073329,0.9438202247191011,0.9358367829686576,0.9390892962743939,0.9382022471910112
3,H3K9me3,2,16497,12926,2062,1926,11,10,2063.0,0.2987390882638215,0.3073194377120698,0.8687833252544838,0.19731469013922492,0.3073194377120698,0.9365002423654871,0.817741153659719,0.3073194377120698,0.9365002423654871,0.21646359944232285,50.81818181818182,0.3073194377120698,0.9306834706737761,0.9258361609306834,0.9350460494425594,0.9345613184682501,0.924866698982065,0.932622394571013,0.9292292777508483,0.9365002423654871,0.9311682016480853
3,H3K9me3,3,15329,11522,1916,1782,11,10,1917.0,0.34237995824634654,0.35785080855503393,0.8773604590505999,0.18259788239715016,0.35785080855503393,0.9441836202399583,0.8301323090055486,0.35785080855503393,0.9441836202399583,0.24835279535520907,78.81818181818181,0.35785080855503393,0.9441836202399583,0.9394887845592071,0.9337506520605112,0.9285341679707877,0.9353155972874283,0.9358372456964006,0.936358894105373,0.9280125195618153,0.9342723004694836
3,H3K9me3,4,15640,10352,1955,1691,11,10,1955.0,0.4537084398976982,0.4404092071611253,0.892992327365729,0.15915534329534162,0.4404092071611253,0.950383631713555,0.8518484073471285,0.4404092071611253,0.950383631713555,0.3381074168797954,114.36363636363636,0.4404092071611253,0.9396419437340153,0.950383631713555,0.9427109974424552,0.9273657289002557,0.9442455242966752,0.9416879795396419,0.9478260869565217,0.9473145780051151,0.9483375959079284
3,POLR2A,1,11155,9684,1394,1359,11,10,1395.0,0.21305595408895264,0.2114695340501792,0.8475985663082438,0.22357221524069346,0.2114695340501792,0.9254480286738351,0.7897686542847833,0.2114695340501792,0.9254480286738351,0.1318691169878978,51.27272727272727,0.2114695340501792,0.9197132616487456,0.9254480286738351,0.9197132616487456,0.921146953405018,0.9232974910394265,0.9154121863799283,0.9132616487455197,0.9189964157706093,0.9075268817204301
3,POLR2A,2,9547,7830,1193,1149,11,10,1194.0,0.2766135792120704,0.2730318257956449,0.864572864321608,0.20797108168276665,0.2730318257956449,0.9447236180904522,0.8107964062737931,0.2730318257956449,0.9447236180904522,0.17984707237875772,69.54545454545455,0.2730318257956449,0.9212730318257957,0.9447236180904522,0.9262981574539364,0.9262981574539364,0.9371859296482412,0.9296482412060302,0.9338358458961474,0.9212730318257957,0.9321608040201005
3,POLR2A,3,14179,9991,1772,1608,11,10,1773.0,0.3972911963882618,0.4241398759165257,0.891483361534123,0.16423983204115813,0.4241398759165257,0.949238578680203,0.8489975901143413,0.4241398759165257,0.949238578680203,0.2953663869102193,135.36363636363637,0.4241398759165257,0.9447264523406655,0.9424703891708968,0.9441624365482234,0.9368302312464749,0.9435984207557812,0.9441624365482234,0.949238578680203,0.9402143260011281,0.9452904681331077
3,POLR2A,4,13782,10111,1723,1610,11,10,1723.0,0.3418456181079512,0.3993035403366222,0.8874056877539175,0.17154178721977667,0.3993035403366222,0.9483459082994776,0.8430327652614362,0.3993035403366222,0.9483459082994776,0.26636192134668407,106.81818181818181,0.3993035403366222,0.9442832269297736,0.938479396401625,0.9483459082994776,0.934997098084736,0.9413813116656994,0.9408009286128846,0.9402205455600696,0.9454439930354034,0.9408009286128846
3,POLR2AphosphoS5,1,12822,11229,1603,1564,11,10,1603.0,0.1915159076731129,0.21397379912663755,0.8515283842794759,0.224071189662765,0.21397379912663755,0.9307548346849657,0.7935688765383088,0.21397379912663755,0.9307548346849657,0.1242395882077679,59.09090909090909,0.21397379912663755,0.9201497192763568,0.9307548346849657,0.9220212102308172,0.9201497192763568,0.924516531503431,0.9151590767311292,0.9251403618215845,0.9151590767311292,0.9282595134123518
3,POLR2AphosphoS5,2,3315,3109,414,413,11,10,415.0,0.08454106280193237,0.10361445783132531,0.8303614457831324,0.2555964141828164,0.10361445783132531,0.9325301204819277,0.7642935377875136,0.10361445783132531,0.9325301204819277,0.062141779788838614,2.1818181818181817,0.10361445783132531,0.908433734939759,0.9036144578313253,0.9036144578313253,0.9325301204819277,0.9012048192771084,0.9253012048192771,0.9012048192771084,0.9036144578313253,0.9204819277108434
3,POLR2AphosphoS5,3,12424,10795,1553,1515,11,10,1553.0,0.19253058596265293,0.22021893110109467,0.854539600772698,0.22290507764670803,0.22021893110109467,0.9330328396651641,0.7968740853480067,0.22021893110109467,0.9330328396651641,0.13111719253058596,35.72727272727273,0.22021893110109467,0.9259497746297489,0.9253058596265293,0.9220862846104314,0.9207984546039922,0.9240180296200902,0.9220862846104314,0.9240180296200902,0.9330328396651641,0.9278815196394076
3,POLR2AphosphoS5,4,13948,11683,1744,1674,11,10,1744.0,0.2586009174311927,0.2889908256880734,0.8639908256880734,0.20209294210404166,0.2889908256880734,0.9386467889908257,0.8117180984153461,0.2889908256880734,0.9386467889908257,0.1623888729566963,82.81818181818181,0.2889908256880734,0.9386467889908257,0.9260321100917431,0.9220183486238532,0.9294724770642202,0.9208715596330275,0.9277522935779816,0.9277522935779816,0.9306192660550459,0.9277522935779816
3,RNAseq,1,48144,34364,6018,5484,11,10,6018.0,0.39980059820538383,0.4336989032901296,0.8930707876370887,0.16141992333276417,0.4336989032901296,0.9474908607510801,0.8513097072419107,0.4336989032901296,0.9474908607510801,0.28622465935526753,362.72727272727275,0.4336989032901296,0.9441674975074775,0.9451645064805583,0.9444998338318378,0.9474908607510801,0.9405117979395148,0.9425058158856763,0.9436689930209372,0.9423396477234962,0.9466600199401795
3,RNAseq,2,29489,21664,3686,3351,11,10,3687.0,0.3708627238198589,0.37618660157309464,0.8828586927040956,0.17806769624524402,0.37618660157309464,0.9471114727420668,0.8367975935103682,0.37618660157309464,0.9471114727420668,0.265353182542643,181.9090909090909,0.37618660157309464,0.934092758340114,0.9354488744236507,0.9416870084079197,0.9387035530241389,0.9381611065907242,0.9354488744236507,0.9471114727420668,0.9419582316246271,0.9397884458909682
3,RNAseq,3,32208,21320,4026,3527,11,10,4026.0,0.470193740685544,0.4858420268256334,0.9019374068554397,0.14625909627093825,0.4858420268256334,0.9560357675111774,0.8641105541254572,0.4858420268256334,0.9560357675111774,0.3380526577247889,314.6363636363636,0.4858420268256334,0.9448584202682563,0.9470938897168405,0.9523099850968704,0.9500745156482862,0.9490809736711376,0.9421261798310978,0.9436164927968207,0.9483358171882762,0.9560357675111774
3,RNAseq,4,49544,28948,6193,5221,11,10,6193.0,0.5473922170192153,0.5745196189245922,0.9179073147101565,0.12068427859484529,0.5745196189245922,0.9623768771193283,0.8866902514569236,0.5745196189245922,0.9623768771193283,0.4157112869368642,477.54545454545456,0.5745196189245922,0.9623768771193283,0.9559179719037623,0.9560794445341515,0.9541417729694817,0.9560794445341515,0.9522041014048119,0.9565638624253189,0.9538188277087034,0.9573712255772646
4,ATACseq,1,27611,25263,3451,3397,11,10,3452.0,0.14662416690814256,0.14860950173812282,0.8374275782155273,0.24204965549145097,0.14860950173812282,0.9177288528389339,0.7748077530812179,0.14860950173812282,0.9177288528389339,0.08503857158378907,86.0909090909091,0.14860950173812282,0.9154113557358053,0.9159907300115875,0.9139629200463499,0.9159907300115875,0.9064310544611819,0.9177288528389339,0.9168597914252608,0.9128041714947857,0.910486674391657
4,ATACseq,2,64507,55403,8063,7833,11,10,8064.0,0.22634255239985118,0.23883928571428573,0.855220734126984,0.21659498535417893,0.23883928571428573,0.9286954365079365,0.7991860569985569,0.23883928571428573,0.9286954365079365,0.1411319701737796,603.6363636363636,0.23883928571428573,0.9249751984126984,0.9210069444444444,0.9237351190476191,0.9191468253968254,0.9286954365079365,0.925843253968254,0.9232390873015873,0.9265873015873016,0.9201388888888888
4,ATACseq,3,67155,57582,8394,8139,11,10,8395.0,0.22337383845604003,0.24240619416319237,0.8579749851101847,0.21629245217157186,0.24240619416319237,0.9285288862418106,0.8020141859331852,0.24240619416319237,0.9285288862418106,0.142550815278088,608.7272727272727,0.24240619416319237,0.9260273972602739,0.9267421083978559,0.9278141751042287,0.9273377010125075,0.9259082787373436,0.9248362120309708,0.9247170935080405,0.9285288862418106,0.9254318046456224
4,ATACseq,4,52889,44939,6611,6348,11,10,6612.0,0.23128119800332778,0.2471264367816092,0.8581367211131277,0.21469494858591268,0.2471264367816092,0.9284633998790078,0.8025903316284442,0.2471264367816092,0.9284633998790078,0.15031481026300364,428.27272727272725,0.2471264367816092,0.9280096793708409,0.9243799153055051,0.92664851784634,0.926497277676951,0.9284633998790078,0.9225650332728372,0.926950998185118,0.92664851784634,0.9240774349667271
4,CTCF,1,34552,21646,4319,3776,11,10,4319.0,0.511924056494559,0.5346144940958555,0.9113683723084047,0.132423167565914,0.5346144940958555,0.9594813614262561,0.8771180197436276,0.5346144940958555,0.9594813614262561,0.3735239638805279,494.54545454545456,0.5346144940958555,0.9536929844871498,0.9578606158833063,0.9518407038666358,0.9504514934012502,0.9506830284788146,0.9594813614262561,0.9506830284788146,0.9555452651076638,0.9488307478583006
4,CTCF,2,32643,21065,4080,3567,11,10,4081.0,0.4612745098039216,0.48076451850036755,0.9008576329331047,0.14763764631207668,0.48076451850036755,0.9536878216123499,0.8626673498028559,0.48076451850036755,0.9536878216123499,0.3546855374812364,388.27272727272725,0.48076451850036755,0.9441313403577555,0.9465817201666258,0.9463366821857387,0.947806910071061,0.9485420240137221,0.9431511884342073,0.9465817201666258,0.9509924038225925,0.9536878216123499
4,CTCF,3,30827,17344,3853,3189,11,10,3854.0,0.5759148715286789,0.580176440062273,0.9206538661131292,0.1196877743788734,0.580176440062273,0.965490399584847,0.8897013728357787,0.580176440062273,0.965490399584847,0.43737632594803255,445.09090909090907,0.580176440062273,0.9543331603528801,0.965490399584847,0.9603009859885833,0.9532952776336274,0.9564089257913856,0.9579657498702646,0.9621172807472755,0.9600415153087701,0.9564089257913856
4,CTCF,4,35489,19299,4436,3685,11,10,4437.0,0.6192515779981965,0.626324092855533,0.9286680189317107,0.10625397558114487,0.626324092855533,0.9657426188866352,0.9011822074702398,0.626324092855533,0.9657426188866352,0.4561976950604413,565.1818181818181,0.626324092855533,0.961009691232815,0.9612350687401398,0.9585305386522425,0.961911201262114,0.9630380887987379,0.964841108857336,0.9605589362181655,0.9634888438133874,0.9657426188866352
4,EP300,1,3798,3512,475,465,11,10,475.0,0.13473684210526315,0.14526315789473684,0.8374736842105263,0.24361451771394335,0.14526315789473684,0.9368421052631579,0.7745454545454545,0.14526315789473684,0.9368421052631579,0.07530279094260137,8.363636363636363,0.14526315789473684,0.8968421052631579,0.9157894736842105,0.9242105263157895,0.9326315789473684,0.9031578947368422,0.9010526315789473,0.9010526315789473,0.9368421052631579,0.9178947368421052
4,EP300,2,1006,943,126,125,11,10,126.0,0.1111111111111111,0.0873015873015873,0.8238095238095239,0.25952367468673854,0.0873015873015873,0.9444444444444444,0.7568542568542569,0.0873015873015873,0.9444444444444444,0.06262425447316103,0.2727272727272727,0.0873015873015873,0.8968253968253969,0.9126984126984127,0.8809523809523809,0.9206349206349206,0.8809523809523809,0.9444444444444444,0.8968253968253969,0.9206349206349206,0.8968253968253969
4,EP300,3,1464,1384,183,181,11,10,183.0,0.07103825136612021,0.13114754098360656,0.8360655737704917,0.24815134959455593,0.13114754098360656,0.9398907103825137,0.7719821162444113,0.13114754098360656,0.9398907103825137,0.0546448087431694,0.9090909090909091,0.13114754098360656,0.907103825136612,0.8907103825136612,0.9180327868852459,0.9344262295081968,0.9180327868852459,0.8961748633879781,0.907103825136612,0.9180327868852459,0.9398907103825137
4,EP300,4,2715,2591,339,338,11,10,340.0,0.10619469026548672,0.11176470588235295,0.8300000000000001,0.2524992339187696,0.11176470588235295,0.9235294117647059,0.7647058823529412,0.11176470588235295,0.9235294117647059,0.04567219152854512,4.363636363636363,0.11176470588235295,0.9235294117647059,0.9088235294117647,0.9176470588235294,0.9058823529411765,0.8941176470588236,0.9029411764705882,0.9088235294117647,0.9176470588235294,0.9088235294117647
4,H3K27ac,1,33883,24678,4235,3844,11,10,4236.0,0.36977567886658796,0.3902266288951841,0.8855524079320114,0.17405944820039676,0.3902266288951841,0.9440509915014165,0.8405227916559362,0.3902266288951841,0.9440509915014165,0.2716701590768232,185.0,0.3902266288951841,0.9416902738432483,0.9440509915014165,0.9381491973559962,0.9369688385269122,0.937204910292729,0.943342776203966,0.9388574126534467,0.9423984891406988,0.9426345609065155
4,H3K27ac,2,24404,17836,3051,2772,11,10,3051.0,0.3664372336938709,0.37987545067191086,0.8803343166175024,0.1758636919042238,0.37987545067191086,0.9403474270730908,0.834838056076994,0.37987545067191086,0.9403474270730908,0.26913620717915093,107.54545454545455,0.37987545067191086,0.9373975745657162,0.9301868239921337,0.9364142903965913,0.9351032448377581,0.938380858734841,0.9360865290068829,0.9403474270730908,0.9344477220583415,0.9351032448377581
4,H3K27ac,3,24411,16389,3051,2597,11,10,3052.0,0.4444444444444444,0.45150720838794234,0.894954128440367,0.15585084721332984,0.45150720838794234,0.9492136304062909,0.8546407720719649,0.45150720838794234,0.9492136304062909,0.32862234238662896,112.81818181818181,0.45150720838794234,0.9361074705111402,0.9429882044560943,0.9446264744429882,0.9492136304062909,0.9459370904325033,0.9446264744429882,0.9479030144167759,0.9433158584534731,0.9433158584534731
4,H3K27ac,4,35835,23195,4479,3869,11,10,4480.0,0.46014735432016074,0.47946428571428573,0.8996205357142857,0.14764983575403337,0.47946428571428573,0.9513392857142857,0.8614245129870131,0.47946428571428573,0.9513392857142857,0.352727780103251,201.27272727272728,0.47946428571428573,0.9439732142857142,0.9493303571428572,0.9513392857142857,0.9459821428571429,0.9446428571428571,0.9433035714285715,0.9462053571428571,0.9441964285714286,0.9477678571428572
4,H3K27me3,1,18217,13453,2277,2105,11,10,2278.0,0.357487922705314,0.38191395961369623,0.8843283582089553,0.17654801182117774,0.38191395961369623,0.9424934152765584,0.8386543219730225,0.38191395961369623,0.9424934152765584,0.2615139704671461,67.72727272727273,0.38191395961369623,0.9398595258999122,0.9398595258999122,0.9416154521510096,0.9424934152765584,0.9394205443371378,0.940737489025461,0.9337137840210711,0.9416154521510096,0.9420544337137841
4,H3K27me3,2,8827,7815,1103,1080,11,10,1104.0,0.1586582048957389,0.16485507246376813,0.840036231884058,0.23728050052310048,0.16485507246376813,0.9248188405797102,0.7786561264822134,0.16485507246376813,0.9248188405797102,0.11464823835957856,13.818181818181818,0.16485507246376813,0.9248188405797102,0.9094202898550725,0.9166666666666666,0.9103260869565217,0.9121376811594203,0.9148550724637681,0.9166666666666666,0.9193840579710145,0.9112318840579711
4,H3K27me3,3,5721,4304,715,657,11,10,716.0,0.3678321678321678,0.3729050279329609,0.8811452513966481,0.17876058367292563,0.3729050279329609,0.952513966480447,0.834941594718131,0.3729050279329609,0.952513966480447,0.24768397133368292,19.09090909090909,0.3729050279329609,0.952513966480447,0.9483240223463687,0.9343575418994413,0.9343575418994413,0.9399441340782123,0.9357541899441341,0.9231843575418994,0.9357541899441341,0.9343575418994413
4,H3K27me3,4,8059,5679,1007,905,11,10,1008.0,0.3853028798411122,0.38095238095238093,0.8850198412698413,0.17729028597344498,0.38095238095238093,0.9533730158730159,0.8391955266955266,0.38095238095238093,0.9533730158730159,0.29532200024816974,34.0,0.38095238095238093,0.9365079365079365,0.9384920634920635,0.9464285714285714,0.9444444444444444,0.9265873015873016,0.941468253968254,0.9494047619047619,0.9325396825396826,0.9533730158730159
4,H3K36me3,1,19302,13589,2413,2194,11,10,2413.0,0.4073767094902611,0.4152507252382926,0.8886862826357232,0.16639865128067824,0.4152507252382926,0.9469539991711562,0.8456466865086841,0.4152507252382926,0.9469539991711562,0.2959796912237074,57.90909090909091,0.4152507252382926,0.9415665147119768,0.935764608371322,0.9465395772896809,0.9432242022378782,0.9469539991711562,0.9419809365934522,0.935764608371322,0.9365934521342727,0.9432242022378782
4,H3K36me3,2,9428,7556,1179,1121,11,10,1179.0,0.273960983884648,0.30788804071246817,0.8676844783715012,0.19683744629508743,0.30788804071246817,0.9448685326547922,0.8167938931297711,0.30788804071246817,0.9448685326547922,0.1985574883326262,22.636363636363637,0.30788804071246817,0.9296013570822731,0.9304495335029687,0.9406276505513147,0.926208651399491,0.9270568278201866,0.9245122985581001,0.9194232400339271,0.9448685326547922,0.926208651399491
4,H3K36me3,3,11168,8515,1396,1285,11,10,1396.0,0.3502865329512894,0.3202005730659026,0.8678366762177652,0.19249025304269504,0.3202005730659026,0.9412607449856734,0.8180515759312321,0.3202005730659026,0.9412607449856734,0.23755372492836677,16.272727272727273,0.3202005730659026,0.9283667621776505,0.9283667621776505,0.923352435530086,0.9290830945558739,0.9412607449856734,0.9283667621776505,0.9283667621776505,0.9297994269340975,0.9212034383954155
4,H3K36me3,4,17542,12210,2193,2014,11,10,2193.0,0.4076607387140903,0.42270861833105333,0.8891472868217054,0.16395610075331746,0.42270861833105333,0.9512083903328773,0.8467437715043733,0.42270861833105333,0.9512083903328773,0.3039562193592521,56.18181818181818,0.42270861833105333,0.937984496124031,0.9461924304605563,0.9402644778841769,0.9352485180118559,0.9416324669402645,0.9407204742362061,0.9512083903328773,0.9375284997720018,0.937984496124031
4,H3K4me1,1,15809,12068,1976,1845,11,10,1977.0,0.3319838056680162,0.3616590794132524,0.8794638340920586,0.18202804056665917,0.3616590794132524,0.9458775923115832,0.8323906745758035,0.3616590794132524,0.9458775923115832,0.23663735846669617,22.818181818181817,0.3616590794132524,0.9367728882144664,0.9291856348002023,0.9317147192716236,0.9377845220030349,0.9367728882144664,0.9448659585230147,0.9458775923115832,0.9296914516944866,0.9403136064744563
4,H3K4me1,2,7008,5590,876,832,11,10,876.0,0.2842465753424658,0.3036529680365297,0.8728310502283104,0.20027890961045838,0.3036529680365297,0.9509132420091324,0.8210875882108759,0.3036529680365297,0.9509132420091324,0.20234018264840184,7.090909090909091,0.3036529680365297,0.9417808219178082,0.9440639269406392,0.9200913242009132,0.9429223744292238,0.9155251141552512,0.9372146118721462,0.934931506849315,0.9372146118721462,0.9509132420091324
4,H3K4me1,3,6166,4665,771,717,11,10,771.0,0.3035019455252918,0.33073929961089493,0.8739299610894943,0.19100556872879498,0.33073929961089493,0.9494163424124513,0.824548991864167,0.33073929961089493,0.9494163424124513,0.243431722348362,7.454545454545454,0.33073929961089493,0.9234760051880675,0.9325551232166018,0.9416342412451362,0.9286640726329443,0.9299610894941635,0.9312581063553826,0.9494163424124513,0.9312581063553826,0.940337224383917
4,H3K4me1,4,11366,8067,1421,1302,11,10,1421.0,0.3701618578465869,0.41379310344827586,0.8841660802251935,0.1653111670835291,0.41379310344827586,0.9437016185784659,0.841404900518201,0.41379310344827586,0.9437016185784659,0.2902516276614464,28.636363636363637,0.41379310344827586,0.9352568613652358,0.9345531315974666,0.9310344827586207,0.9352568613652358,0.9359605911330049,0.9373680506685432,0.9437016185784659,0.9408866995073891,0.9338494018296974
4,H3K4me3,1,33611,19011,4201,3587,11,10,4202.0,0.5931920971197334,0.6342217991432652,0.9310804378867206,0.10432727060467448,0.6342217991432652,0.9678724416944312,0.9040932889100429,0.6342217991432652,0.9678724416944312,0.4343816012614918,487.1818181818182,0.6342217991432652,0.9635887672536887,0.9647786768205616,0.9626368396001904,0.9671584959543075,0.9635887672536887,0.9640647310804379,0.961684911946692,0.9678724416944312,0.9612089481199428
4,H3K4me3,2,18316,10801,2290,1922,11,10,2290.0,0.5493449781659389,0.5628820960698689,0.9164628820960699,0.12428984617483714,0.5628820960698689,0.9615720524017467,0.8843191742755061,0.5628820960698689,0.9615720524017467,0.4102970080803669,143.72727272727272,0.5628820960698689,0.9554585152838428,0.9593886462882096,0.9506550218340611,0.9506550218340611,0.9576419213973799,0.9615720524017467,0.9572052401746725,0.9572052401746725,0.9519650655021834
4,H3K4me3,3,33185,19172,4148,3482,11,10,4149.0,0.5749758919961427,0.5955651964328754,0.9226801638949145,0.11496455940889418,0.5955651964328754,0.9633646661846228,0.8929424395801835,0.5955651964328754,0.9633646661846228,0.4222690974838029,394.72727272727275,0.5955651964328754,0.9561340081947457,0.9558929862617498,0.9566160520607375,0.9578211617257171,0.9621595565196432,0.9599903591226802,0.9607134249216679,0.9585442275247047,0.9633646661846228
4,H3K4me3,4,33083,16559,4135,3371,11,10,4136.0,0.6621523579201934,0.6832688588007737,0.9411508704061896,0.09064873367948939,0.6832688588007737,0.9738878143133463,0.9177070511693337,0.6832688588007737,0.9738878143133463,0.49947102741589333,424.09090909090907,0.6832688588007737,0.96784332688588,0.9705029013539652,0.9668762088974855,0.972678916827853,0.9671179883945842,0.96784332688588,0.9738878143133463,0.9683268858800773,0.9731624758220503
4,H3K9me3,1,27049,19708,3381,3106,11,10,3382.0,0.3821354628808045,0.38586635127143704,0.8825547013601419,0.1745526771548885,0.38586635127143704,0.9441159077468954,0.8374012149884414,0.38586635127143704,0.9441159077468954,0.2713963547635772,193.0,0.38586635127143704,0.9420461265523359,0.9396806623299823,0.9355410999408634,0.9373151981076286,0.9441159077468954,0.9337670017740982,0.9340626848018924,0.9384979302188055,0.9346540508574808
4,H3K9me3,2,16497,12924,2062,1920,11,10,2063.0,0.3079534432589719,0.3048957828405235,0.8650993698497335,0.19695460493105338,0.3048957828405235,0.9365002423654871,0.8141717710307144,0.3048957828405235,0.9365002423654871,0.2165848336061102,57.81818181818182,0.3048957828405235,0.9185651963160446,0.917595734367426,0.9292292777508483,0.9195346582646631,0.9365002423654871,0.9321376635967038,0.9272903538536112,0.9292292777508483,0.9360155113911779
4,H3K9me3,3,15329,11493,1916,1769,11,10,1917.0,0.33611691022964507,0.35837245696400627,0.8777256129368805,0.1825946948835048,0.35837245696400627,0.9441836202399583,0.8305116896666193,0.35837245696400627,0.9441836202399583,0.2502446343531868,89.0,0.35837245696400627,0.9311424100156495,0.9342723004694836,0.9368805425143454,0.9400104329681794,0.9441836202399583,0.9394887845592071,0.9207094418362024,0.9332290036515388,0.9389671361502347
4,H3K9me3,4,15640,10298,1955,1728,11,10,1955.0,0.4332480818414322,0.4542199488491049,0.8953964194373402,0.15505936382393207,0.4542199488491049,0.9534526854219949,0.8552894675656826,0.4542199488491049,0.9534526854219949,0.3415601023017903,117.45454545454545,0.4542199488491049,0.9468030690537085,0.9421994884910486,0.9411764705882353,0.9427109974424552,0.9468030690537085,0.9427109974424552,0.9427109974424552,0.9534526854219949,0.9411764705882353
4,POLR2A,1,11155,9723,1394,1359,11,10,1395.0,0.1958393113342898,0.2172043010752688,0.8526164874551971,0.22336704890277184,0.2172043010752688,0.9326164874551971,0.79485174323884,0.2172043010752688,0.9326164874551971,0.12837292693859256,49.0,0.2172043010752688,0.9232974910394265,0.9254480286738351,0.9218637992831541,0.9168458781362007,0.9311827956989247,0.9326164874551971,0.921146953405018,0.9275985663082438,0.9089605734767026
4,POLR2A,2,9547,7847,1193,1143,11,10,1194.0,0.28499580888516346,0.28726968174204354,0.8652428810720268,0.2031480654309139,0.28726968174204354,0.9355108877721943,0.8126998629511192,0.28726968174204354,0.9355108877721943,0.17806640829579973,59.63636363636363,0.28726968174204354,0.9212730318257957,0.9338358458961474,0.931323283082077,0.9346733668341709,0.9355108877721943,0.9221105527638191,0.9338358458961474,0.9279731993299832,0.9246231155778895
4,POLR2A,3,14179,9982,1772,1586,11,10,1773.0,0.4068848758465011,0.39593908629441626,0.8819514946418499,0.17078414131299383,0.39593908629441626,0.9402143260011281,0.837768548428447,0.39593908629441626,0.9402143260011281,0.2960011284293674,122.18181818181819,0.39593908629441626,0.9317540891144952,0.9357021996615905,0.9368302312464749,0.9351381838691484,0.9390862944162437,0.9357021996615905,0.9351381838691484,0.9402143260011281,0.934010152284264
4,POLR2A,4,13782,10093,1723,1586,11,10,1723.0,0.3708647707486941,0.3865351131746953,0.8836912362159026,0.17472951008176768,0.3865351131746953,0.9448636099825886,0.8384952250303381,0.3865351131746953,0.9448636099825886,0.267667972718038,105.27272727272727,0.3865351131746953,0.943122460824144,0.9326755658734764,0.9448636099825886,0.938479396401625,0.9367382472431804,0.9338363319791062,0.9367382472431804,0.942542077771329,0.9413813116656994
4,POLR2AphosphoS5,1,12822,11251,1603,1566,11,10,1603.0,0.2114784778540237,0.2152214597629445,0.8502807236431691,0.22320284966722773,0.2152214597629445,0.9295071740486588,0.7925480632904214,0.2152214597629445,0.9295071740486588,0.12252378724068008,62.72727272727273,0.2152214597629445,0.9201497192763568,0.9295071740486588,0.925764192139738,0.9157829070492826,0.9232688708671242,0.9114160948222083,0.9151590767311292,0.9232688708671242,0.9232688708671242
4,POLR2AphosphoS5,2,3315,3117,414,409,11,10,415.0,0.11352657004830918,0.11566265060240964,0.8330120481927711,0.25235217066318,0.11566265060240964,0.9373493975903614,0.7677984665936474,0.11566265060240964,0.9373493975903614,0.05972850678733032,3.909090909090909,0.11566265060240964,0.9228915662650602,0.9108433734939759,0.9373493975903614,0.9060240963855422,0.9132530120481928,0.9108433734939759,0.8939759036144578,0.9204819277108434,0.8987951807228916
4,POLR2AphosphoS5,3,12424,10794,1553,1504,11,10,1553.0,0.2041210560206053,0.22086284610431423,0.8509980682549904,0.22144564730608948,0.22086284610431423,0.9278815196394076,0.7937130480594743,0.22086284610431423,0.9278815196394076,0.1311976819059884,38.90909090909091,0.22086284610431423,0.9195106245975532,0.9278815196394076,0.9278815196394076,0.9220862846104314,0.918222794591114,0.9175788795878944,0.9201545396007726,0.9207984546039922,0.9150032195750161
4,POLR2AphosphoS5,4,13948,11671,1744,1685,11,10,1744.0,0.24541284403669725,0.3038990825688073,0.8663990825688075,0.19767894772808836,0.3038990825688073,0.9369266055045872,0.8152627189324437,0.3038990825688073,0.9369266055045872,0.1632492113564669,82.18181818181819,0.3038990825688073,0.9317660550458715,0.9231651376146789,0.9306192660550459,0.9271788990825688,0.926605504587156,0.9306192660550459,0.9369266055045872,0.926605504587156,0.926605504587156
4,RNAseq,1,48144,34360,6018,5475,11,10,6018.0,0.402625456962446,0.4204054503157195,0.8891326021934198,0.1647200442605855,0.4204054503157195,0.9461615154536391,0.8465210429318106,0.4204054503157195,0.9461615154536391,0.2863077434363576,361.09090909090907,0.4204054503157195,0.9440013293452975,0.9390162844798936,0.9413426387504155,0.936856098371552,0.9461615154536391,0.9428381522100365,0.939514788966434,0.943336656696577,0.9378531073446328
4,RNAseq,2,29489,21708,3686,3360,11,10,3687.0,0.37303309820944114,0.39137510170870626,0.8857336588011935,0.17377092027966246,0.39137510170870626,0.9514510442093843,0.8407919717927856,0.39137510170870626,0.9514510442093843,0.263861100749432,184.54545454545453,0.39137510170870626,0.9427719012747491,0.9389747762408462,0.9313805261730405,0.9397884458909682,0.9387035530241389,0.9406021155410903,0.9392459994575536,0.9430431244914564,0.9514510442093843
4,RNAseq,3,32208,21207,4026,3555,11,10,4026.0,0.4600099354197715,0.4798807749627422,0.9003974167908593,0.14777269316745628,0.4798807749627422,0.9510680576254347,0.8621686311701214,0.4798807749627422,0.9510680576254347,0.34156110283159463,331.1818181818182,0.4798807749627422,0.9478390461997019,0.9510680576254347,0.9508196721311475,0.9451068057625435,0.946100347739692,0.9456035767511177,0.9463487332339792,0.9438648782911078,0.9473422752111277
4,RNAseq,4,49544,28873,6193,5247,11,10,6193.0,0.546100435976102,0.5624091716454062,0.9179557564992734,0.1249718057782871,0.5624091716454062,0.9636686581624415,0.8856333396943762,0.5624091716454062,0.9636686581624415,0.41722509284676246,487.3636363636364,0.5624091716454062,0.9533344098175359,0.95446471823026,0.9596318424027127,0.9570482803164864,0.9636686581624415,0.9585015339899887,0.9523655740352011,0.9596318424027127,0.9585015339899887
5,ATACseq,1,27611,25310,3451,3398,11,10,3452.0,0.14430599826137352,0.15382387022016222,0.8393684820393975,0.24089374978974887,0.15382387022016222,0.9203360370799536,0.7770462446012852,0.15382387022016222,0.9203360370799536,0.0833363514541306,91.81818181818181,0.15382387022016222,0.9174391657010429,0.9107763615295481,0.9168597914252608,0.9142526071842411,0.9133835457705678,0.9171494785631518,0.9177288528389339,0.9119351100811124,0.9203360370799536
5,ATACseq,2,64507,55494,8063,7812,11,10,8064.0,0.23601637107776263,0.24553571428571427,0.8574528769841271,0.21501814627633248,0.24553571428571427,0.9295634920634921,0.8018240440115441,0.24553571428571427,0.9295634920634921,0.1397212705597842,594.1818181818181,0.24553571428571427,0.9274553571428571,0.9260912698412699,0.9269593253968254,0.9223710317460317,0.9295634920634921,0.9246031746031746,0.9222470238095238,0.9260912698412699,0.9236111111111112
5,ATACseq,3,67155,57590,8394,8137,11,10,8395.0,0.23099833214200619,0.24919594997022038,0.8574032162001192,0.21371796923788555,0.24919594997022038,0.928648004764741,0.8021116465428556,0.24919594997022038,0.928648004764741,0.14243168788623334,612.4545454545455,0.24919594997022038,0.9268612269207862,0.9212626563430614,0.923406789755807,0.927933293627159,0.9243597379392495,0.928648004764741,0.9244788564621799,0.9267421083978559,0.921143537820131
5,ATACseq,4,52889,44882,6611,6376,11,10,6612.0,0.2338526697927696,0.2425892316999395,0.8563369630973987,0.21565900025268744,0.2425892316999395,0.926950998185118,0.8005417147885389,0.2425892316999395,0.926950998185118,0.15139253909130443,418.3636363636364,0.2425892316999395,0.9245311554748942,0.9248336358136721,0.9239261947973382,0.9196914700544465,0.92664851784634,0.9230187537810043,0.925892316999395,0.9252873563218391,0.926950998185118
5,CTCF,1,34552,21726,4319,3784,11,10,4319.0,0.5026626533919889,0.5228062051400787,0.9081268812225052,0.13540800924989016,0.5228062051400787,0.9564714054179209,0.8730977288513754,0.5228062051400787,0.9564714054179209,0.3712086131048854,477.54545454545456,0.5228062051400787,0.9516091687890715,0.9495253530909933,0.9481361426256077,0.9490622829358648,0.9520722389442,0.9518407038666358,0.9495253530909933,0.9564714054179209,0.950219958323686
5,CTCF,2,32643,21073,4080,3570,11,10,4081.0,0.47524509803921566,0.49914236706689535,0.9052193089928939,0.1427156774457456,0.49914236706689535,0.9554030874785592,0.8683032233632577,0.49914236706689535,0.9554030874785592,0.3544404619673437,385.3636363636364,0.49914236706689535,0.9512374418034796,0.9554030874785592,0.9451114922813036,0.9514824797843666,0.9490320999754962,0.9514824797843666,0.9468267581475128,0.954177897574124,0.9482969860328351
5,CTCF,3,30827,17447,3853,3195,11,10,3854.0,0.5774720996626006,0.610275038920602,0.9247535028541776,0.11056401250095889,0.610275038920602,0.9680851063829787,0.8961645515874889,0.610275038920602,0.9680851063829787,0.43403509910143706,426.27272727272725,0.610275038920602,0.9626362221069019,0.9577062791904515,0.9548521017125065,0.9558899844317592,0.9587441619097042,0.9615983393876492,0.9608199273482096,0.9680851063829787,0.956927867151012
5,CTCF,4,35489,19124,4436,3702,11,10,4437.0,0.6086564472497745,0.620464277665089,0.9279017354068063,0.10804539353363898,0.620464277665089,0.9659679963939599,0.8999528756121048,0.620464277665089,0.9659679963939599,0.4611288004733861,577.4545454545455,0.620464277665089,0.9612350687401398,0.9594320486815415,0.9621365787694388,0.961009691232815,0.961009691232815,0.9659679963939599,0.9655172413793104,0.9594320486815415,0.9628127112914131
5,EP300,1,3798,3517,475,466,11,10,475.0,0.14105263157894737,0.13052631578947368,0.8370526315789473,0.248480912601677,0.13052631578947368,0.9326315789473684,0.772822966507177,0.13052631578947368,0.9326315789473684,0.07398630858346499,8.272727272727273,0.13052631578947368,0.9031578947368422,0.9326315789473684,0.8989473684210526,0.9263157894736842,0.92,0.9052631578947369,0.911578947368421,0.92,0.9221052631578948
5,EP300,2,1006,947,126,126,11,10,126.0,0.07936507936507936,0.11904761904761904,0.8325396825396826,0.25148838874783286,0.11904761904761904,0.9603174603174603,0.7676767676767677,0.11904761904761904,0.9603174603174603,0.05864811133200795,0.18181818181818182,0.11904761904761904,0.9047619047619048,0.9603174603174603,0.8968253968253969,0.8888888888888888,0.9126984126984127,0.9285714285714286,0.9047619047619048,0.9047619047619048,0.9047619047619048
5,EP300,3,1464,1388,183,182,11,10,183.0,0.09289617486338798,0.10382513661202186,0.8196721311475409,0.2523015250356277,0.10382513661202186,0.9234972677595629,0.7545951316443119,0.10382513661202186,0.9234972677595629,0.05191256830601093,0.8181818181818182,0.10382513661202186,0.8579234972677595,0.9180327868852459,0.9016393442622951,0.8743169398907104,0.9234972677595629,0.907103825136612,0.912568306010929,0.9016393442622951,0.8961748633879781
5,EP300,4,2715,2581,339,335,11,10,340.0,0.07079646017699115,0.1,0.8197058823529412,0.25348797107594656,0.1,0.9323529411764706,0.7542780748663102,0.1,0.9323529411764706,0.04935543278084715,2.8181818181818183,0.1,0.9029411764705882,0.8911764705882353,0.8823529411764706,0.9205882352941176,0.8823529411764706,0.9029411764705882,0.9058823529411765,0.9323529411764706,0.8764705882352941
5,H3K27ac,1,33883,24666,4235,3846,11,10,4236.0,0.3695395513577332,0.3836166194523135,0.8853163361661945,0.17631243370045313,0.3836166194523135,0.9492445703493863,0.8397072710103871,0.3836166194523135,0.9492445703493863,0.2720243189800195,183.36363636363637,0.3836166194523135,0.9386213408876298,0.9402738432483475,0.9360245514636449,0.9393295561850803,0.9412181303116147,0.9492445703493863,0.9416902738432483,0.9426345609065155,0.9405099150141643
5,H3K27ac,2,24404,17806,3051,2756,11,10,3051.0,0.35496558505408066,0.3729924614880367,0.8804326450344149,0.17832353670357282,0.3729924614880367,0.9403474270730908,0.8343017192574714,0.3729924614880367,0.9403474270730908,0.2703655138501885,103.0909090909091,0.3729924614880367,0.9403474270730908,0.9377253359554244,0.9400196656833825,0.938380858734841,0.9396919042936742,0.9354310062274664,0.9360865290068829,0.9311701081612586,0.9324811537200918
5,H3K27ac,3,24411,16276,3051,2598,11,10,3052.0,0.4333005571943625,0.432175622542595,0.891251638269987,0.161356828928037,0.432175622542595,0.9475753604193972,0.8495174550220422,0.432175622542595,0.9475753604193972,0.3332514030559993,117.72727272727273,0.432175622542595,0.9423328964613368,0.9426605504587156,0.9429882044560943,0.9456094364351245,0.9475753604193972,0.9420052424639581,0.9357798165137615,0.9347968545216252,0.9465923984272608
5,H3K27ac,4,35835,23128,4479,3826,11,10,4480.0,0.45903103371288234,0.484375,0.9010267857142857,0.146440828041529,0.484375,0.9529017857142857,0.8631493506493506,0.484375,0.9529017857142857,0.35459746058322866,200.45454545454547,0.484375,0.9457589285714286,0.9515625,0.9473214285714285,0.94375,0.95,0.9410714285714286,0.9484375,0.9529017857142857,0.9450892857142857
5,H3K27me3,1,18217,13390,2277,2096,11,10,2278.0,0.35660957400087834,0.35908691834942935,0.8780070237050044,0.18235696037437876,0.35908691834942935,0.9398595258999122,0.8308324686726795,0.35908691834942935,0.9398595258999122,0.26497227864083,68.18181818181819,0.35908691834942935,0.935908691834943,0.9297629499561019,0.9345917471466199,0.9398595258999122,0.9315188762071993,0.9385425812115891,0.9354697102721685,0.9367866549604916,0.9385425812115891
5,H3K27me3,2,8827,7835,1103,1075,11,10,1104.0,0.15321849501359927,0.17753623188405798,0.8408514492753623,0.23314577310924,0.17753623188405798,0.9230072463768116,0.7805500658761528,0.17753623188405798,0.9230072463768116,0.11238246289792682,8.272727272727273,0.17753623188405798,0.9039855072463768,0.9211956521739131,0.9085144927536232,0.9112318840579711,0.9148550724637681,0.9230072463768116,0.9221014492753623,0.9139492753623188,0.9121376811594203
5,H3K27me3,3,5721,4296,715,655,11,10,716.0,0.365034965034965,0.36731843575418993,0.8824022346368714,0.18117324082255842,0.36731843575418993,0.9511173184357542,0.8355764347384459,0.36731843575418993,0.9511173184357542,0.24908232826428947,22.818181818181817,0.36731843575418993,0.9343575418994413,0.9217877094972067,0.9385474860335196,0.9511173184357542,0.9497206703910615,0.9371508379888268,0.9441340782122905,0.9427374301675978,0.9371508379888268
5,H3K27me3,4,8059,5710,1007,887,11,10,1008.0,0.3912611717974181,0.3888888888888889,0.8890873015873015,0.17582320866560075,0.3888888888888889,0.9543650793650794,0.8436147186147186,0.3888888888888889,0.9543650793650794,0.29147536915250033,32.81818181818182,0.3888888888888889,0.9464285714285714,0.9384920634920635,0.9454365079365079,0.9464285714285714,0.9543650793650794,0.9434523809523809,0.9424603174603174,0.9484126984126984,0.9365079365079365
5,H3K36me3,1,19302,13569,2413,2191,11,10,2413.0,0.4098632407791131,0.4065478657273104,0.886572731040199,0.16872994626506949,0.4065478657273104,0.9473684210526315,0.8429341069208455,0.4065478657273104,0.9473684210526315,0.2970158532794529,64.54545454545455,0.4065478657273104,0.9473684210526315,0.9399088271860754,0.9399088271860754,0.9399088271860754,0.9365934521342727,0.9291338582677166,0.9407376709490262,0.9419809365934522,0.9436386241193535
5,H3K36me3,2,9428,7544,1179,1113,11,10,1179.0,0.28498727735368956,0.27905004240882103,0.8650551314673451,0.206118485303555,0.27905004240882103,0.9414758269720102,0.8117819415529339,0.27905004240882103,0.9414758269720102,0.19983029274501485,23.545454545454547,0.27905004240882103,0.9372349448685326,0.9287531806615776,0.9236641221374046,0.9168787107718406,0.914334181509754,0.9380831212892281,0.9414758269720102,0.9397794741306191,0.9312977099236641
5,H3K36me3,3,11168,8491,1396,1299,11,10,1396.0,0.3302292263610315,0.33739255014326647,0.876432664756447,0.18946934982032504,0.33739255014326647,0.9448424068767909,0.8274290179734305,0.33739255014326647,0.9448424068767909,0.23970272206303725,24.09090909090909,0.33739255014326647,0.9376790830945558,0.9276504297994269,0.9448424068767909,0.9426934097421203,0.9391117478510028,0.9348137535816619,0.9348137535816619,0.9305157593123209,0.9348137535816619
5,H3K36me3,4,17542,12205,2193,2010,11,10,2193.0,0.3967168262653899,0.4409484724122207,0.8935248518011857,0.15908693337902488,0.4409484724122207,0.9521203830369357,0.8523815445840068,0.4409484724122207,0.9521203830369357,0.3042412495724547,52.18181818181818,0.4409484724122207,0.937984496124031,0.9489284085727314,0.937984496124031,0.945280437756498,0.9439124487004104,0.9398084815321477,0.9521203830369357,0.9466484268125855,0.9416324669402645
5,H3K4me1,1,15809,12096,1976,1831,11,10,1977.0,0.3350202429149798,0.35255437531613554,0.8781487101669196,0.18471044346734927,0.35255437531613554,0.9413252402630248,0.8303674069986665,0.35255437531613554,0.9413252402630248,0.23486621544689734,19.818181818181817,0.35255437531613554,0.9408194233687405,0.934243803743045,0.9291856348002023,0.9357612544258979,0.9403136064744563,0.9357612544258979,0.9352554375316136,0.936267071320182,0.9413252402630248
5,H3K4me1,2,7008,5575,876,820,11,10,876.0,0.295662100456621,0.2899543378995434,0.8664383561643836,0.20262333768000793,0.2899543378995434,0.9372146118721462,0.8140307181403071,0.2899543378995434,0.9372146118721462,0.20448059360730594,8.363636363636363,0.2899543378995434,0.9337899543378996,0.9246575342465754,0.9257990867579908,0.9223744292237442,0.9269406392694064,0.934931506849315,0.932648401826484,0.9372146118721462,0.9360730593607306
5,H3K4me1,3,6166,4678,771,719,11,10,771.0,0.30739299610894943,0.33722438391699094,0.8734111543450066,0.18861497291624527,0.33722438391699094,0.9494163424124513,0.8246669024879142,0.33722438391699094,0.9494163424124513,0.24132338631203373,6.181818181818182,0.33722438391699094,0.9299610894941635,0.9273670557717251,0.940337224383917,0.9494163424124513,0.9286640726329443,0.9234760051880675,0.9364461738002594,0.9416342412451362,0.9195849546044098
5,H3K4me1,4,11366,8120,1421,1276,11,10,1421.0,0.40253342716396906,0.39901477832512317,0.8862772695285012,0.17130587233694286,0.39901477832512317,0.952146375791696,0.8419806794191032,0.39901477832512317,0.952146375791696,0.28558859757170507,29.454545454545453,0.39901477832512317,0.9429978888106967,0.9359605911330049,0.9331456720619282,0.9415904292751583,0.9373680506685432,0.9352568613652358,0.9472202674173118,0.952146375791696,0.9380717804363125
5,H3K4me3,1,33611,18987,4201,3576,11,10,4202.0,0.5934301356819804,0.6180390290337935,0.927677296525464,0.10881459392807781,0.6180390290337935,0.9662065683008091,0.8995283631171304,0.6180390290337935,0.9662065683008091,0.4350956532087709,502.8181818181818,0.6180390290337935,0.9662065683008091,0.9597810566396954,0.9597810566396954,0.9635887672536887,0.9619228938600667,0.9607329842931938,0.9635887672536887,0.9626368396001904,0.9604950023798191
5,H3K4me3,2,18316,10732,2290,1940,11,10,2290.0,0.5506550218340611,0.5454148471615721,0.9117467248908296,0.1287801562033272,0.5454148471615721,0.9593886462882096,0.8784438269154425,0.5454148471615721,0.9593886462882096,0.4140642061585499,160.27272727272728,0.5454148471615721,0.9572052401746725,0.9502183406113537,0.9506550218340611,0.9467248908296944,0.9524017467248909,0.9593886462882096,0.9471615720524017,0.9528384279475982,0.9554585152838428
5,H3K4me3,3,33185,19080,4148,3492,11,10,4149.0,0.5556894889103182,0.5755603759942155,0.9199325138587613,0.12101454998197525,0.5755603759942155,0.9616775126536515,0.8886259558710752,0.5755603759942155,0.9616775126536515,0.42504143438300435,399.27272727272725,0.5755603759942155,0.9578211617257171,0.9616775126536515,0.9585442275247047,0.9558929862617498,0.9597493371896842,0.9597493371896842,0.9578211617257171,0.9570980959267293,0.955410942395758
5,H3K4me3,4,33083,16546,4135,3394,11,10,4136.0,0.6636033857315599,0.6948742746615088,0.9420696324951644,0.08687137293370008,0.6948742746615088,0.9721953578336557,0.9195973272375594,0.6948742746615088,0.9721953578336557,0.49986397847837255,430.8181818181818,0.6948742746615088,0.9707446808510638,0.9721953578336557,0.968568665377176,0.9688104448742747,0.969294003868472,0.9721953578336557,0.968568665377176,0.9676015473887815,0.96784332688588
5,H3K9me3,1,27049,19688,3381,3100,11,10,3382.0,0.3812481514344868,0.3914843287995269,0.8843583678296867,0.1732591223664517,0.3914843287995269,0.9467770549970431,0.839551637008763,0.3914843287995269,0.9467770549970431,0.2721357536322969,196.54545454545453,0.3914843287995269,0.9328799526907156,0.943524541691307,0.9467770549970431,0.9399763453577764,0.9290360733293909,0.9438202247191011,0.9361324659964518,0.9402720283855707,0.9396806623299823
5,H3K9me3,2,16497,12877,2062,1933,11,10,2063.0,0.2997090203685742,0.31022782355792533,0.8696073679108096,0.1966615684832417,0.31022782355792533,0.9447406689287445,0.8187546820605472,0.31022782355792533,0.9447406689287445,0.21943383645511305,61.0,0.31022782355792533,0.9238972370334464,0.9447406689287445,0.9335918565196316,0.9355307804168687,0.9340765874939408,0.9306834706737761,0.9287445467765391,0.9345613184682501,0.9200193892389724
5,H3K9me3,3,15329,11506,1916,1755,11,10,1917.0,0.3533402922755741,0.35002608242044864,0.8742827334376629,0.18434185174548667,0.35002608242044864,0.9436619718309859,0.8266230378906436,0.35002608242044864,0.9436619718309859,0.24939656859547263,81.18181818181819,0.35002608242044864,0.9321857068335941,0.9222743870631195,0.9300991131977048,0.9436619718309859,0.9290558163797601,0.9254042775169535,0.9420970266040689,0.9285341679707877,0.9394887845592071
5,H3K9me3,4,15640,10301,1955,1693,11,10,1955.0,0.439386189258312,0.45012787723785164,0.895549872122762,0.15659634890688606,0.45012787723785164,0.9508951406649616,0.8550569634968611,0.45012787723785164,0.9508951406649616,0.34136828644501277,135.0,0.45012787723785164,0.9432225063938618,0.9473145780051151,0.9508951406649616,0.950383631713555,0.9462915601023018,0.9421994884910486,0.9462915601023018,0.9319693094629156,0.9468030690537085
5,POLR2A,1,11155,9734,1394,1355,11,10,1395.0,0.21233859397417504,0.23512544802867383,0.8531899641577061,0.21722961395968607,0.23512544802867383,0.9311827956989247,0.7970022808732486,0.23512544802867383,0.9311827956989247,0.1273868220528911,51.27272727272727,0.23512544802867383,0.9154121863799283,0.9225806451612903,0.9204301075268817,0.9261648745519713,0.9283154121863799,0.9161290322580645,0.9182795698924732,0.9311827956989247,0.9182795698924732
5,POLR2A,2,9547,7823,1193,1153,11,10,1194.0,0.2640402347024308,0.29229480737018426,0.865326633165829,0.2014998716771969,0.29229480737018426,0.9455611390284757,0.8132328308207705,0.29229480737018426,0.9455611390284757,0.1805802870011522,70.54545454545455,0.29229480737018426,0.9355108877721943,0.923785594639866,0.9212730318257957,0.9338358458961474,0.932998324958124,0.9221105527638191,0.9212730318257957,0.9455611390284757,0.9246231155778895
5,POLR2A,3,14179,9955,1772,1616,11,10,1773.0,0.38261851015801357,0.40891144952058656,0.8887196841511562,0.16868652235460105,0.40891144952058656,0.9486745628877609,0.8451007537301952,0.40891144952058656,0.9486745628877609,0.2979053529868115,121.0,0.40891144952058656,0.9452904681331077,0.9311900733220531,0.9351381838691484,0.9452904681331077,0.9441624365482234,0.937394247038917,0.9424703891708968,0.9486745628877609,0.9486745628877609
5,POLR2A,4,13782,10148,1723,1572,11,10,1723.0,0.387695879280325,0.3929193267556587,0.8855484619849101,0.1731846345883609,0.3929193267556587,0.9489262913522926,0.8407639951458872,0.3929193267556587,0.9489262913522926,0.26367726019445653,101.9090909090909,0.3929193267556587,0.9332559489262914,0.9460243760882182,0.9489262913522926,0.9355774811375508,0.9483459082994776,0.9367382472431804,0.9355774811375508,0.9373186302959954,0.9408009286128846
5,POLR2AphosphoS5,1,12822,11256,1603,1576,11,10,1603.0,0.20586400499064256,0.19401122894572675,0.847036805988771,0.22957573502706757,0.19401122894572675,0.9344978165938864,0.7876708444394033,0.19401122894572675,0.9344978165938864,0.12213383247543284,51.45454545454545,0.19401122894572675,0.9139114160948222,0.9170305676855895,0.9238927011852776,0.9344978165938864,0.9101684341859014,0.9201497192763568,0.9288833437305053,0.9132875857766688,0.9145352464129757
5,POLR2AphosphoS5,2,3315,3125,414,410,11,10,415.0,0.11352657004830918,0.13012048192771083,0.8375903614457831,0.249087170762384,0.13012048192771083,0.9349397590361446,0.773274917853231,0.13012048192771083,0.9349397590361446,0.05731523378582202,4.2727272727272725,0.13012048192771083,0.9228915662650602,0.9349397590361446,0.8939759036144578,0.9349397590361446,0.8963855421686747,0.9228915662650602,0.8963855421686747,0.9132530120481928,0.9301204819277108
5,POLR2AphosphoS5,3,12424,10786,1553,1507,11,10,1553.0,0.20927237604636187,0.21249195106245974,0.8525434642627173,0.22497865589496135,0.21249195106245974,0.9311010946555055,0.7943569630626939,0.21249195106245974,0.9311010946555055,0.131841596909208,38.72727272727273,0.21249195106245974,0.9311010946555055,0.918222794591114,0.9298132646490663,0.9246619446233098,0.9220862846104314,0.9259497746297489,0.9092079845460399,0.9246619446233098,0.927237604636188
5,POLR2AphosphoS5,4,13948,11620,1744,1691,11,10,1744.0,0.25229357798165136,0.26204128440366975,0.8580275229357797,0.20952531935017576,0.26204128440366975,0.9392201834862385,0.803846955796497,0.26204128440366975,0.9392201834862385,0.16690564955549184,81.54545454545455,0.26204128440366975,0.9231651376146789,0.9151376146788991,0.9185779816513762,0.9197247706422018,0.9243119266055045,0.9294724770642202,0.9392201834862385,0.919151376146789,0.9294724770642202
5,RNAseq,1,48144,34214,6018,5465,11,10,6018.0,0.3989697573944832,0.41824526420737784,0.889614489863742,0.1656602971597176,0.41824526420737784,0.9469923562645397,0.8467627420767999,0.41824526420737784,0.9469923562645397,0.2893403123961449,351.1818181818182,0.41824526420737784,0.9453306746427385,0.9441674975074775,0.9396809571286141,0.9376869391824526,0.9403456297773347,0.9425058158856763,0.9360252575606514,0.9451645064805583,0.9469923562645397
5,RNAseq,2,29489,21674,3686,3374,11,10,3687.0,0.35675529028757463,0.39327366422565774,0.8846216436126932,0.17266051892139106,0.39327366422565774,0.9435855709248712,0.8399536454865991,0.39327366422565774,0.9435855709248712,0.26501407304418595,173.9090909090909,0.39327366422565774,0.9389747762408462,0.9365337672904801,0.9384323298074315,0.9419582316246271,0.9346352047735286,0.9387035530241389,0.9403308923243829,0.9397884458909682,0.9435855709248712
5,RNAseq,3,32208,21243,4026,3526,11,10,4026.0,0.4731743666169896,0.4751614505712866,0.9009935419771485,0.14970937349272062,0.4751614505712866,0.9545454545454546,0.8622815336675248,0.4751614505712866,0.9545454545454546,0.3404433681073025,324.1818181818182,0.4751614505712866,0.9418777943368107,0.9493293591654247,0.944361649279682,0.9465971187282662,0.9545454545454546,0.940387481371088,0.9540486835568803,0.9490809736711376,0.9545454545454546
5,RNAseq,4,49544,29074,6193,5222,11,10,6193.0,0.5485225254319392,0.5775875989019861,0.9190376231228807,0.11998398466195488,0.5775875989019861,0.9593088971419345,0.887996711830072,0.5775875989019861,0.9593088971419345,0.4131680930082351,474.72727272727275,0.5775875989019861,0.9557564992733731,0.9583400613595996,0.9568868076860972,0.9580171160988212,0.958824479250767,0.9557564992733731,0.9547876634910383,0.9593088971419345,0.9551106087518165
6,ATACseq,1,27611,25230,3451,3388,11,10,3452.0,0.1405389742103738,0.1552723059096176,0.8404113557358052,0.2407961572195367,0.1552723059096176,0.9238122827346466,0.7781259875697883,0.1552723059096176,0.9238122827346466,0.08623374741950672,104.9090909090909,0.1552723059096176,0.9107763615295481,0.9203360370799536,0.9133835457705678,0.9107763615295481,0.9162804171494786,0.9087485515643106,0.9223638470451911,0.9238122827346466,0.9223638470451911
6,ATACseq,2,64507,55374,8063,7851,11,10,8064.0,0.224234156021332,0.2478918650793651,0.8574900793650795,0.21420034454416015,0.2478918650793651,0.9281994047619048,0.8020720598845599,0.2478918650793651,0.9281994047619048,0.14158153378703087,613.0909090909091,0.2478918650793651,0.9264632936507936,0.925719246031746,0.9227430555555556,0.9246031746031746,0.923859126984127,0.9221230158730159,0.9279513888888888,0.9281994047619048,0.9253472222222222
6,ATACseq,3,67155,57666,8394,8147,11,10,8395.0,0.226590421729807,0.24145324597974985,0.8558784991066112,0.21590445013887408,0.24145324597974985,0.92829064919595,0.8000216579132601,0.24145324597974985,0.92829064919595,0.14129997766361402,590.8181818181819,0.24145324597974985,0.9240023823704586,0.9245979749851102,0.92829064919595,0.9255509231685527,0.9222156045265039,0.9209053007742704,0.9269803454437165,0.9192376414532459,0.9255509231685527
6,ATACseq,4,52889,44803,6611,6374,11,10,6612.0,0.22326425654212675,0.24319419237749546,0.8557773744706594,0.215255601576622,0.24319419237749546,0.9283121597096189,0.8000879942803717,0.24319419237749546,0.9283121597096189,0.1528862334322827,423.90909090909093,0.24319419237749546,0.926497277676951,0.9243799153055051,0.9207501512401693,0.9215063520871143,0.9233212341197822,0.9251361161524501,0.9248336358136721,0.9198427102238355,0.9283121597096189
6,CTCF,1,34552,21712,4319,3792,11,10,4319.0,0.49201203982403335,0.5239638805279,0.909377170641352,0.13547751205074166,0.5239638805279,0.9613336420467701,0.8743395988128565,0.5239638805279,0.9613336420467701,0.37161379949062284,483.72727272727275,0.5239638805279,0.9520722389442,0.955776800185228,0.948367677703172,0.9529983792544571,0.9495253530909933,0.9509145635563788,0.9481361426256077,0.9613336420467701,0.9506830284788146
6,CTCF,2,32643,21048,4080,3516,11,10,4081.0,0.4855392156862745,0.49056603773584906,0.9019358000490076,0.14456529275601204,0.49056603773584906,0.9529527076696888,0.8645385489296296,0.49056603773584906,0.9529527076696888,0.35520632294825844,393.1818181818182,0.49056603773584906,0.9460916442048517,0.948051948051948,0.9441313403577555,0.9502572898799314,0.9473168341092869,0.9460916442048517,0.9529527076696888,0.9492771379563832,0.9446214163195296
6,CTCF,3,30827,17427,3853,3191,11,10,3854.0,0.5655333506358682,0.5967825635703166,0.9225998962117281,0.11450973166992189,0.5967825635703166,0.9644525168655942,0.8929801386988725,0.5967825635703166,0.9644525168655942,0.43468388101339733,435.3636363636364,0.5967825635703166,0.9608199273482096,0.9571873378308251,0.9582252205500779,0.9577062791904515,0.9644525168655942,0.9579657498702646,0.9551115723923197,0.9571873378308251,0.9605604566683965
6,CTCF,4,35489,19222,4436,3667,11,10,4437.0,0.6145175834084761,0.6303808879873789,0.928397565922921,0.10473915939387796,0.6303808879873789,0.9646157313500112,0.9013051406560535,0.6303808879873789,0.9646157313500112,0.458367381442137,538.6363636363636,0.6303808879873789,0.9625873337840883,0.9592066711742168,0.9646157313500112,0.9643903538426865,0.9641649763353617,0.961009691232815,0.9578544061302682,0.9601081812035159,0.9596574261888664
6,EP300,1,3798,3516,475,469,11,10,475.0,0.12842105263157894,0.1368421052631579,0.8395789473684211,0.24712278459886658,0.1368421052631579,0.9347368421052632,0.7756937799043062,0.1368421052631579,0.9347368421052632,0.07424960505529225,9.545454545454545,0.1368421052631579,0.911578947368421,0.9347368421052632,0.9094736842105263,0.9094736842105263,0.9178947368421052,0.9010526315789473,0.9221052631578948,0.9284210526315789,0.9242105263157895
6,EP300,2,1006,949,126,126,11,10,126.0,0.11904761904761904,0.1111111111111111,0.8388888888888889,0.2563558950973221,0.1111111111111111,0.9523809523809523,0.7727272727272727,0.1111111111111111,0.9523809523809523,0.05666003976143141,0.7272727272727273,0.1111111111111111,0.9126984126984127,0.8968253968253969,0.9126984126984127,0.9523809523809523,0.8968253968253969,0.9444444444444444,0.9126984126984127,0.9206349206349206,0.9285714285714286
6,EP300,3,1464,1390,183,179,11,10,183.0,0.10382513661202186,0.1092896174863388,0.83224043715847,0.2544757628449802,0.1092896174863388,0.9398907103825137,0.7665176353700943,0.1092896174863388,0.9398907103825137,0.050546448087431695,0.6363636363636364,0.1092896174863388,0.9398907103825137,0.8907103825136612,0.9180327868852459,0.912568306010929,0.9289617486338798,0.8907103825136612,0.907103825136612,0.9180327868852459,0.907103825136612
6,EP300,4,2715,2592,339,336,11,10,340.0,0.0943952802359882,0.1,0.8338235294117649,0.2581514223527446,0.1,0.9323529411764706,0.7671122994652407,0.1,0.9323529411764706,0.045303867403314914,2.4545454545454546,0.1,0.9264705882352942,0.9117647058823529,0.9323529411764706,0.9176470588235294,0.9176470588235294,0.9,0.9029411764705882,0.9323529411764706,0.8970588235294118
6,H3K27ac,1,33883,24662,4235,3831,11,10,4236.0,0.3742621015348288,0.3897544853635505,0.8844900849858359,0.17386521457093174,0.3897544853635505,0.9452313503305004,0.8395141213838098,0.3897544853635505,0.9452313503305004,0.2721423722810849,175.36363636363637,0.3897544853635505,0.9360245514636449,0.9388574126534467,0.9419263456090652,0.9445231350330501,0.9452313503305004,0.937204910292729,0.9355524079320113,0.9374409820585458,0.9383852691218131
6,H3K27ac,2,24404,17716,3051,2785,11,10,3051.0,0.35431006227466405,0.35955424450999673,0.8778761061946903,0.18218149692599006,0.35955424450999673,0.9465748934775483,0.8307559369506272,0.35955424450999673,0.9465748934775483,0.2740534338633011,113.54545454545455,0.35955424450999673,0.938380858734841,0.9331366764995084,0.9308423467715503,0.9295313012127171,0.9357587676171747,0.9331366764995084,0.9347754834480498,0.9465748934775483,0.9370698131760079
6,H3K27ac,3,24411,16283,3051,2657,11,10,3052.0,0.4074074074074074,0.4459370904325033,0.8945937090432503,0.15767357734880466,0.4459370904325033,0.9488859764089121,0.8538067437150005,0.4459370904325033,0.9488859764089121,0.33296464708533036,118.63636363636364,0.4459370904325033,0.944954128440367,0.9442988204456094,0.9400393184796855,0.9482306684141546,0.9436435124508519,0.940694626474443,0.9413499344692006,0.9488859764089121,0.9479030144167759
6,H3K27ac,4,35835,23240,4479,3866,11,10,4480.0,0.46260325965617327,0.49464285714285716,0.9035491071428572,0.14370044412562025,0.49464285714285716,0.9535714285714286,0.8663758116883117,0.49464285714285716,0.9535714285714286,0.35147202455699733,201.45454545454547,0.49464285714285716,0.9502232142857143,0.9517857142857142,0.9513392857142857,0.9535714285714286,0.9464285714285714,0.9450892857142857,0.9466517857142858,0.9482142857142857,0.9475446428571429
6,H3K27me3,1,18217,13501,2277,2103,11,10,2278.0,0.35090030742204653,0.38410886742756806,0.8830553116769095,0.17532454416258955,0.38410886742756806,0.9416154521510096,0.8376965440178785,0.38410886742756806,0.9416154521510096,0.2588790690014821,66.54545454545455,0.38410886742756806,0.9381035996488147,0.9389815627743635,0.9337137840210711,0.9416154521510096,0.9389815627743635,0.9385425812115891,0.940737489025461,0.9372256365232661,0.9385425812115891
6,H3K27me3,2,8827,7871,1103,1070,11,10,1104.0,0.185856754306437,0.18659420289855072,0.8428442028985508,0.23071001679417388,0.18659420289855072,0.9302536231884058,0.7831851119894597,0.18659420289855072,0.9302536231884058,0.10830406706695367,9.090909090909092,0.18659420289855072,0.9148550724637681,0.9230072463768116,0.9130434782608695,0.9103260869565217,0.9239130434782609,0.9067028985507246,0.9302536231884058,0.9121376811594203,0.907608695652174
6,H3K27me3,3,5721,4241,715,671,11,10,716.0,0.3090909090909091,0.35335195530726254,0.8762569832402235,0.18394938170570077,0.35335195530726254,0.9427374301675978,0.8287201625190452,0.35335195530726254,0.9427374301675978,0.2586960321622094,22.90909090909091,0.35335195530726254,0.9413407821229051,0.9399441340782123,0.9371508379888268,0.9371508379888268,0.9427374301675978,0.9385474860335196,0.9357541899441341,0.914804469273743,0.9217877094972067
6,H3K27me3,4,8059,5694,1007,896,11,10,1008.0,0.3932472691161867,0.3948412698412698,0.8816468253968253,0.17115901860692503,0.3948412698412698,0.9454365079365079,0.8373917748917749,0.3948412698412698,0.9454365079365079,0.29346072713736193,30.454545454545453,0.3948412698412698,0.9444444444444444,0.9305555555555556,0.9454365079365079,0.9295634920634921,0.9295634920634921,0.9365079365079365,0.9285714285714286,0.9404761904761905,0.9365079365079365
6,H3K36me3,1,19302,13577,2413,2208,11,10,2413.0,0.3999171156237049,0.40613344384583505,0.8866970576046415,0.16891183809207785,0.40613344384583505,0.949026108578533,0.8430094563538408,0.40613344384583505,0.949026108578533,0.2966013884571547,64.81818181818181,0.40613344384583505,0.9432242022378782,0.949026108578533,0.9332780770824699,0.9390799834231247,0.9440530460008288,0.935764608371322,0.9394944053046,0.9394944053046,0.9374222958972234
6,H3K36me3,2,9428,7538,1179,1112,11,10,1179.0,0.2714164546225615,0.29855810008481765,0.8704834605597964,0.2010076913891758,0.29855810008481765,0.9406276505513147,0.8184902459711619,0.29855810008481765,0.9406276505513147,0.20046669495120917,27.454545454545453,0.29855810008481765,0.9312977099236641,0.9253604749787956,0.9397794741306191,0.9380831212892281,0.9355385920271416,0.9406276505513147,0.9312977099236641,0.9329940627650551,0.9312977099236641
6,H3K36me3,3,11168,8578,1396,1288,11,10,1396.0,0.35959885386819485,0.3638968481375358,0.8813037249283667,0.18188387690069108,0.3638968481375358,0.9462750716332379,0.8342667361292002,0.3638968481375358,0.9462750716332379,0.23191260744985673,23.454545454545453,0.3638968481375358,0.9405444126074498,0.9340974212034384,0.9405444126074498,0.9398280802292264,0.9255014326647565,0.9462750716332379,0.9391117478510028,0.9405444126074498,0.9426934097421203
6,H3K36me3,4,17542,12219,2193,2002,11,10,2193.0,0.4322845417236662,0.41404468764249885,0.8895576835385317,0.16717597159796518,0.41404468764249885,0.9516643866849065,0.846329229366165,0.41404468764249885,0.9516643866849065,0.3034431649754874,58.45454545454545,0.41404468764249885,0.9334245326037391,0.9516643866849065,0.9434564523483812,0.9388964888280894,0.9443684450524396,0.9475604195166438,0.9357045143638851,0.9388964888280894,0.9475604195166438
6,H3K4me1,1,15809,12032,1976,1870,11,10,1977.0,0.3102226720647773,0.35154274152756704,0.8771876580677794,0.1847146527208639,0.35154274152756704,0.9403136064744563,0.8294017565641237,0.35154274152756704,0.9403136064744563,0.2389145423492947,18.636363636363637,0.35154274152756704,0.9322205361659079,0.9403136064744563,0.9332321699544764,0.9367728882144664,0.9322205361659079,0.9357612544258979,0.9387961557916035,0.9377845220030349,0.9332321699544764
6,H3K4me1,2,7008,5571,876,812,11,10,876.0,0.2865296803652968,0.3093607305936073,0.8634703196347031,0.1949224451700962,0.3093607305936073,0.934931506849315,0.813096720630967,0.3093607305936073,0.934931506849315,0.2050513698630137,10.181818181818182,0.3093607305936073,0.9315068493150684,0.934931506849315,0.908675799086758,0.9223744292237442,0.932648401826484,0.908675799086758,0.9315068493150684,0.9292237442922374,0.9257990867579908
6,H3K4me1,3,6166,4680,771,711,11,10,771.0,0.32814526588845655,0.3424124513618677,0.876005188067445,0.18769008660113476,0.3424124513618677,0.9455252918287937,0.8274967574578469,0.3424124513618677,0.9455252918287937,0.2409990269218294,11.818181818181818,0.3424124513618677,0.9299610894941635,0.9260700389105059,0.9377431906614786,0.9273670557717251,0.9442282749675746,0.9455252918287937,0.920881971465629,0.9429312581063554,0.9429312581063554
6,H3K4me1,4,11366,8034,1421,1301,11,10,1421.0,0.38142153413089375,0.37790288529204785,0.8819845179451091,0.17719526450371426,0.37790288529204785,0.9458128078817734,0.8361589149766491,0.37790288529204785,0.9458128078817734,0.293155023755059,33.27272727272727,0.37790288529204785,0.94018296973962,0.9352568613652358,0.928219563687544,0.9394792399718508,0.9352568613652358,0.9373680506685432,0.9345531315974666,0.9458128078817734,0.9458128078817734
6,H3K4me3,1,33611,18986,4201,3582,11,10,4202.0,0.5841466317543442,0.612565445026178,0.9255354593050928,0.11000483233434541,0.612565445026178,0.9640647310804379,0.8970836398251915,0.612565445026178,0.9640647310804379,0.4351254053732409,484.6363636363636,0.612565445026178,0.9623988576868158,0.9631128034269395,0.9585911470728224,0.9583531651594479,0.9614469300333175,0.9585911470728224,0.9543074726320799,0.9640647310804379,0.9619228938600667
6,H3K4me3,2,18316,10737,2290,1931,11,10,2290.0,0.5467248908296943,0.5768558951965066,0.9164628820960697,0.11937480819657845,0.5768558951965066,0.959825327510917,0.8855895196506549,0.5768558951965066,0.959825327510917,0.41379122079056563,148.36363636363637,0.5768558951965066,0.959825327510917,0.9589519650655022,0.9528384279475982,0.9524017467248909,0.9537117903930131,0.9541484716157205,0.9480349344978166,0.9558951965065502,0.9519650655021834
6,H3K4me3,3,33185,19020,4148,3518,11,10,4149.0,0.5612343297974928,0.6042419860207279,0.9253796095444684,0.11286394860024722,0.6042419860207279,0.9657748855145818,0.8961852801332193,0.6042419860207279,0.9657748855145818,0.4268494801868314,416.8181818181818,0.6042419860207279,0.9614364907206556,0.962882622318631,0.962882622318631,0.960472402988672,0.9573391178597253,0.9657748855145818,0.9616775126536515,0.9585442275247047,0.9585442275247047
6,H3K4me3,4,33083,16571,4135,3371,11,10,4136.0,0.6701330108827086,0.6810928433268859,0.9376692456479689,0.09016230877327898,0.6810928433268859,0.9683268858800773,0.9143441181642342,0.6810928433268859,0.9683268858800773,0.4991083033582202,440.1818181818182,0.6810928433268859,0.9671179883945842,0.9634912959381045,0.9654255319148937,0.9683268858800773,0.9668762088974855,0.9647001934235977,0.9659090909090909,0.9671179883945842,0.9666344294003868
6,H3K9me3,1,27049,19644,3381,3105,11,10,3382.0,0.37533274179236914,0.38379657007687756,0.8842400946185689,0.17588610457581194,0.38379657007687756,0.9482554701360142,0.8387452287511425,0.38379657007687756,0.9482554701360142,0.27376243114348037,195.0909090909091,0.38379657007687756,0.9340626848018924,0.9408633944411591,0.9414547604967475,0.9355410999408634,0.9482554701360142,0.9420461265523359,0.9361324659964518,0.9382022471910112,0.9420461265523359
6,H3K9me3,2,16497,12916,2062,1930,11,10,2063.0,0.3011639185257032,0.3165293262239457,0.8692680562287931,0.19443332873889052,0.3165293262239457,0.9452253999030538,0.8190190807738069,0.3165293262239457,0.9452253999030538,0.21706977026125962,49.36363636363637,0.3165293262239457,0.932622394571013,0.913717886572952,0.9301987396994668,0.9263208919049928,0.9272903538536112,0.9447406689287445,0.9452253999030538,0.9243819680077557,0.9316529326223946
6,H3K9me3,3,15329,11514,1916,1746,11,10,1917.0,0.3684759916492693,0.34376630151278037,0.8748565466875325,0.18669984496002137,0.34376630151278037,0.9457485654668754,0.8265756153080097,0.34376630151278037,0.9457485654668754,0.24887468197534085,81.0,0.34376630151278037,0.9332290036515388,0.9285341679707877,0.9400104329681794,0.9347939488784559,0.9332290036515388,0.9457485654668754,0.9353155972874283,0.9248826291079812,0.9290558163797601
6,H3K9me3,4,15640,10320,1955,1693,11,10,1955.0,0.45012787723785164,0.46547314578005117,0.895549872122762,0.15115679483266548,0.46547314578005117,0.9483375959079284,0.8564519879097884,0.46547314578005117,0.9483375959079284,0.340153452685422,120.36363636363636,0.46547314578005117,0.9447570332480818,0.9483375959079284,0.9437340153452686,0.9396419437340153,0.9478260869565217,0.9411764705882353,0.9386189258312021,0.9468030690537085,0.9391304347826087
6,POLR2A,1,11155,9757,1394,1342,11,10,1395.0,0.21951219512195122,0.24301075268817204,0.8592114695340503,0.2166717838752006,0.24301075268817204,0.9383512544802868,0.8031932225480614,0.24301075268817204,0.9383512544802868,0.12532496638278798,52.72727272727273,0.24301075268817204,0.9340501792114695,0.9362007168458781,0.9204301075268817,0.9354838709677419,0.9204301075268817,0.9225806451612903,0.9132616487455197,0.9383512544802868,0.9283154121863799
6,POLR2A,2,9547,7861,1193,1147,11,10,1194.0,0.26906957250628666,0.2998324958123953,0.865326633165829,0.1988123315451011,0.2998324958123953,0.9371859296482412,0.8139180752246079,0.2998324958123953,0.9371859296482412,0.1765999790510108,62.36363636363637,0.2998324958123953,0.9321608040201005,0.9288107202680067,0.9288107202680067,0.9212730318257957,0.9371859296482412,0.916247906197655,0.9212730318257957,0.9371859296482412,0.9304857621440537
6,POLR2A,3,14179,10013,1772,1609,11,10,1773.0,0.39672686230248305,0.3987591652566272,0.8874224478285392,0.17178439233993742,0.3987591652566272,0.9509306260575296,0.8429985130492745,0.3987591652566272,0.9509306260575296,0.2938147965300797,123.0,0.3987591652566272,0.9357021996615905,0.9435984207557812,0.9407783417935702,0.9390862944162437,0.9402143260011281,0.9435984207557812,0.9509306260575296,0.9486745628877609,0.9328821206993796
6,POLR2A,4,13782,10092,1723,1606,11,10,1723.0,0.3615786419036564,0.3923389437028439,0.8861288450377248,0.1735675927127661,0.3923389437028439,0.950667440510737,0.8412388540072812,0.3923389437028439,0.950667440510737,0.2677405311275577,108.72727272727273,0.3923389437028439,0.93905977945444,0.942542077771329,0.9332559489262914,0.9460243760882182,0.9402205455600696,0.950667440510737,0.9419616947185142,0.938479396401625,0.9367382472431804
6,POLR2AphosphoS5,1,12822,11240,1603,1564,11,10,1603.0,0.2133499688084841,0.2096069868995633,0.8490954460386776,0.22487666352193963,0.2096069868995633,0.9301310043668122,0.7909601315714853,0.2096069868995633,0.9301310043668122,0.12338168772422399,56.18181818181818,0.2096069868995633,0.924516531503431,0.916406737367436,0.9026824703680599,0.9295071740486588,0.9107922645040549,0.9301310043668122,0.9232688708671242,0.9145352464129757,0.9295071740486588
6,POLR2AphosphoS5,2,3315,3119,414,413,11,10,415.0,0.10869565217391304,0.13012048192771083,0.8424096385542168,0.2505771792468547,0.13012048192771083,0.9421686746987952,0.7776560788608982,0.13012048192771083,0.9421686746987952,0.05912518853695324,3.272727272727273,0.13012048192771083,0.908433734939759,0.9228915662650602,0.9421686746987952,0.9253012048192771,0.908433734939759,0.9036144578313253,0.9349397590361446,0.9301204819277108,0.9180722891566265
6,POLR2AphosphoS5,3,12424,10821,1553,1504,11,10,1553.0,0.21056020605280104,0.21571152607855762,0.8469414037347069,0.22188705372944997,0.21571152607855762,0.9291693496458467,0.7895568694023297,0.21571152607855762,0.9291693496458467,0.12902446877012233,41.81818181818182,0.21571152607855762,0.9124275595621378,0.9175788795878944,0.9117836445589182,0.9098518995492595,0.9162910495814552,0.9098518995492595,0.9240180296200902,0.9291693496458467,0.922730199613651
6,POLR2AphosphoS5,4,13948,11655,1744,1688,11,10,1744.0,0.25,0.27522935779816515,0.8613532110091743,0.20598918262993243,0.27522935779816515,0.9334862385321101,0.808069224353628,0.27522935779816515,0.9334862385321101,0.16439632922282765,81.63636363636364,0.27522935779816515,0.9334862385321101,0.9311926605504587,0.9214449541284404,0.9271788990825688,0.9294724770642202,0.9231651376146789,0.919151376146789,0.9271788990825688,0.9260321100917431
6,RNAseq,1,48144,34241,6018,5455,11,10,6018.0,0.4024592888002659,0.4179129278830176,0.8908275174476572,0.16619068567117756,0.4179129278830176,0.9476570289132602,0.8478352820326898,0.4179129278830176,0.9476570289132602,0.28877949484878696,367.6363636363636,0.4179129278830176,0.9431704885343968,0.9413426387504155,0.9436689930209372,0.9366899302093719,0.945995347291459,0.9444998338318378,0.9441674975074775,0.9431704885343968,0.9476570289132602
6,RNAseq,2,29489,21573,3686,3384,11,10,3687.0,0.37384698860553445,0.371033360455655,0.8831570382424736,0.1799694882327228,0.371033360455655,0.9446704637917006,0.8366003402618538,0.371033360455655,0.9446704637917006,0.2684390789786022,179.63636363636363,0.371033360455655,0.9446704637917006,0.9373474369406021,0.9414157851912124,0.9406021155410903,0.9427719012747491,0.9422294548413345,0.9406021155410903,0.934092758340114,0.9368049905071875
6,RNAseq,3,32208,21283,4026,3571,11,10,4026.0,0.4592647789369101,0.4942871336313959,0.9028315946348734,0.14355434335859862,0.4942871336313959,0.9505712866368604,0.8656911890891027,0.4942871336313959,0.9505712866368604,0.3392014406358669,320.54545454545456,0.4942871336313959,0.9475906607054148,0.9495777446597119,0.9463487332339792,0.9505712866368604,0.9490809736711376,0.9473422752111277,0.9493293591654247,0.9468455042225534,0.9473422752111277
6,RNAseq,4,49544,29023,6193,5221,11,10,6193.0,0.5583723558856774,0.5595026642984015,0.915937348619409,0.12525845935473684,0.5595026642984015,0.9594703697723236,0.8835341954993176,0.5595026642984015,0.9594703697723236,0.4141974810269659,480.27272727272725,0.5595026642984015,0.9551106087518165,0.9536573550783142,0.9523655740352011,0.9528499919263684,0.9580171160988212,0.9594703697723236,0.956725335055708,0.9551106087518165,0.9565638624253189
