confusion_category,position_relative_to_snv,mean_attention,plot_attention,baseline
FN,-206,0.008923749132081866,0.008923749132081866,0.0
FN,-205,0.008935067472048103,0.008935067472048103,0.0
FN,-204,0.008853742722421884,0.008853742722421884,0.0
FN,-203,0.008919440666213632,0.008919440666213632,0.0
FN,-202,0.008968453076668083,0.008968453076668083,0.0
FN,-201,0.008970968862995506,0.008970968862995506,0.0
FN,-200,0.00925772556103766,0.00925772556103766,0.0
FN,-199,0.009278492536395788,0.009278492536395788,0.0
FN,-198,0.009253676449880004,0.009253676449880004,0.0
FN,-197,0.009287633951753377,0.009287633951753377,0.0
FN,-196,0.00938119008205831,0.00938119008205831,0.0
FN,-195,0.00938691848423332,0.00938691848423332,0.0
FN,-194,0.009408305422402919,0.009408305422402919,0.0
FN,-193,0.009442159617319703,0.009442159617319703,0.0
FN,-192,0.009509664536453783,0.009509664536453783,0.0
FN,-191,0.009497723914682865,0.009497723914682865,0.0
FN,-190,0.009629210587590933,0.009629210587590933,0.0
FN,-189,0.009579966589808465,0.009579966589808465,0.0
FN,-188,0.009617594284936786,0.009617594284936786,0.0
FN,-187,0.009699991764500737,0.009699991764500737,0.0
FN,-186,0.009748726151883602,0.009748726151883602,0.0
FN,-185,0.009760536719113588,0.009760536719113588,0.0
FN,-184,0.009647623817436397,0.009647623817436397,0.0
FN,-183,0.009531541033647955,0.009531541033647955,0.0
FN,-182,0.00937209145631641,0.00937209145631641,0.0
FN,-181,0.0093532543675974,0.0093532543675974,0.0
FN,-180,0.009376209871843457,0.009376209871843457,0.0
FN,-179,0.009187307259999215,0.009187307259999215,0.0
FN,-178,0.00904520955402404,0.00904520955402404,0.0
FN,-177,0.009040571441873908,0.009040571441873908,0.0
FN,-176,0.009318157061934472,0.009318157061934472,0.0
FN,-175,0.009189009154215454,0.009189009154215454,0.0
FN,-174,0.009286994501017033,0.009286994501017033,0.0
FN,-173,0.009337337771430611,0.009337337771430611,0.0
FN,-172,0.009391841604374349,0.009391841604374349,0.0
FN,-171,0.009442019117996097,0.009442019117996097,0.0
FN,-170,0.009481821544468402,0.009481821544468402,0.0
FN,-169,0.009303878745995461,0.009303878745995461,0.0
FN,-168,0.009322175574488938,0.009322175574488938,0.0
FN,-167,0.009248622842133045,0.009248622842133045,0.0
FN,-166,0.00924734964966774,0.00924734964966774,0.0
FN,-165,0.009428392248228192,0.009428392248228192,0.0
FN,-164,0.009470963096246123,0.009470963096246123,0.0
FN,-163,0.009449533596634864,0.009449533596634864,0.0
FN,-162,0.009423422706313432,0.009423422706313432,0.0
FN,-161,0.009509950829669832,0.009509950829669832,0.0
FN,-160,0.009463357310742139,0.009463357310742139,0.0
FN,-159,0.009430923578329385,0.009430923578329385,0.0
FN,-158,0.009508594698272645,0.009508594698272645,0.0
FN,-157,0.009491756823845208,0.009491756823845208,0.0
FN,-156,0.009531059078872204,0.009531059078872204,0.0
FN,-155,0.00967339306138456,0.00967339306138456,0.0
FN,-154,0.009495090297423302,0.009495090297423302,0.0
FN,-153,0.009549834639765322,0.009549834639765322,0.0
FN,-152,0.009554865309037269,0.009554865309037269,0.0
FN,-151,0.009594926061108709,0.009594926061108709,0.0
FN,-150,0.009686437570489943,0.009686437570489943,0.0
FN,-149,0.00953815842512995,0.00953815842512995,0.0
FN,-148,0.009490479552187025,0.009490479552187025,0.0
FN,-147,0.0096125348797068,0.0096125348797068,0.0
FN,-146,0.00968821523245424,0.00968821523245424,0.0
FN,-145,0.009669670453295112,0.009669670453295112,0.0
FN,-144,0.009675026051700114,0.009675026051700114,0.0
FN,-143,0.009650524780154228,0.009650524780154228,0.0
FN,-142,0.009599753986112774,0.009599753986112774,0.0
FN,-141,0.009567017736844718,0.009567017736844718,0.0
FN,-140,0.009399028779007494,0.009399028779007494,0.0
FN,-139,0.009267362477257847,0.009267362477257847,0.0
FN,-138,0.009220906835980713,0.009220906835980713,0.0
FN,-137,0.00921801364980638,0.00921801364980638,0.0
FN,-136,0.00940198550466448,0.00940198550466448,0.0
FN,-135,0.009389285431243479,0.009389285431243479,0.0
FN,-134,0.009329361780546606,0.009329361780546606,0.0
FN,-133,0.009290944342501462,0.009290944342501462,0.0
FN,-132,0.009221974578686058,0.009221974578686058,0.0
FN,-131,0.009247468272224068,0.009247468272224068,0.0
FN,-130,0.009411042579449714,0.009411042579449714,0.0
FN,-129,0.009427299653179944,0.009427299653179944,0.0
FN,-128,0.009374240273609757,0.009374240273609757,0.0
FN,-127,0.009300815216265619,0.009300815216265619,0.0
FN,-126,0.009316599676385522,0.009316599676385522,0.0
FN,-125,0.009290654016658663,0.009290654016658663,0.0
FN,-124,0.009346235683187843,0.009346235683187843,0.0
FN,-123,0.009263757867738604,0.009263757867738604,0.0
FN,-122,0.009378617727197707,0.009378617727197707,0.0
FN,-121,0.009470738205127418,0.009470738205127418,0.0
FN,-120,0.009507641182281076,0.009507641182281076,0.0
FN,-119,0.009356880001723767,0.009356880001723767,0.0
FN,-118,0.009350207173265518,0.009350207173265518,0.0
FN,-117,0.009306948985904456,0.009306948985904456,0.0
FN,-116,0.00938197918701917,0.00938197918701917,0.0
FN,-115,0.009265323113650083,0.009265323113650083,0.0
FN,-114,0.009309390392154455,0.009309390392154455,0.0
FN,-113,0.009368587257340551,0.009368587257340551,0.0
FN,-112,0.009349171174690127,0.009349171174690127,0.0
FN,-111,0.009356255936436355,0.009356255936436355,0.0
FN,-110,0.009383877241052687,0.009383877241052687,0.0
FN,-109,0.009544276352971792,0.009544276352971792,0.0
FN,-108,0.00957115083001554,0.00957115083001554,0.0
FN,-107,0.009668378541246057,0.009668378541246057,0.0
FN,-106,0.009849856928922237,0.009849856928922237,0.0
FN,-105,0.00985235155094415,0.00985235155094415,0.0
FN,-104,0.009881034675054252,0.009881034675054252,0.0
FN,-103,0.009815024146810174,0.009815024146810174,0.0
FN,-102,0.00981229854747653,0.00981229854747653,0.0
FN,-101,0.010023059025406837,0.010023059025406837,0.0
FN,-100,0.009997594114392995,0.009997594114392995,0.0
FN,-99,0.01001889537088573,0.01001889537088573,0.0
FN,-98,0.010046511408872902,0.010046511408872902,0.0
FN,-97,0.010058202114887536,0.010058202114887536,0.0
FN,-96,0.009979658420197665,0.009979658420197665,0.0
FN,-95,0.01001691648736596,0.01001691648736596,0.0
FN,-94,0.009784577637910843,0.009784577637910843,0.0
FN,-93,0.009818161306902766,0.009818161306902766,0.0
FN,-92,0.009819494737312197,0.009819494737312197,0.0
FN,-91,0.009836278609000146,0.009836278609000146,0.0
FN,-90,0.009893669788725674,0.009893669788725674,0.0
FN,-89,0.009818707681261004,0.009818707681261004,0.0
FN,-88,0.009629425411112606,0.009629425411112606,0.0
FN,-87,0.009675681279040872,0.009675681279040872,0.0
FN,-86,0.009634275333955883,0.009634275333955883,0.0
FN,-85,0.009649069281294942,0.009649069281294942,0.0
FN,-84,0.009738143384456634,0.009738143384456634,0.0
FN,-83,0.009705223944038152,0.009705223944038152,0.0
FN,-82,0.009682099432684482,0.009682099432684482,0.0
FN,-81,0.009641342698596417,0.009641342698596417,0.0
FN,-80,0.009634302449412643,0.009634302449412643,0.0
FN,-79,0.009592277011834086,0.009592277011834086,0.0
FN,-78,0.009758516266010701,0.009758516266010701,0.0
FN,-77,0.00976690426003188,0.00976690426003188,0.0
FN,-76,0.009798404010944069,0.009798404010944069,0.0
FN,-75,0.009738551918417215,0.009738551918417215,0.0
FN,-74,0.009841262772679328,0.009841262772679328,0.0
FN,-73,0.00985103911254555,0.00985103911254555,0.0
FN,-72,0.009823199342936278,0.009823199342936278,0.0
FN,-71,0.009746401365846395,0.009746401365846395,0.0
FN,-70,0.00978882187511772,0.00978882187511772,0.0
FN,-69,0.009759675390087067,0.009759675390087067,0.0
FN,-68,0.009837060258723796,0.009837060258723796,0.0
FN,-67,0.009711614190600813,0.009711614190600813,0.0
FN,-66,0.009790831431746482,0.009790831431746482,0.0
FN,-65,0.00975354072637856,0.00975354072637856,0.0
FN,-64,0.009712339080870151,0.009712339080870151,0.0
FN,-63,0.009656458999961615,0.009656458999961615,0.0
FN,-62,0.009660672191530465,0.009660672191530465,0.0
FN,-61,0.009601378105580807,0.009601378105580807,0.0
FN,-60,0.0096259855479002,0.0096259855479002,0.0
FN,-59,0.009796936949715018,0.009796936949715018,0.0
FN,-58,0.009819482290185987,0.009819482290185987,0.0
FN,-57,0.009758905689232052,0.009758905689232052,0.0
FN,-56,0.009743999615311623,0.009743999615311623,0.0
FN,-55,0.009723730757832528,0.009723730757832528,0.0
FN,-54,0.009751521800644695,0.009751521800644695,0.0
FN,-53,0.009686284861527384,0.009686284861527384,0.0
FN,-52,0.009813286843709648,0.009813286843709648,0.0
FN,-51,0.009834382133558393,0.009834382133558393,0.0
FN,-50,0.009757615402340889,0.009757615402340889,0.0
FN,-49,0.009787818472832442,0.009787818472832442,0.0
FN,-48,0.009704470727592706,0.009704470727592706,0.0
FN,-47,0.009660575310699642,0.009660575310699642,0.0
FN,-46,0.009741911734454333,0.009741911734454333,0.0
FN,-45,0.009662755257450044,0.009662755257450044,0.0
FN,-44,0.009870016393251716,0.009870016393251716,0.0
FN,-43,0.009871225054375828,0.009871225054375828,0.0
FN,-42,0.009799492196179926,0.009799492196179926,0.0
FN,-41,0.009812047658488154,0.009812047658488154,0.0
FN,-40,0.009827394243329764,0.009827394243329764,0.0
FN,-39,0.010261564366519451,0.010261564366519451,0.0
FN,-38,0.010198809346184135,0.010198809346184135,0.0
FN,-37,0.010157019142061472,0.010157019142061472,0.0
FN,-36,0.010142229106277227,0.010142229106277227,0.0
FN,-35,0.010159182325005532,0.010159182325005532,0.0
FN,-34,0.010224229828454555,0.010224229828454555,0.0
FN,-33,0.01028428322635591,0.01028428322635591,0.0
FN,-32,0.010427276147529483,0.010427276147529483,0.0
FN,-31,0.009930281769484281,0.009930281769484281,0.0
FN,-30,0.009975374387577176,0.009975374387577176,0.0
FN,-29,0.009944439576938748,0.009944439576938748,0.0
FN,-28,0.009835580484941603,0.009835580484941603,0.0
FN,-27,0.009995121192187071,0.009995121192187071,0.0
FN,-26,0.010069845039397477,0.010069845039397477,0.0
FN,-25,0.009960025618784129,0.009960025618784129,0.0
FN,-24,0.00997197645250708,0.00997197645250708,0.0
FN,-23,0.009942317898385226,0.009942317898385226,0.0
FN,-22,0.00996456599328667,0.00996456599328667,0.0
FN,-21,0.009916255427524447,0.009916255427524447,0.0
FN,-20,0.009849445004947483,0.009849445004947483,0.0
FN,-19,0.009864428876899183,0.009864428876899183,0.0
FN,-18,0.010051274523139,0.010051274523139,0.0
FN,-17,0.010071496916934848,0.010071496916934848,0.0
FN,-16,0.010034253932535648,0.010034253932535648,0.0
FN,-15,0.010077279647812248,0.010077279647812248,0.0
FN,-14,0.010070802792906761,0.010070802792906761,0.0
FN,-13,0.010140871433541178,0.010140871433541178,0.0
FN,-12,0.010051214024424554,0.010051214024424554,0.0
FN,-11,0.010130858616903424,0.010130858616903424,0.0
FN,-10,0.010121732419356703,0.010121732419356703,0.0
FN,-9,0.010191905871033668,0.010191905871033668,0.0
FN,-8,0.010112684974446893,0.010112684974446893,0.0
FN,-7,0.009984595449641347,0.009984595449641347,0.0
FN,-6,0.009909801576286554,0.009909801576286554,0.0
FN,-5,0.009953278014436365,0.009953278014436365,0.0
FN,-4,0.010194511665031315,0.010194511665031315,0.0
FN,-3,0.010168524216860533,0.010168524216860533,0.0
FN,-2,0.009926023986190557,0.009926023986190557,0.0
FN,-1,0.009922995120286942,0.009922995120286942,0.0
FN,0,0.00988643486984074,0.00988643486984074,0.0
FN,1,0.009851980432868003,0.009851980432868003,0.0
FN,2,0.0098667355440557,0.0098667355440557,0.0
FN,3,0.00985488636419177,0.00985488636419177,0.0
FN,4,0.009868290671147407,0.009868290671147407,0.0
FN,5,0.00986253605224192,0.00986253605224192,0.0
FN,6,0.009746471699327231,0.009746471699327231,0.0
FN,7,0.00973982958123088,0.00973982958123088,0.0
FN,8,0.00971825691871345,0.00971825691871345,0.0
FN,9,0.009632870033383369,0.009632870033383369,0.0
FN,10,0.009474271731451154,0.009474271731451154,0.0
FN,11,0.009517742693424225,0.009517742693424225,0.0
FN,12,0.009648698717355728,0.009648698717355728,0.0
FN,13,0.009725965466350317,0.009725965466350317,0.0
FN,14,0.009666342982091009,0.009666342982091009,0.0
FN,15,0.009767583832144737,0.009767583832144737,0.0
FN,16,0.009782952396199108,0.009782952396199108,0.0
FN,17,0.009754509306512773,0.009754509306512773,0.0
FN,18,0.00967172909528017,0.00967172909528017,0.0
FN,19,0.009739098222926259,0.009739098222926259,0.0
FN,20,0.009607761087827384,0.009607761087827384,0.0
FN,21,0.009675539298914373,0.009675539298914373,0.0
FN,22,0.009670142005197703,0.009670142005197703,0.0
FN,23,0.009682995867915451,0.009682995867915451,0.0
FN,24,0.00957914266269654,0.00957914266269654,0.0
FN,25,0.009884228729642928,0.009884228729642928,0.0
FN,26,0.009890490104444325,0.009890490104444325,0.0
FN,27,0.00983639108017087,0.00983639108017087,0.0
FN,28,0.009862015284597873,0.009862015284597873,0.0
FN,29,0.00996135026216507,0.00996135026216507,0.0
FN,30,0.010022798608988524,0.010022798608988524,0.0
FN,31,0.010029203533194959,0.010029203533194959,0.0
FN,32,0.010118879824876786,0.010118879824876786,0.0
FN,33,0.010031134756281972,0.010031134756281972,0.0
FN,34,0.009938597972504794,0.009938597972504794,0.0
FN,35,0.010022046640515328,0.010022046640515328,0.0
FN,36,0.010008128569461405,0.010008128569461405,0.0
FN,37,0.009945544567890464,0.009945544567890464,0.0
FN,38,0.009860322871245443,0.009860322871245443,0.0
FN,39,0.00984842058736831,0.00984842058736831,0.0
FN,40,0.00998664665967226,0.00998664665967226,0.0
FN,41,0.009964255252853035,0.009964255252853035,0.0
FN,42,0.010088372020982206,0.010088372020982206,0.0
FN,43,0.010147193013690412,0.010147193013690412,0.0
FN,44,0.010230911453254521,0.010230911453254521,0.0
FN,45,0.01034119117539376,0.01034119117539376,0.0
FN,46,0.010281432340852915,0.010281432340852915,0.0
FN,47,0.010482029668055474,0.010482029668055474,0.0
FN,48,0.010481730005703866,0.010481730005703866,0.0
FN,49,0.01067752877715975,0.01067752877715975,0.0
FN,50,0.010670782369561493,0.010670782369561493,0.0
FN,51,0.01063797422684729,0.01063797422684729,0.0
FN,52,0.01048691488802433,0.01048691488802433,0.0
FN,53,0.010399002926424145,0.010399002926424145,0.0
FN,54,0.010373525954782963,0.010373525954782963,0.0
FN,55,0.010283903307281435,0.010283903307281435,0.0
FN,56,0.010206967941485345,0.010206967941485345,0.0
FN,57,0.010033235563896596,0.010033235563896596,0.0
FN,58,0.010072258450090885,0.010072258450090885,0.0
FN,59,0.010186059847474099,0.010186059847474099,0.0
FN,60,0.010139228533953428,0.010139228533953428,0.0
FN,61,0.010163617897778749,0.010163617897778749,0.0
FN,62,0.010167347588576377,0.010167347588576377,0.0
FN,63,0.01020239669829607,0.01020239669829607,0.0
FN,64,0.010083715650252997,0.010083715650252997,0.0
FN,65,0.010139314560219645,0.010139314560219645,0.0
FN,66,0.010145119582302868,0.010145119582302868,0.0
FN,67,0.010115284784696997,0.010115284784696997,0.0
FN,68,0.009974488080479205,0.009974488080479205,0.0
FN,69,0.009923403370194137,0.009923403370194137,0.0
FN,70,0.010013484777882695,0.010013484777882695,0.0
FN,71,0.009929566886276006,0.009929566886276006,0.0
FN,72,0.00993479068391025,0.00993479068391025,0.0
FN,73,0.009872728404588997,0.009872728404588997,0.0
FN,74,0.00995428039226681,0.00995428039226681,0.0
FN,75,0.009965219432488084,0.009965219432488084,0.0
FN,76,0.009973602434620261,0.009973602434620261,0.0
FN,77,0.009995969100855292,0.009995969100855292,0.0
FN,78,0.009896405250765383,0.009896405250765383,0.0
FN,79,0.009967860085889697,0.009967860085889697,0.0
FN,80,0.009898869176395238,0.009898869176395238,0.0
FN,81,0.009910709778778256,0.009910709778778256,0.0
FN,82,0.009927097507752478,0.009927097507752478,0.0
FN,83,0.009897038699127733,0.009897038699127733,0.0
FN,84,0.009860596628859639,0.009860596628859639,0.0
FN,85,0.009548198916018009,0.009548198916018009,0.0
FN,86,0.009589699055068195,0.009589699055068195,0.0
FN,87,0.009662641151808203,0.009662641151808203,0.0
FN,88,0.00955405636690557,0.00955405636690557,0.0
FN,89,0.00974081851541996,0.00974081851541996,0.0
FN,90,0.009715639143250883,0.009715639143250883,0.0
FN,91,0.009939977708272636,0.009939977708272636,0.0
FN,92,0.009798732721246779,0.009798732721246779,0.0
FN,93,0.009742244645021856,0.009742244645021856,0.0
FN,94,0.009988177795894443,0.009988177795894443,0.0
FN,95,0.009985859054140747,0.009985859054140747,0.0
FN,96,0.009905476532876491,0.009905476532876491,0.0
FN,97,0.009933365657925606,0.009933365657925606,0.0
FN,98,0.009997948869131506,0.009997948869131506,0.0
FN,99,0.009840648523531854,0.009840648523531854,0.0
FN,100,0.009839519318193197,0.009839519318193197,0.0
FN,101,0.009864990157075227,0.009864990157075227,0.0
FN,102,0.009860117663629353,0.009860117663629353,0.0
FN,103,0.009882321855984628,0.009882321855984628,0.0
FN,104,0.009803333501331508,0.009803333501331508,0.0
FN,105,0.009949992564506828,0.009949992564506828,0.0
FN,106,0.009978345786221325,0.009978345786221325,0.0
FN,107,0.010009126011282206,0.010009126011282206,0.0
FN,108,0.01001033939421177,0.01001033939421177,0.0
FN,109,0.009991763532161713,0.009991763532161713,0.0
FN,110,0.010086505180224777,0.010086505180224777,0.0
FN,111,0.010070897042751312,0.010070897042751312,0.0
FN,112,0.010044262716546655,0.010044262716546655,0.0
FN,113,0.010176844000816344,0.010176844000816344,0.0
FN,114,0.010152197731658817,0.010152197731658817,0.0
FN,115,0.010177315603941679,0.010177315603941679,0.0
FN,116,0.010136916553601622,0.010136916553601622,0.0
FN,117,0.010175230549648404,0.010175230549648404,0.0
FN,118,0.010140728428959847,0.010140728428959847,0.0
FN,119,0.010193369830958546,0.010193369830958546,0.0
FN,120,0.009886487983167172,0.009886487983167172,0.0
FN,121,0.00989116305951029,0.00989116305951029,0.0
FN,122,0.009807164943777025,0.009807164943777025,0.0
FN,123,0.009802461871877312,0.009802461871877312,0.0
FN,124,0.009919752734713256,0.009919752734713256,0.0
FN,125,0.00994912703987211,0.00994912703987211,0.0
FN,126,0.009949854044243693,0.009949854044243693,0.0
FN,127,0.010013449415564537,0.010013449415564537,0.0
FN,128,0.010090504363179207,0.010090504363179207,0.0
FN,129,0.010042994222603739,0.010042994222603739,0.0
FN,130,0.00998554090037942,0.00998554090037942,0.0
FN,131,0.01001852129586041,0.01001852129586041,0.0
FN,132,0.009980514929629862,0.009980514929629862,0.0
FN,133,0.010014352570287884,0.010014352570287884,0.0
FN,134,0.01009560891892761,0.01009560891892761,0.0
FN,135,0.010268275975249708,0.010268275975249708,0.0
FN,136,0.010427301521413029,0.010427301521413029,0.0
FN,137,0.010356903611682355,0.010356903611682355,0.0
FN,138,0.010420218301005662,0.010420218301005662,0.0
FN,139,0.010205347375012934,0.010205347375012934,0.0
FN,140,0.010090342522598803,0.010090342522598803,0.0
FN,141,0.010091237290762365,0.010091237290762365,0.0
FN,142,0.01014456732198596,0.01014456732198596,0.0
FN,143,0.010200753025710583,0.010200753025710583,0.0
FN,144,0.010228487802669406,0.010228487802669406,0.0
FN,145,0.010245061907917262,0.010245061907917262,0.0
FN,146,0.010131055861711502,0.010131055861711502,0.0
FN,147,0.010069954944774508,0.010069954944774508,0.0
FN,148,0.010027276761829853,0.010027276761829853,0.0
FN,149,0.009960720939561725,0.009960720939561725,0.0
FN,150,0.010015301457606256,0.010015301457606256,0.0
FN,151,0.009865111522376537,0.009865111522376537,0.0
FN,152,0.00990326089784503,0.00990326089784503,0.0
FN,153,0.009809763478115201,0.009809763478115201,0.0
FN,154,0.009788617137819528,0.009788617137819528,0.0
FN,155,0.00985971124842763,0.00985971124842763,0.0
FN,156,0.009818637003190816,0.009818637003190816,0.0
FN,157,0.009635648769326509,0.009635648769326509,0.0
FN,158,0.009644603007473052,0.009644603007473052,0.0
FN,159,0.009658456775359809,0.009658456775359809,0.0
FN,160,0.009669943056069314,0.009669943056069314,0.0
FN,161,0.009504833207465709,0.009504833207465709,0.0
FN,162,0.00950120841152966,0.00950120841152966,0.0
FN,163,0.009744685729965568,0.009744685729965568,0.0
FN,164,0.009770670873112976,0.009770670873112976,0.0
FN,165,0.009822471048682929,0.009822471048682929,0.0
FN,166,0.009868460716679692,0.009868460716679692,0.0
FN,167,0.009850144027732313,0.009850144027732313,0.0
FN,168,0.009866888415999711,0.009866888415999711,0.0
FN,169,0.0099816267285496,0.0099816267285496,0.0
FN,170,0.009885113807395101,0.009885113807395101,0.0
FN,171,0.009868839588016272,0.009868839588016272,0.0
FN,172,0.009789810050278902,0.009789810050278902,0.0
FN,173,0.009748192206025123,0.009748192206025123,0.0
FN,174,0.0096775669651106,0.0096775669651106,0.0
FN,175,0.009764812760986388,0.009764812760986388,0.0
FN,176,0.009773988253436982,0.009773988253436982,0.0
FN,177,0.009795731473714113,0.009795731473714113,0.0
FN,178,0.009797257110476494,0.009797257110476494,0.0
FN,179,0.009828467899933458,0.009828467899933458,0.0
FN,180,0.009746486088261008,0.009746486088261008,0.0
FN,181,0.009739040904678404,0.009739040904678404,0.0
FN,182,0.009876331849955022,0.009876331849955022,0.0
FN,183,0.00985171486157924,0.00985171486157924,0.0
FN,184,0.009920849427580834,0.009920849427580834,0.0
FN,185,0.00994447008240968,0.00994447008240968,0.0
FN,186,0.009930218597874045,0.009930218597874045,0.0
FN,187,0.009881815542466938,0.009881815542466938,0.0
FN,188,0.009922646773047746,0.009922646773047746,0.0
FN,189,0.009797211349941791,0.009797211349941791,0.0
FN,190,0.009829947515390814,0.009829947515390814,0.0
FN,191,0.009875286472961306,0.009875286472961306,0.0
FN,192,0.009680587984621524,0.009680587984621524,0.0
FN,193,0.00963256276678294,0.00963256276678294,0.0
FN,194,0.009773068213835358,0.009773068213835358,0.0
FN,195,0.009786283997818827,0.009786283997818827,0.0
FN,196,0.00979464415460825,0.00979464415460825,0.0
FN,197,0.009786067460663617,0.009786067460663617,0.0
FN,198,0.009827516884543001,0.009827516884543001,0.0
FN,199,0.009702327288687229,0.009702327288687229,0.0
FN,200,0.009583781906403601,0.009583781906403601,0.0
FN,201,0.009564175503328443,0.009564175503328443,0.0
FN,202,0.00951396971475333,0.00951396971475333,0.0
FN,203,0.009624956250190735,0.009624956250190735,0.0
FN,204,0.009677802161313594,0.009677802161313594,0.0
FN,205,0.009634390259161591,0.009634390259161591,0.0
FN,206,0.009597587641328573,0.009597587641328573,0.0
FP,-206,0.009414536855183541,0.009414536855183541,0.0
FP,-205,0.009380201655440033,0.009380201655440033,0.0
FP,-204,0.009304797411896288,0.009304797411896288,0.0
FP,-203,0.009276883946731686,0.009276883946731686,0.0
FP,-202,0.009302073423750699,0.009302073423750699,0.0
FP,-201,0.00933575727045536,0.00933575727045536,0.0
FP,-200,0.00927934425882995,0.00927934425882995,0.0
FP,-199,0.009199762418866157,0.009199762418866157,0.0
FP,-198,0.009248097310774028,0.009248097310774028,0.0
FP,-197,0.009229790419340134,0.009229790419340134,0.0
FP,-196,0.009356673555448652,0.009356673555448652,0.0
FP,-195,0.009349504709243775,0.009349504709243775,0.0
FP,-194,0.009418458766303957,0.009418458766303957,0.0
FP,-193,0.009512222544290126,0.009512222544290126,0.0
FP,-192,0.009501627045683563,0.009501627045683563,0.0
FP,-191,0.009543334762565792,0.009543334762565792,0.0
FP,-190,0.009487698655575513,0.009487698655575513,0.0
FP,-189,0.009403876676224172,0.009403876676224172,0.0
FP,-188,0.009386705248616636,0.009386705248616636,0.0
FP,-187,0.009341845642775298,0.009341845642775298,0.0
FP,-186,0.00937655046582222,0.00937655046582222,0.0
FP,-185,0.009394861659966409,0.009394861659966409,0.0
FP,-184,0.009316640896722675,0.009316640896722675,0.0
FP,-183,0.009248527381569147,0.009248527381569147,0.0
FP,-182,0.009359944090247154,0.009359944090247154,0.0
FP,-181,0.009410822298377752,0.009410822298377752,0.0
FP,-180,0.00949201321695,0.00949201321695,0.0
FP,-179,0.009518144824542106,0.009518144824542106,0.0
FP,-178,0.009686240493319929,0.009686240493319929,0.0
FP,-177,0.009710126952268184,0.009710126952268184,0.0
FP,-176,0.009639767515473067,0.009639767515473067,0.0
FP,-175,0.009605647679418326,0.009605647679418326,0.0
FP,-174,0.009487541979178787,0.009487541979178787,0.0
FP,-173,0.009379700664430857,0.009379700664430857,0.0
FP,-172,0.00935867180582136,0.00935867180582136,0.0
FP,-171,0.00939906076528132,0.00939906076528132,0.0
FP,-170,0.009596813735552132,0.009596813735552132,0.0
FP,-169,0.009602151382714509,0.009602151382714509,0.0
FP,-168,0.00966693283058703,0.00966693283058703,0.0
FP,-167,0.00968958692625165,0.00968958692625165,0.0
FP,-166,0.009642098555341363,0.009642098555341363,0.0
FP,-165,0.0096327093988657,0.0096327093988657,0.0
FP,-164,0.009530820627696812,0.009530820627696812,0.0
FP,-163,0.009529125019907951,0.009529125019907951,0.0
FP,-162,0.009611363029107452,0.009611363029107452,0.0
FP,-161,0.009597327001392842,0.009597327001392842,0.0
FP,-160,0.00962675314862281,0.00962675314862281,0.0
FP,-159,0.009494803296402097,0.009494803296402097,0.0
FP,-158,0.009474596581421793,0.009474596581421793,0.0
FP,-157,0.009461008822545408,0.009461008822545408,0.0
FP,-156,0.009482960035093128,0.009482960035093128,0.0
FP,-155,0.009551587649621069,0.009551587649621069,0.0
FP,-154,0.009549404778517782,0.009549404778517782,0.0
FP,-153,0.009591923677362502,0.009591923677362502,0.0
FP,-152,0.009619093327783048,0.009619093327783048,0.0
FP,-151,0.009559123637154698,0.009559123637154698,0.0
FP,-150,0.00951833404134959,0.00951833404134959,0.0
FP,-149,0.009481357648037375,0.009481357648037375,0.0
FP,-148,0.009414015058428048,0.009414015058428048,0.0
FP,-147,0.00944209048524499,0.00944209048524499,0.0
FP,-146,0.009428463904187083,0.009428463904187083,0.0
FP,-145,0.009539915770292283,0.009539915770292283,0.0
FP,-144,0.009551499537192285,0.009551499537192285,0.0
FP,-143,0.009601201824843884,0.009601201824843884,0.0
FP,-142,0.009691906203515828,0.009691906203515828,0.0
FP,-141,0.009640390686690807,0.009640390686690807,0.0
FP,-140,0.009666129043325781,0.009666129043325781,0.0
FP,-139,0.009699529525823892,0.009699529525823892,0.0
FP,-138,0.009747342090122402,0.009747342090122402,0.0
FP,-137,0.009794571399688722,0.009794571399688722,0.0
FP,-136,0.009725263682194054,0.009725263682194054,0.0
FP,-135,0.009691524761728942,0.009691524761728942,0.0
FP,-134,0.009675006843172013,0.009675006843172013,0.0
FP,-133,0.009736508503556252,0.009736508503556252,0.0
FP,-132,0.009757740464992821,0.009757740464992821,0.0
FP,-131,0.009766710586845875,0.009766710586845875,0.0
FP,-130,0.009700621068477631,0.009700621068477631,0.0
FP,-129,0.009716331008821726,0.009716331008821726,0.0
FP,-128,0.009749562167562544,0.009749562167562544,0.0
FP,-127,0.009739781441166996,0.009739781441166996,0.0
FP,-126,0.009720713533461094,0.009720713533461094,0.0
FP,-125,0.009800033713690936,0.009800033713690936,0.0
FP,-124,0.009752124212682248,0.009752124212682248,0.0
FP,-123,0.009796840040944516,0.009796840040944516,0.0
FP,-122,0.009760818602517247,0.009760818602517247,0.0
FP,-121,0.00973067793995142,0.00973067793995142,0.0
FP,-120,0.009636526159010828,0.009636526159010828,0.0
FP,-119,0.009756016312167048,0.009756016312167048,0.0
FP,-118,0.009747620569542051,0.009747620569542051,0.0
FP,-117,0.009779898612760008,0.009779898612760008,0.0
FP,-116,0.009871113826520742,0.009871113826520742,0.0
FP,-115,0.009926211633719505,0.009926211633719505,0.0
FP,-114,0.009903471427969634,0.009903471427969634,0.0
FP,-113,0.009886396150104702,0.009886396150104702,0.0
FP,-112,0.009847455932758748,0.009847455932758748,0.0
FP,-111,0.009773736149072646,0.009773736149072646,0.0
FP,-110,0.009759348761290311,0.009759348761290311,0.0
FP,-109,0.009729027580469847,0.009729027580469847,0.0
FP,-108,0.009617433398962021,0.009617433398962021,0.0
FP,-107,0.009646253669634461,0.009646253669634461,0.0
FP,-106,0.00965049008373171,0.00965049008373171,0.0
FP,-105,0.00963461416773498,0.00963461416773498,0.0
FP,-104,0.009652508655562997,0.009652508655562997,0.0
FP,-103,0.009766782424412668,0.009766782424412668,0.0
FP,-102,0.009825011207722128,0.009825011207722128,0.0
FP,-101,0.009766694880090654,0.009766694880090654,0.0
FP,-100,0.009813446109183133,0.009813446109183133,0.0
FP,-99,0.009768427088856698,0.009768427088856698,0.0
FP,-98,0.009857161748223008,0.009857161748223008,0.0
FP,-97,0.00978585138451308,0.00978585138451308,0.0
FP,-96,0.009817879144102336,0.009817879144102336,0.0
FP,-95,0.009815449039451777,0.009815449039451777,0.0
FP,-94,0.00983257467392832,0.00983257467392832,0.0
FP,-93,0.009690506970509888,0.009690506970509888,0.0
FP,-92,0.009686781042255461,0.009686781042255461,0.0
FP,-91,0.00975429012440145,0.00975429012440145,0.0
FP,-90,0.009855417972430587,0.009855417972430587,0.0
FP,-89,0.009808616722002625,0.009808616722002625,0.0
FP,-88,0.009859305378049611,0.009859305378049611,0.0
FP,-87,0.009721894790418446,0.009721894790418446,0.0
FP,-86,0.009711620085872709,0.009711620085872709,0.0
FP,-85,0.009738607970066369,0.009738607970066369,0.0
FP,-84,0.009728568764403462,0.009728568764403462,0.0
FP,-83,0.009825966698117554,0.009825966698117554,0.0
FP,-82,0.009885112741030752,0.009885112741030752,0.0
FP,-81,0.009886126429773868,0.009886126429773868,0.0
FP,-80,0.009883384355343878,0.009883384355343878,0.0
FP,-79,0.009859911911189557,0.009859911911189557,0.0
FP,-78,0.009878741460852325,0.009878741460852325,0.0
FP,-77,0.009981588032096624,0.009981588032096624,0.0
FP,-76,0.01001191345974803,0.01001191345974803,0.0
FP,-75,0.01007422640454024,0.01007422640454024,0.0
FP,-74,0.01010496926959604,0.01010496926959604,0.0
FP,-73,0.010154234427027405,0.010154234427027405,0.0
FP,-72,0.010236696205101908,0.010236696205101908,0.0
FP,-71,0.01023851179983467,0.01023851179983467,0.0
FP,-70,0.010168884615413844,0.010168884615413844,0.0
FP,-69,0.010262111094780266,0.010262111094780266,0.0
FP,-68,0.010189538239501417,0.010189538239501417,0.0
FP,-67,0.01026387106627226,0.01026387106627226,0.0
FP,-66,0.010293858358636498,0.010293858358636498,0.0
FP,-65,0.010247123376466334,0.010247123376466334,0.0
FP,-64,0.010422786283306777,0.010422786283306777,0.0
FP,-63,0.010416145864874125,0.010416145864874125,0.0
FP,-62,0.010397336827591062,0.010397336827591062,0.0
FP,-61,0.010291243423707783,0.010291243423707783,0.0
FP,-60,0.010326276570558547,0.010326276570558547,0.0
FP,-59,0.010256128730252384,0.010256128730252384,0.0
FP,-58,0.010243056318722665,0.010243056318722665,0.0
FP,-57,0.010317473686300219,0.010317473686300219,0.0
FP,-56,0.010298907738178969,0.010298907738178969,0.0
FP,-55,0.010343322646804154,0.010343322646804154,0.0
FP,-54,0.01025273339357227,0.01025273339357227,0.0
FP,-53,0.010233008600771427,0.010233008600771427,0.0
FP,-52,0.01035627905279398,0.01035627905279398,0.0
FP,-51,0.010365853537805378,0.010365853537805378,0.0
FP,-50,0.01032960921060294,0.01032960921060294,0.0
FP,-49,0.01038668089080602,0.01038668089080602,0.0
FP,-48,0.010360308974049985,0.010360308974049985,0.0
FP,-47,0.01042722951155156,0.01042722951155156,0.0
FP,-46,0.010448300200514495,0.010448300200514495,0.0
FP,-45,0.010258978488855064,0.010258978488855064,0.0
FP,-44,0.010288713038899005,0.010288713038899005,0.0
FP,-43,0.010444786190055311,0.010444786190055311,0.0
FP,-42,0.010505617018789054,0.010505617018789054,0.0
FP,-41,0.010533701786771417,0.010533701786771417,0.0
FP,-40,0.010462144827470184,0.010462144827470184,0.0
FP,-39,0.010361232869327068,0.010361232869327068,0.0
FP,-38,0.010376433129422366,0.010376433129422366,0.0
FP,-37,0.010334500311873853,0.010334500311873853,0.0
FP,-36,0.010429146438837052,0.010429146438837052,0.0
FP,-35,0.010489158257842064,0.010489158257842064,0.0
FP,-34,0.01050481763202697,0.01050481763202697,0.0
FP,-33,0.01064981342293322,0.01064981342293322,0.0
FP,-32,0.010629863068461419,0.010629863068461419,0.0
FP,-31,0.010712329465895891,0.010712329465895891,0.0
FP,-30,0.010793398260138929,0.010793398260138929,0.0
FP,-29,0.010749633768573403,0.010749633768573403,0.0
FP,-28,0.010724206035956741,0.010724206035956741,0.0
FP,-27,0.010754523552022874,0.010754523552022874,0.0
FP,-26,0.010856028427369893,0.010856028427369893,0.0
FP,-25,0.010863030855543911,0.010863030855543911,0.0
FP,-24,0.010835658297874034,0.010835658297874034,0.0
FP,-23,0.010809605601243675,0.010809605601243675,0.0
FP,-22,0.010877332068048418,0.010877332068048418,0.0
FP,-21,0.01087189863435924,0.01087189863435924,0.0
FP,-20,0.010641899788752199,0.010641899788752199,0.0
FP,-19,0.01065128818154335,0.01065128818154335,0.0
FP,-18,0.01074564513284713,0.01074564513284713,0.0
FP,-17,0.010709110884927214,0.010709110884927214,0.0
FP,-16,0.010733812064863742,0.010733812064863742,0.0
FP,-15,0.010751568539999425,0.010751568539999425,0.0
FP,-14,0.010654067574068903,0.010654067574068903,0.0
FP,-13,0.010547233284451068,0.010547233284451068,0.0
FP,-12,0.010612768614664673,0.010612768614664673,0.0
FP,-11,0.010654009655117988,0.010654009655117988,0.0
FP,-10,0.01084440297447145,0.01084440297447145,0.0
FP,-9,0.010917601948603988,0.010917601948603988,0.0
FP,-8,0.010961047373712063,0.010961047373712063,0.0
FP,-7,0.01095561039634049,0.01095561039634049,0.0
FP,-6,0.011007466693408787,0.011007466693408787,0.0
FP,-5,0.011075216876342893,0.011075216876342893,0.0
FP,-4,0.010922446311451495,0.010922446311451495,0.0
FP,-3,0.010880236518569291,0.010880236518569291,0.0
FP,-2,0.010878754323348403,0.010878754323348403,0.0
FP,-1,0.010770241203717888,0.010770241203717888,0.0
FP,0,0.010867110420949757,0.010867110420949757,0.0
FP,1,0.010941894110292196,0.010941894110292196,0.0
FP,2,0.011039067828096449,0.011039067828096449,0.0
FP,3,0.010922025116160512,0.010922025116160512,0.0
FP,4,0.011006779423914849,0.011006779423914849,0.0
FP,5,0.010882426504977047,0.010882426504977047,0.0
FP,6,0.010860067000612617,0.010860067000612617,0.0
FP,7,0.010859382073394954,0.010859382073394954,0.0
FP,8,0.01083741073962301,0.01083741073962301,0.0
FP,9,0.010775128388777375,0.010775128388777375,0.0
FP,10,0.010656738728284836,0.010656738728284836,0.0
FP,11,0.010768081899732352,0.010768081899732352,0.0
FP,12,0.010875200759619475,0.010875200759619475,0.0
FP,13,0.010889457296580076,0.010889457296580076,0.0
FP,14,0.010874248994514345,0.010874248994514345,0.0
FP,15,0.010997871700674296,0.010997871700674296,0.0
FP,16,0.0109361989563331,0.0109361989563331,0.0
FP,17,0.010868077389895916,0.010868077389895916,0.0
FP,18,0.010932959783822298,0.010932959783822298,0.0
FP,19,0.010902693821117282,0.010902693821117282,0.0
FP,20,0.010746049121953547,0.010746049121953547,0.0
FP,21,0.010727060129866003,0.010727060129866003,0.0
FP,22,0.010739769218489528,0.010739769218489528,0.0
FP,23,0.010655043432489037,0.010655043432489037,0.0
FP,24,0.010650473851710559,0.010650473851710559,0.0
FP,25,0.010641869837418199,0.010641869837418199,0.0
FP,26,0.010530177829787135,0.010530177829787135,0.0
FP,27,0.01045410624705255,0.01045410624705255,0.0
FP,28,0.0104798795375973,0.0104798795375973,0.0
FP,29,0.010462536378763616,0.010462536378763616,0.0
FP,30,0.010341875748708844,0.010341875748708844,0.0
FP,31,0.010423759804107249,0.010423759804107249,0.0
FP,32,0.010442229430191219,0.010442229430191219,0.0
FP,33,0.010520055363886059,0.010520055363886059,0.0
FP,34,0.010489178523421287,0.010489178523421287,0.0
FP,35,0.01062272747978568,0.01062272747978568,0.0
FP,36,0.010518123069778085,0.010518123069778085,0.0
FP,37,0.010668310588225722,0.010668310588225722,0.0
FP,38,0.010673874798230827,0.010673874798230827,0.0
FP,39,0.010680261845700444,0.010680261845700444,0.0
FP,40,0.01063255650922656,0.01063255650922656,0.0
FP,41,0.010710164769552648,0.010710164769552648,0.0
FP,42,0.010602370523847639,0.010602370523847639,0.0
FP,43,0.010453333174809813,0.010453333174809813,0.0
FP,44,0.010505442237481476,0.010505442237481476,0.0
FP,45,0.010432707499712706,0.010432707499712706,0.0
FP,46,0.010458658132702112,0.010458658132702112,0.0
FP,47,0.010371047775261105,0.010371047775261105,0.0
FP,48,0.010411668824963272,0.010411668824963272,0.0
FP,49,0.010416501401923597,0.010416501401923597,0.0
FP,50,0.010327096516266464,0.010327096516266464,0.0
FP,51,0.010368341645225883,0.010368341645225883,0.0
FP,52,0.010359608097933232,0.010359608097933232,0.0
FP,53,0.010299278208985924,0.010299278208985924,0.0
FP,54,0.010229141544550657,0.010229141544550657,0.0
FP,55,0.010230176774784923,0.010230176774784923,0.0
FP,56,0.010283845085650683,0.010283845085650683,0.0
FP,57,0.01027634053491056,0.01027634053491056,0.0
FP,58,0.01030447918921709,0.01030447918921709,0.0
FP,59,0.010256801201030612,0.010256801201030612,0.0
FP,60,0.010276925964280963,0.010276925964280963,0.0
FP,61,0.01020315557718277,0.01020315557718277,0.0
FP,62,0.010104740257374942,0.010104740257374942,0.0
FP,63,0.010116195171140135,0.010116195171140135,0.0
FP,64,0.010170229752548039,0.010170229752548039,0.0
FP,65,0.010135682909749448,0.010135682909749448,0.0
FP,66,0.010118668000213802,0.010118668000213802,0.0
FP,67,0.010147763187997044,0.010147763187997044,0.0
FP,68,0.010085120662115515,0.010085120662115515,0.0
FP,69,0.010040726279839873,0.010040726279839873,0.0
FP,70,0.009955296167172492,0.009955296167172492,0.0
FP,71,0.009949892875738442,0.009949892875738442,0.0
FP,72,0.009951715478673578,0.009951715478673578,0.0
FP,73,0.009977135760709643,0.009977135760709643,0.0
FP,74,0.009958646600134671,0.009958646600134671,0.0
FP,75,0.009893305734731257,0.009893305734731257,0.0
FP,76,0.009858535057865082,0.009858535057865082,0.0
FP,77,0.009940736382268368,0.009940736382268368,0.0
FP,78,0.009940943806432187,0.009940943806432187,0.0
FP,79,0.010071720574051141,0.010071720574051141,0.0
FP,80,0.009951860914006828,0.009951860914006828,0.0
FP,81,0.00992228620685637,0.00992228620685637,0.0
FP,82,0.0098733572056517,0.0098733572056517,0.0
FP,83,0.009906944464892148,0.009906944464892148,0.0
FP,84,0.009987678471952676,0.009987678471952676,0.0
FP,85,0.01014645115006715,0.01014645115006715,0.0
FP,86,0.010046316250227392,0.010046316250227392,0.0
FP,87,0.010102015156298876,0.010102015156298876,0.0
FP,88,0.010046980092301965,0.010046980092301965,0.0
FP,89,0.010160180809907614,0.010160180809907614,0.0
FP,90,0.010164827248081565,0.010164827248081565,0.0
FP,91,0.010148170981556176,0.010148170981556176,0.0
FP,92,0.010177742363885045,0.010177742363885045,0.0
FP,93,0.010191850173287094,0.010191850173287094,0.0
FP,94,0.010184935759752989,0.010184935759752989,0.0
FP,95,0.010204334119334817,0.010204334119334817,0.0
FP,96,0.010159099083393812,0.010159099083393812,0.0
FP,97,0.010145410858094693,0.010145410858094693,0.0
FP,98,0.010034932508133351,0.010034932508133351,0.0
FP,99,0.009812053316272796,0.009812053316272796,0.0
FP,100,0.009803389734588563,0.009803389734588563,0.0
FP,101,0.009760516858659685,0.009760516858659685,0.0
FP,102,0.0098118664836511,0.0098118664836511,0.0
FP,103,0.009848825777880847,0.009848825777880847,0.0
FP,104,0.009818206117488444,0.009818206117488444,0.0
FP,105,0.009932975680567325,0.009932975680567325,0.0
FP,106,0.009850736665539444,0.009850736665539444,0.0
FP,107,0.009925885312259197,0.009925885312259197,0.0
FP,108,0.010000147419050335,0.010000147419050335,0.0
FP,109,0.009950710455887019,0.009950710455887019,0.0
FP,110,0.009909854899160565,0.009909854899160565,0.0
FP,111,0.009904972859658301,0.009904972859658301,0.0
FP,112,0.009944577068090439,0.009944577068090439,0.0
FP,113,0.010026942077092826,0.010026942077092826,0.0
FP,114,0.010079810013994574,0.010079810013994574,0.0
FP,115,0.010178487244993449,0.010178487244993449,0.0
FP,116,0.010166136901825667,0.010166136901825667,0.0
FP,117,0.010093654254451394,0.010093654254451394,0.0
FP,118,0.010109112169593572,0.010109112169593572,0.0
FP,119,0.010087647717446089,0.010087647717446089,0.0
FP,120,0.010088789742439985,0.010088789742439985,0.0
FP,121,0.009932405082508922,0.009932405082508922,0.0
FP,122,0.009919340652413667,0.009919340652413667,0.0
FP,123,0.009924114663153887,0.009924114663153887,0.0
FP,124,0.00974507476668805,0.00974507476668805,0.0
FP,125,0.009678137432783842,0.009678137432783842,0.0
FP,126,0.009739602459594607,0.009739602459594607,0.0
FP,127,0.009734835028648376,0.009734835028648376,0.0
FP,128,0.009720474630594254,0.009720474630594254,0.0
FP,129,0.009706390742212533,0.009706390742212533,0.0
FP,130,0.009807223910465837,0.009807223910465837,0.0
FP,131,0.009858245509676636,0.009858245509676636,0.0
FP,132,0.009892188007943331,0.009892188007943331,0.0
FP,133,0.009862558450549841,0.009862558450549841,0.0
FP,134,0.009875656650401653,0.009875656650401653,0.0
FP,135,0.009823551075533033,0.009823551075533033,0.0
FP,136,0.009803189416415989,0.009803189416415989,0.0
FP,137,0.009788212375715375,0.009788212375715375,0.0
FP,138,0.009773641806095839,0.009773641806095839,0.0
FP,139,0.00976220185868442,0.00976220185868442,0.0
FP,140,0.009858482591807842,0.009858482591807842,0.0
FP,141,0.009841652354225516,0.009841652354225516,0.0
FP,142,0.009854748500511051,0.009854748500511051,0.0
FP,143,0.009844596618786455,0.009844596618786455,0.0
FP,144,0.009824328431859613,0.009824328431859613,0.0
FP,145,0.009746098169125616,0.009746098169125616,0.0
FP,146,0.009650621125474572,0.009650621125474572,0.0
FP,147,0.00967193468939513,0.00967193468939513,0.0
FP,148,0.009661634261719882,0.009661634261719882,0.0
FP,149,0.009695932562462985,0.009695932562462985,0.0
FP,150,0.00970752771012485,0.00970752771012485,0.0
FP,151,0.009792483886703849,0.009792483886703849,0.0
FP,152,0.009767803866416215,0.009767803866416215,0.0
FP,153,0.00970044792164117,0.00970044792164117,0.0
FP,154,0.009602066110819579,0.009602066110819579,0.0
FP,155,0.009598730029538274,0.009598730029538274,0.0
FP,156,0.009540438656695188,0.009540438656695188,0.0
FP,157,0.009621547497808934,0.009621547497808934,0.0
FP,158,0.009620467242784798,0.009620467242784798,0.0
FP,159,0.009634469915181399,0.009634469915181399,0.0
FP,160,0.009572308254428208,0.009572308254428208,0.0
FP,161,0.009497475442476571,0.009497475442476571,0.0
FP,162,0.009412758303806185,0.009412758303806185,0.0
FP,163,0.00944052008446306,0.00944052008446306,0.0
FP,164,0.009387856321409345,0.009387856321409345,0.0
FP,165,0.009283365244045853,0.009283365244045853,0.0
FP,166,0.009286055318079888,0.009286055318079888,0.0
FP,167,0.00917435041628778,0.00917435041628778,0.0
FP,168,0.009235151628963649,0.009235151628963649,0.0
FP,169,0.009309880607761443,0.009309880607761443,0.0
FP,170,0.009214549013413488,0.009214549013413488,0.0
FP,171,0.009154225364327431,0.009154225364327431,0.0
FP,172,0.00912812219467014,0.00912812219467014,0.0
FP,173,0.009150500544346869,0.009150500544346869,0.0
FP,174,0.009143432630226015,0.009143432630226015,0.0
FP,175,0.009162506144493819,0.009162506144493819,0.0
FP,176,0.009126045601442456,0.009126045601442456,0.0
FP,177,0.00913488821592182,0.00913488821592182,0.0
FP,178,0.00911981557495892,0.00911981557495892,0.0
FP,179,0.009304426899179817,0.009304426899179817,0.0
FP,180,0.009269688511267304,0.009269688511267304,0.0
FP,181,0.009137726686894894,0.009137726686894894,0.0
FP,182,0.009136226018890739,0.009136226018890739,0.0
FP,183,0.009107567416504026,0.009107567416504026,0.0
FP,184,0.009077414404600859,0.009077414404600859,0.0
FP,185,0.009188128300011159,0.009188128300011159,0.0
FP,186,0.00920981307979673,0.00920981307979673,0.0
FP,187,0.009116057874634861,0.009116057874634861,0.0
FP,188,0.009071888579055666,0.009071888579055666,0.0
FP,189,0.009103722586296499,0.009103722586296499,0.0
FP,190,0.009160932889208197,0.009160932889208197,0.0
FP,191,0.009203753788024188,0.009203753788024188,0.0
FP,192,0.009247629549354314,0.009247629549354314,0.0
FP,193,0.009132394911721348,0.009132394911721348,0.0
FP,194,0.00909604132641107,0.00909604132641107,0.0
FP,195,0.009147376189939677,0.009147376189939677,0.0
FP,196,0.009077986287884414,0.009077986287884414,0.0
FP,197,0.009056859137490391,0.009056859137490391,0.0
FP,198,0.00902036170475185,0.00902036170475185,0.0
FP,199,0.008944015973247588,0.008944015973247588,0.0
FP,200,0.00878289703745395,0.00878289703745395,0.0
FP,201,0.008788274400867522,0.008788274400867522,0.0
FP,202,0.008851016983389854,0.008851016983389854,0.0
FP,203,0.00893518095370382,0.00893518095370382,0.0
FP,204,0.008982872841879725,0.008982872841879725,0.0
FP,205,0.009048860925249756,0.009048860925249756,0.0
FP,206,0.009137071128934622,0.009137071128934622,0.0
TN,-206,0.00906720606610179,0.00906720606610179,0.0
TN,-205,0.009145738016813993,0.009145738016813993,0.0
TN,-204,0.009218511581420898,0.009218511581420898,0.0
TN,-203,0.009088810244575142,0.009088810244575142,0.0
TN,-202,0.009121134984306991,0.009121134984306991,0.0
TN,-201,0.009151137326844036,0.009151137326844036,0.0
TN,-200,0.009145004618912935,0.009145004618912935,0.0
TN,-199,0.009178011799231172,0.009178011799231172,0.0
TN,-198,0.009205702282488347,0.009205702282488347,0.0
TN,-197,0.009145227991975844,0.009145227991975844,0.0
TN,-196,0.009190168171189726,0.009190168171189726,0.0
TN,-195,0.009210418402217329,0.009210418402217329,0.0
TN,-194,0.009266646360047162,0.009266646360047162,0.0
TN,-193,0.009401193195953965,0.009401193195953965,0.0
TN,-192,0.009362895213998855,0.009362895213998855,0.0
TN,-191,0.009378534508869052,0.009378534508869052,0.0
TN,-190,0.009465453806333244,0.009465453806333244,0.0
TN,-189,0.00949901331216097,0.00949901331216097,0.0
TN,-188,0.009549452988430858,0.009549452988430858,0.0
TN,-187,0.00948534115217626,0.00948534115217626,0.0
TN,-186,0.009530211724340916,0.009530211724340916,0.0
TN,-185,0.009566551265306771,0.009566551265306771,0.0
TN,-184,0.009536982993595303,0.009536982993595303,0.0
TN,-183,0.009576433449983596,0.009576433449983596,0.0
TN,-182,0.009509842568077147,0.009509842568077147,0.0
TN,-181,0.009461098443716764,0.009461098443716764,0.0
TN,-180,0.009461728259921073,0.009461728259921073,0.0
TN,-179,0.00944820137694478,0.00944820137694478,0.0
TN,-178,0.009508263571187853,0.009508263571187853,0.0
TN,-177,0.00947089618537575,0.00947089618537575,0.0
TN,-176,0.009484970839694143,0.009484970839694143,0.0
TN,-175,0.009584177304059267,0.009584177304059267,0.0
TN,-174,0.009639951549470425,0.009639951549470425,0.0
TN,-173,0.00964926993008703,0.00964926993008703,0.0
TN,-172,0.00960522429086268,0.00960522429086268,0.0
TN,-171,0.009557576361112296,0.009557576361112296,0.0
TN,-170,0.009589635189622641,0.009589635189622641,0.0
TN,-169,0.009643614455126227,0.009643614455126227,0.0
TN,-168,0.009704279899597167,0.009704279899597167,0.0
TN,-167,0.009727737298235298,0.009727737298235298,0.0
TN,-166,0.00972307708580047,0.00972307708580047,0.0
TN,-165,0.009661789131350816,0.009661789131350816,0.0
TN,-164,0.009719063374213875,0.009719063374213875,0.0
TN,-163,0.009640315207652747,0.009640315207652747,0.0
TN,-162,0.009459041627123951,0.009459041627123951,0.0
TN,-161,0.009484508368186652,0.009484508368186652,0.0
TN,-160,0.009496419527567922,0.009496419527567922,0.0
TN,-159,0.00952993294224143,0.00952993294224143,0.0
TN,-158,0.009504222222603857,0.009504222222603857,0.0
TN,-157,0.00943883997388184,0.00943883997388184,0.0
TN,-156,0.009402445098385215,0.009402445098385215,0.0
TN,-155,0.009406509418040514,0.009406509418040514,0.0
TN,-154,0.009357739980332553,0.009357739980332553,0.0
TN,-153,0.009386522811837494,0.009386522811837494,0.0
TN,-152,0.009390075043775141,0.009390075043775141,0.0
TN,-151,0.009418631293810905,0.009418631293810905,0.0
TN,-150,0.00937948924023658,0.00937948924023658,0.0
TN,-149,0.009469726979732513,0.009469726979732513,0.0
TN,-148,0.009454924017190933,0.009454924017190933,0.0
TN,-147,0.009445098359137774,0.009445098359137774,0.0
TN,-146,0.00953911928460002,0.00953911928460002,0.0
TN,-145,0.009509330014698208,0.009509330014698208,0.0
TN,-144,0.009534378880634903,0.009534378880634903,0.0
TN,-143,0.009568004915490747,0.009568004915490747,0.0
TN,-142,0.009625768745318055,0.009625768745318055,0.0
TN,-141,0.009608939364552498,0.009608939364552498,0.0
TN,-140,0.009600278595462442,0.009600278595462442,0.0
TN,-139,0.00946678186301142,0.00946678186301142,0.0
TN,-138,0.009470050339587033,0.009470050339587033,0.0
TN,-137,0.009445330700837076,0.009445330700837076,0.0
TN,-136,0.009462808421812952,0.009462808421812952,0.0
TN,-135,0.009558089901693165,0.009558089901693165,0.0
TN,-134,0.009647816689684986,0.009647816689684986,0.0
TN,-133,0.009628987689502537,0.009628987689502537,0.0
TN,-132,0.00971717430278659,0.00971717430278659,0.0
TN,-131,0.009742455324158072,0.009742455324158072,0.0
TN,-130,0.009747232287190854,0.009747232287190854,0.0
TN,-129,0.009667139248922468,0.009667139248922468,0.0
TN,-128,0.009671783624216914,0.009671783624216914,0.0
TN,-127,0.00964737334754318,0.00964737334754318,0.0
TN,-126,0.009622000819072128,0.009622000819072128,0.0
TN,-125,0.009629569523967802,0.009629569523967802,0.0
TN,-124,0.009651637617498637,0.009651637617498637,0.0
TN,-123,0.0096573539217934,0.0096573539217934,0.0
TN,-122,0.009647395056672394,0.009647395056672394,0.0
TN,-121,0.009621221735142172,0.009621221735142172,0.0
TN,-120,0.00953931523952633,0.00953931523952633,0.0
TN,-119,0.009554607816971839,0.009554607816971839,0.0
TN,-118,0.00955306996125728,0.00955306996125728,0.0
TN,-117,0.00961389166302979,0.00961389166302979,0.0
TN,-116,0.009629177837632596,0.009629177837632596,0.0
TN,-115,0.009599998211488128,0.009599998211488128,0.0
TN,-114,0.009647097899578511,0.009647097899578511,0.0
TN,-113,0.009708090163767337,0.009708090163767337,0.0
TN,-112,0.009653663444332779,0.009653663444332779,0.0
TN,-111,0.009656275939196348,0.009656275939196348,0.0
TN,-110,0.009664158578962087,0.009664158578962087,0.0
TN,-109,0.009598947707563638,0.009598947707563638,0.0
TN,-108,0.009646608605980872,0.009646608605980872,0.0
TN,-107,0.009771348126232624,0.009771348126232624,0.0
TN,-106,0.009664209857583046,0.009664209857583046,0.0
TN,-105,0.009709429228678346,0.009709429228678346,0.0
TN,-104,0.00962774206418544,0.00962774206418544,0.0
TN,-103,0.009696636274456978,0.009696636274456978,0.0
TN,-102,0.009637758722528816,0.009637758722528816,0.0
TN,-101,0.009625323805958033,0.009625323805958033,0.0
TN,-100,0.00965213448740542,0.00965213448740542,0.0
TN,-99,0.009647257365286351,0.009647257365286351,0.0
TN,-98,0.009688746985048055,0.009688746985048055,0.0
TN,-97,0.009660046752542258,0.009660046752542258,0.0
TN,-96,0.00967706525232643,0.00967706525232643,0.0
TN,-95,0.009735508342273533,0.009735508342273533,0.0
TN,-94,0.009825403694994747,0.009825403694994747,0.0
TN,-93,0.009734738771803676,0.009734738771803676,0.0
TN,-92,0.00982664325274527,0.00982664325274527,0.0
TN,-91,0.00980876350775361,0.00980876350775361,0.0
TN,-90,0.009775481894612312,0.009775481894612312,0.0
TN,-89,0.009760081903077662,0.009760081903077662,0.0
TN,-88,0.009682800848968326,0.009682800848968326,0.0
TN,-87,0.009586855084635318,0.009586855084635318,0.0
TN,-86,0.009474731953814626,0.009474731953814626,0.0
TN,-85,0.009563188310712576,0.009563188310712576,0.0
TN,-84,0.009608453060500323,0.009608453060500323,0.0
TN,-83,0.00961997360456735,0.00961997360456735,0.0
TN,-82,0.009604352596215903,0.009604352596215903,0.0
TN,-81,0.009607301387004554,0.009607301387004554,0.0
TN,-80,0.009651913247071207,0.009651913247071207,0.0
TN,-79,0.009687132243998349,0.009687132243998349,0.0
TN,-78,0.00968929374590516,0.00968929374590516,0.0
TN,-77,0.00963542638346553,0.00963542638346553,0.0
TN,-76,0.009677923587150871,0.009677923587150871,0.0
TN,-75,0.009672387358732522,0.009672387358732522,0.0
TN,-74,0.009657577103935182,0.009657577103935182,0.0
TN,-73,0.009702249518595637,0.009702249518595637,0.0
TN,-72,0.009607314611785114,0.009607314611785114,0.0
TN,-71,0.009607952702790499,0.009607952702790499,0.0
TN,-70,0.00945548583753407,0.00945548583753407,0.0
TN,-69,0.009498876184225083,0.009498876184225083,0.0
TN,-68,0.009419636707752943,0.009419636707752943,0.0
TN,-67,0.009442739952355624,0.009442739952355624,0.0
TN,-66,0.009483616463840008,0.009483616463840008,0.0
TN,-65,0.009537369199097156,0.009537369199097156,0.0
TN,-64,0.009540323074907065,0.009540323074907065,0.0
TN,-63,0.00950341673567891,0.00950341673567891,0.0
TN,-62,0.009635326475836337,0.009635326475836337,0.0
TN,-61,0.00962821048218757,0.00962821048218757,0.0
TN,-60,0.009704704186879099,0.009704704186879099,0.0
TN,-59,0.009741815831512212,0.009741815831512212,0.0
TN,-58,0.00974143113475293,0.00974143113475293,0.0
TN,-57,0.009719207058660686,0.009719207058660686,0.0
TN,-56,0.009579529189504683,0.009579529189504683,0.0
TN,-55,0.009562882692553103,0.009562882692553103,0.0
TN,-54,0.009604040370322763,0.009604040370322763,0.0
TN,-53,0.00952327810227871,0.00952327810227871,0.0
TN,-52,0.009587263818830252,0.009587263818830252,0.0
TN,-51,0.009586973036639392,0.009586973036639392,0.0
TN,-50,0.009578011785633863,0.009578011785633863,0.0
TN,-49,0.00965041654650122,0.00965041654650122,0.0
TN,-48,0.009607772850431502,0.009607772850431502,0.0
TN,-47,0.009635188127867877,0.009635188127867877,0.0
TN,-46,0.009700990677811206,0.009700990677811206,0.0
TN,-45,0.009666565735824407,0.009666565735824407,0.0
TN,-44,0.0097245013108477,0.0097245013108477,0.0
TN,-43,0.00969211577437818,0.00969211577437818,0.0
TN,-42,0.009706697259098292,0.009706697259098292,0.0
TN,-41,0.00968950473703444,0.00968950473703444,0.0
TN,-40,0.009719827412627637,0.009719827412627637,0.0
TN,-39,0.009672532100230455,0.009672532100230455,0.0
TN,-38,0.009641334558837115,0.009641334558837115,0.0
TN,-37,0.0095892149861902,0.0095892149861902,0.0
TN,-36,0.009588970621116459,0.009588970621116459,0.0
TN,-35,0.009625881561078131,0.009625881561078131,0.0
TN,-34,0.009691190002486109,0.009691190002486109,0.0
TN,-33,0.009748762552626432,0.009748762552626432,0.0
TN,-32,0.009856202928349376,0.009856202928349376,0.0
TN,-31,0.009893298344686628,0.009893298344686628,0.0
TN,-30,0.009794997861608862,0.009794997861608862,0.0
TN,-29,0.009806772200390697,0.009806772200390697,0.0
TN,-28,0.009809629572555423,0.009809629572555423,0.0
TN,-27,0.009759449078701436,0.009759449078701436,0.0
TN,-26,0.009664576225914061,0.009664576225914061,0.0
TN,-25,0.009659440787509084,0.009659440787509084,0.0
TN,-24,0.009615266947075724,0.009615266947075724,0.0
TN,-23,0.009614983722567558,0.009614983722567558,0.0
TN,-22,0.009539776062592865,0.009539776062592865,0.0
TN,-21,0.009590446734800934,0.009590446734800934,0.0
TN,-20,0.00959143324289471,0.00959143324289471,0.0
TN,-19,0.00961748224683106,0.00961748224683106,0.0
TN,-18,0.009712227340787648,0.009712227340787648,0.0
TN,-17,0.009700070447288454,0.009700070447288454,0.0
TN,-16,0.0097721898695454,0.0097721898695454,0.0
TN,-15,0.009757721149362623,0.009757721149362623,0.0
TN,-14,0.009652215647511184,0.009652215647511184,0.0
TN,-13,0.009653219762258232,0.009653219762258232,0.0
TN,-12,0.00972186628729105,0.00972186628729105,0.0
TN,-11,0.00969140341039747,0.00969140341039747,0.0
TN,-10,0.009606127166189254,0.009606127166189254,0.0
TN,-9,0.00967372952029109,0.00967372952029109,0.0
TN,-8,0.009770901394076645,0.009770901394076645,0.0
TN,-7,0.009807575177401304,0.009807575177401304,0.0
TN,-6,0.00975777127314359,0.00975777127314359,0.0
TN,-5,0.00981180822942406,0.00981180822942406,0.0
TN,-4,0.0098262070864439,0.0098262070864439,0.0
TN,-3,0.009869821816682816,0.009869821816682816,0.0
TN,-2,0.00989531715400517,0.00989531715400517,0.0
TN,-1,0.009788402542471885,0.009788402542471885,0.0
TN,0,0.009812150569632649,0.009812150569632649,0.0
TN,1,0.009889216609299183,0.009889216609299183,0.0
TN,2,0.009861950846388936,0.009861950846388936,0.0
TN,3,0.009733005771413445,0.009733005771413445,0.0
TN,4,0.009587146933190524,0.009587146933190524,0.0
TN,5,0.009673154326155781,0.009673154326155781,0.0
TN,6,0.009677549684420228,0.009677549684420228,0.0
TN,7,0.009710052320733666,0.009710052320733666,0.0
TN,8,0.00984967296011746,0.00984967296011746,0.0
TN,9,0.009835071917623282,0.009835071917623282,0.0
TN,10,0.009840508438646794,0.009840508438646794,0.0
TN,11,0.009796905294060708,0.009796905294060708,0.0
TN,12,0.009793380429036914,0.009793380429036914,0.0
TN,13,0.009740778137929737,0.009740778137929737,0.0
TN,14,0.009759026309475304,0.009759026309475304,0.0
TN,15,0.009743263483978809,0.009743263483978809,0.0
TN,16,0.009767761169932783,0.009767761169932783,0.0
TN,17,0.009835198419168592,0.009835198419168592,0.0
TN,18,0.00990424062591046,0.00990424062591046,0.0
TN,19,0.009879650501534342,0.009879650501534342,0.0
TN,20,0.009866295848041773,0.009866295848041773,0.0
TN,21,0.00970069003291428,0.00970069003291428,0.0
TN,22,0.00970047088805586,0.00970047088805586,0.0
TN,23,0.009676371412351727,0.009676371412351727,0.0
TN,24,0.009621951961889863,0.009621951961889863,0.0
TN,25,0.00968181255273521,0.00968181255273521,0.0
TN,26,0.009713310673832893,0.009713310673832893,0.0
TN,27,0.009676780034787953,0.009676780034787953,0.0
TN,28,0.009631157303228974,0.009631157303228974,0.0
TN,29,0.009540171967819333,0.009540171967819333,0.0
TN,30,0.009498705621808767,0.009498705621808767,0.0
TN,31,0.009577418873086573,0.009577418873086573,0.0
TN,32,0.009518003440462053,0.009518003440462053,0.0
TN,33,0.009632921968586743,0.009632921968586743,0.0
TN,34,0.00962669680826366,0.00962669680826366,0.0
TN,35,0.009664020463824273,0.009664020463824273,0.0
TN,36,0.009630724620074034,0.009630724620074034,0.0
TN,37,0.009592028204351663,0.009592028204351663,0.0
TN,38,0.009580522933974862,0.009580522933974862,0.0
TN,39,0.009654486542567611,0.009654486542567611,0.0
TN,40,0.009767126101069152,0.009767126101069152,0.0
TN,41,0.009790556854568422,0.009790556854568422,0.0
TN,42,0.00984341701027006,0.00984341701027006,0.0
TN,43,0.009979584240354597,0.009979584240354597,0.0
TN,44,0.010020610787905752,0.010020610787905752,0.0
TN,45,0.01010504559148103,0.01010504559148103,0.0
TN,46,0.010225268639624118,0.010225268639624118,0.0
TN,47,0.01019515904597938,0.01019515904597938,0.0
TN,48,0.010147941340692341,0.010147941340692341,0.0
TN,49,0.010187439951114357,0.010187439951114357,0.0
TN,50,0.010129474992863834,0.010129474992863834,0.0
TN,51,0.010127393500879408,0.010127393500879408,0.0
TN,52,0.010168628515675664,0.010168628515675664,0.0
TN,53,0.010193553296849131,0.010193553296849131,0.0
TN,54,0.010164068834856153,0.010164068834856153,0.0
TN,55,0.010228171488270163,0.010228171488270163,0.0
TN,56,0.010172578254714609,0.010172578254714609,0.0
TN,57,0.010122022060677409,0.010122022060677409,0.0
TN,58,0.010127734877169132,0.010127734877169132,0.0
TN,59,0.01006276990287006,0.01006276990287006,0.0
TN,60,0.010070985830388964,0.010070985830388964,0.0
TN,61,0.009992888490669429,0.009992888490669429,0.0
TN,62,0.009880981985479593,0.009880981985479593,0.0
TN,63,0.009858617046847939,0.009858617046847939,0.0
TN,64,0.009891529437154531,0.009891529437154531,0.0
TN,65,0.009806582778692246,0.009806582778692246,0.0
TN,66,0.009886982277967036,0.009886982277967036,0.0
TN,67,0.009809918380342423,0.009809918380342423,0.0
TN,68,0.00976153174880892,0.00976153174880892,0.0
TN,69,0.009764534994028509,0.009764534994028509,0.0
TN,70,0.009809418208897113,0.009809418208897113,0.0
TN,71,0.009796990295872093,0.009796990295872093,0.0
TN,72,0.009871694422326983,0.009871694422326983,0.0
TN,73,0.00983806378673762,0.00983806378673762,0.0
TN,74,0.009811467761173844,0.009811467761173844,0.0
TN,75,0.010000725211575627,0.010000725211575627,0.0
TN,76,0.009995093550533057,0.009995093550533057,0.0
TN,77,0.009996445239521564,0.009996445239521564,0.0
TN,78,0.009982682927511633,0.009982682927511633,0.0
TN,79,0.009924349342472851,0.009924349342472851,0.0
TN,80,0.009973247167654336,0.009973247167654336,0.0
TN,81,0.009949612230993807,0.009949612230993807,0.0
TN,82,0.009875988457351922,0.009875988457351922,0.0
TN,83,0.009820272820070386,0.009820272820070386,0.0
TN,84,0.009780013943091035,0.009780013943091035,0.0
TN,85,0.00975959911942482,0.00975959911942482,0.0
TN,86,0.009773545004427432,0.009773545004427432,0.0
TN,87,0.009715726636350154,0.009715726636350154,0.0
TN,88,0.009762937808409334,0.009762937808409334,0.0
TN,89,0.009721080819144846,0.009721080819144846,0.0
TN,90,0.009770001908764243,0.009770001908764243,0.0
TN,91,0.009708972950465976,0.009708972950465976,0.0
TN,92,0.009709867215715349,0.009709867215715349,0.0
TN,93,0.009717743867076934,0.009717743867076934,0.0
TN,94,0.009667071895673871,0.009667071895673871,0.0
TN,95,0.009606374870054423,0.009606374870054423,0.0
TN,96,0.009675142164342105,0.009675142164342105,0.0
TN,97,0.009716382222250105,0.009716382222250105,0.0
TN,98,0.009769498147070408,0.009769498147070408,0.0
TN,99,0.009786951220594347,0.009786951220594347,0.0
TN,100,0.009772273539565503,0.009772273539565503,0.0
TN,101,0.009881702987477183,0.009881702987477183,0.0
TN,102,0.009922028318978846,0.009922028318978846,0.0
TN,103,0.009890186521224677,0.009890186521224677,0.0
TN,104,0.009834184567444027,0.009834184567444027,0.0
TN,105,0.009822763046249747,0.009822763046249747,0.0
TN,106,0.009846425084397196,0.009846425084397196,0.0
TN,107,0.009916817382909358,0.009916817382909358,0.0
TN,108,0.009884371724911033,0.009884371724911033,0.0
TN,109,0.009844386386685073,0.009844386386685073,0.0
TN,110,0.009771623634733259,0.009771623634733259,0.0
TN,111,0.009812105856835842,0.009812105856835842,0.0
TN,112,0.009945211359299719,0.009945211359299719,0.0
TN,113,0.00998224105220288,0.00998224105220288,0.0
TN,114,0.009999023904092609,0.009999023904092609,0.0
TN,115,0.010014086375012993,0.010014086375012993,0.0
TN,116,0.010041088219732047,0.010041088219732047,0.0
TN,117,0.010125751309096813,0.010125751309096813,0.0
TN,118,0.010320138153620064,0.010320138153620064,0.0
TN,119,0.010283538331277669,0.010283538331277669,0.0
TN,120,0.010152377183549105,0.010152377183549105,0.0
TN,121,0.010133125600405038,0.010133125600405038,0.0
TN,122,0.010126676927320659,0.010126676927320659,0.0
TN,123,0.010099139069207013,0.010099139069207013,0.0
TN,124,0.010112322671338915,0.010112322671338915,0.0
TN,125,0.009991514352150262,0.009991514352150262,0.0
TN,126,0.00995081887114793,0.00995081887114793,0.0
TN,127,0.00997865414712578,0.00997865414712578,0.0
TN,128,0.009964579143561423,0.009964579143561423,0.0
TN,129,0.0101131660817191,0.0101131660817191,0.0
TN,130,0.010080364388413728,0.010080364388413728,0.0
TN,131,0.010021037603728473,0.010021037603728473,0.0
TN,132,0.00996451755054295,0.00996451755054295,0.0
TN,133,0.009934218944981693,0.009934218944981693,0.0
TN,134,0.009848680472932756,0.009848680472932756,0.0
TN,135,0.009833572669886053,0.009833572669886053,0.0
TN,136,0.009910797607153654,0.009910797607153654,0.0
TN,137,0.009948916048742831,0.009948916048742831,0.0
TN,138,0.009998091156594455,0.009998091156594455,0.0
TN,139,0.009947729050181806,0.009947729050181806,0.0
TN,140,0.009907274586148561,0.009907274586148561,0.0
TN,141,0.009877013107761741,0.009877013107761741,0.0
TN,142,0.009825400528497993,0.009825400528497993,0.0
TN,143,0.009857775531709195,0.009857775531709195,0.0
TN,144,0.009970671669580043,0.009970671669580043,0.0
TN,145,0.010029257298447192,0.010029257298447192,0.0
TN,146,0.010029816343449056,0.010029816343449056,0.0
TN,147,0.010019091912545264,0.010019091912545264,0.0
TN,148,0.010145605863071979,0.010145605863071979,0.0
TN,149,0.010043354951776565,0.010043354951776565,0.0
TN,150,0.010004552681930363,0.010004552681930363,0.0
TN,151,0.010123296985402703,0.010123296985402703,0.0
TN,152,0.010065167993307114,0.010065167993307114,0.0
TN,153,0.00998173551633954,0.00998173551633954,0.0
TN,154,0.009881771807558835,0.009881771807558835,0.0
TN,155,0.00972312290687114,0.00972312290687114,0.0
TN,156,0.009813232258893549,0.009813232258893549,0.0
TN,157,0.0097745791496709,0.0097745791496709,0.0
TN,158,0.009732692642137409,0.009732692642137409,0.0
TN,159,0.009760171622037888,0.009760171622037888,0.0
TN,160,0.009805621020495892,0.009805621020495892,0.0
TN,161,0.009802570124156773,0.009802570124156773,0.0
TN,162,0.009750197250396013,0.009750197250396013,0.0
TN,163,0.00979057524818927,0.00979057524818927,0.0
TN,164,0.00981529570184648,0.00981529570184648,0.0
TN,165,0.009810210568830371,0.009810210568830371,0.0
TN,166,0.009816216309554876,0.009816216309554876,0.0
TN,167,0.009930369844660163,0.009930369844660163,0.0
TN,168,0.009993300782516598,0.009993300782516598,0.0
TN,169,0.009959828187711538,0.009959828187711538,0.0
TN,170,0.010032617305405438,0.010032617305405438,0.0
TN,171,0.010011973031796515,0.010011973031796515,0.0
TN,172,0.010039613293483853,0.010039613293483853,0.0
TN,173,0.00999897766392678,0.00999897766392678,0.0
TN,174,0.009947309107519686,0.009947309107519686,0.0
TN,175,0.009989902758970857,0.009989902758970857,0.0
TN,176,0.009908016538247466,0.009908016538247466,0.0
TN,177,0.009919036743231118,0.009919036743231118,0.0
TN,178,0.00985806919168681,0.00985806919168681,0.0
TN,179,0.009860813585110009,0.009860813585110009,0.0
TN,180,0.009798277420923113,0.009798277420923113,0.0
TN,181,0.009724743249826133,0.009724743249826133,0.0
TN,182,0.009754644730128348,0.009754644730128348,0.0
TN,183,0.009729113285429776,0.009729113285429776,0.0
TN,184,0.009744244436733425,0.009744244436733425,0.0
TN,185,0.009724285108968616,0.009724285108968616,0.0
TN,186,0.009762753928080202,0.009762753928080202,0.0
TN,187,0.009747297493740916,0.009747297493740916,0.0
TN,188,0.009802451441064477,0.009802451441064477,0.0
TN,189,0.009889473980292678,0.009889473980292678,0.0
TN,190,0.009924814444966614,0.009924814444966614,0.0
TN,191,0.010024969107471407,0.010024969107471407,0.0
TN,192,0.010036507151089608,0.010036507151089608,0.0
TN,193,0.00997848707716912,0.00997848707716912,0.0
TN,194,0.009963578963652252,0.009963578963652252,0.0
TN,195,0.010038597914390266,0.010038597914390266,0.0
TN,196,0.010000381576828659,0.010000381576828659,0.0
TN,197,0.009911101688630878,0.009911101688630878,0.0
TN,198,0.009901834730990232,0.009901834730990232,0.0
TN,199,0.009862760156393051,0.009862760156393051,0.0
TN,200,0.009960954617708922,0.009960954617708922,0.0
TN,201,0.010135051854886114,0.010135051854886114,0.0
TN,202,0.010112344925291837,0.010112344925291837,0.0
TN,203,0.010062313871458173,0.010062313871458173,0.0
TN,204,0.010016555073671043,0.010016555073671043,0.0
TN,205,0.01004159445874393,0.01004159445874393,0.0
TN,206,0.01013357209507376,0.01013357209507376,0.0
TP,-206,0.009291807697154581,0.009291807697154581,0.0
TP,-205,0.009445521063171328,0.009445521063171328,0.0
TP,-204,0.009417444956488908,0.009417444956488908,0.0
TP,-203,0.009479567306116224,0.009479567306116224,0.0
TP,-202,0.009460189128294588,0.009460189128294588,0.0
TP,-201,0.00948698706459254,0.00948698706459254,0.0
TP,-200,0.009475080166012048,0.009475080166012048,0.0
TP,-199,0.009357832293026148,0.009357832293026148,0.0
TP,-198,0.009442830351181328,0.009442830351181328,0.0
TP,-197,0.009042662116698921,0.009042662116698921,0.0
TP,-196,0.009083504141308367,0.009083504141308367,0.0
TP,-195,0.009050000454299151,0.009050000454299151,0.0
TP,-194,0.00923065161332488,0.00923065161332488,0.0
TP,-193,0.00934228025842458,0.00934228025842458,0.0
TP,-192,0.009327570144087076,0.009327570144087076,0.0
TP,-191,0.00916659191250801,0.00916659191250801,0.0
TP,-190,0.009213943053036928,0.009213943053036928,0.0
TP,-189,0.009178442498669028,0.009178442498669028,0.0
TP,-188,0.009315551910549402,0.009315551910549402,0.0
TP,-187,0.009270515493117273,0.009270515493117273,0.0
TP,-186,0.009336277511902153,0.009336277511902153,0.0
TP,-185,0.009344674632884561,0.009344674632884561,0.0
TP,-184,0.009443102008663117,0.009443102008663117,0.0
TP,-183,0.009516003215685487,0.009516003215685487,0.0
TP,-182,0.009594652047380805,0.009594652047380805,0.0
TP,-181,0.009206022308208049,0.009206022308208049,0.0
TP,-180,0.009202186590991914,0.009202186590991914,0.0
TP,-179,0.009150920524261892,0.009150920524261892,0.0
TP,-178,0.008967850184999406,0.008967850184999406,0.0
TP,-177,0.008956389143131674,0.008956389143131674,0.0
TP,-176,0.008963926467113198,0.008963926467113198,0.0
TP,-175,0.008985919277183712,0.008985919277183712,0.0
TP,-174,0.00895387293305248,0.00895387293305248,0.0
TP,-173,0.008918297518976033,0.008918297518976033,0.0
TP,-172,0.008995545967482031,0.008995545967482031,0.0
TP,-171,0.009089107713662089,0.009089107713662089,0.0
TP,-170,0.00920326626393944,0.00920326626393944,0.0
TP,-169,0.009260101593099535,0.009260101593099535,0.0
TP,-168,0.009428414278663694,0.009428414278663694,0.0
TP,-167,0.009459939780645072,0.009459939780645072,0.0
TP,-166,0.009492287412285805,0.009492287412285805,0.0
TP,-165,0.009438666263595224,0.009438666263595224,0.0
TP,-164,0.009511985499411822,0.009511985499411822,0.0
TP,-163,0.009508637916296721,0.009508637916296721,0.0
TP,-162,0.009565831953659653,0.009565831953659653,0.0
TP,-161,0.009498497871682048,0.009498497871682048,0.0
TP,-160,0.009457659018225968,0.009457659018225968,0.0
TP,-159,0.009443066557869315,0.009443066557869315,0.0
TP,-158,0.009237967161461712,0.009237967161461712,0.0
TP,-157,0.009497674582526087,0.009497674582526087,0.0
TP,-156,0.009367956863716245,0.009367956863716245,0.0
TP,-155,0.009213700098916889,0.009213700098916889,0.0
TP,-154,0.009262344548478723,0.009262344548478723,0.0
TP,-153,0.00926129063591361,0.00926129063591361,0.0
TP,-152,0.00928188145160675,0.00928188145160675,0.0
TP,-151,0.009402108704671263,0.009402108704671263,0.0
TP,-150,0.009527028165757656,0.009527028165757656,0.0
TP,-149,0.009533112067729235,0.009533112067729235,0.0
TP,-148,0.009648495288565755,0.009648495288565755,0.0
TP,-147,0.009797464492730796,0.009797464492730796,0.0
TP,-146,0.009811409269459545,0.009811409269459545,0.0
TP,-145,0.009846464009024202,0.009846464009024202,0.0
TP,-144,0.009807940605096519,0.009807940605096519,0.0
TP,-143,0.009895138461142778,0.009895138461142778,0.0
TP,-142,0.00987243494950235,0.00987243494950235,0.0
TP,-141,0.009970034072175622,0.009970034072175622,0.0
TP,-140,0.009947651983238756,0.009947651983238756,0.0
TP,-139,0.01000645152758807,0.01000645152758807,0.0
TP,-138,0.01000648835208267,0.01000648835208267,0.0
TP,-137,0.009981529815122485,0.009981529815122485,0.0
TP,-136,0.009796345848590135,0.009796345848590135,0.0
TP,-135,0.009623670391738415,0.009623670391738415,0.0
TP,-134,0.009734123982489108,0.009734123982489108,0.0
TP,-133,0.009622778282500804,0.009622778282500804,0.0
TP,-132,0.009720411193557084,0.009720411193557084,0.0
TP,-131,0.009805134278722108,0.009805134278722108,0.0
TP,-130,0.009765941388905049,0.009765941388905049,0.0
TP,-129,0.009803326088003814,0.009803326088003814,0.0
TP,-128,0.009666825556196272,0.009666825556196272,0.0
TP,-127,0.009446461047045886,0.009446461047045886,0.0
TP,-126,0.009395736209116877,0.009395736209116877,0.0
TP,-125,0.009402269613929093,0.009402269613929093,0.0
TP,-124,0.009543456411920488,0.009543456411920488,0.0
TP,-123,0.009642362943850458,0.009642362943850458,0.0
TP,-122,0.009727533939294517,0.009727533939294517,0.0
TP,-121,0.009731263886205852,0.009731263886205852,0.0
TP,-120,0.00955714402254671,0.00955714402254671,0.0
TP,-119,0.009677528333850206,0.009677528333850206,0.0
TP,-118,0.009656776455231011,0.009656776455231011,0.0
TP,-117,0.009759014332666993,0.009759014332666993,0.0
TP,-116,0.009812830444425345,0.009812830444425345,0.0
TP,-115,0.009976061908528209,0.009976061908528209,0.0
TP,-114,0.010079842777922749,0.010079842777922749,0.0
TP,-113,0.010080175064504147,0.010080175064504147,0.0
TP,-112,0.010136049883440136,0.010136049883440136,0.0
TP,-111,0.010051177283748984,0.010051177283748984,0.0
TP,-110,0.009918129853904247,0.009918129853904247,0.0
TP,-109,0.009641501158475875,0.009641501158475875,0.0
TP,-108,0.009655815926380455,0.009655815926380455,0.0
TP,-107,0.009710622797720135,0.009710622797720135,0.0
TP,-106,0.009685967271216213,0.009685967271216213,0.0
TP,-105,0.009651984819211066,0.009651984819211066,0.0
TP,-104,0.009651984819211066,0.009651984819211066,0.0
TP,-103,0.009715877333655953,0.009715877333655953,0.0
TP,-102,0.009864577362313866,0.009864577362313866,0.0
TP,-101,0.009923507766798139,0.009923507766798139,0.0
TP,-100,0.009954827763140201,0.009954827763140201,0.0
TP,-99,0.010032772133126856,0.010032772133126856,0.0
TP,-98,0.010166435595601797,0.010166435595601797,0.0
TP,-97,0.010087452968582511,0.010087452968582511,0.0
TP,-96,0.010099034989252687,0.010099034989252687,0.0
TP,-95,0.010099093988537788,0.010099093988537788,0.0
TP,-94,0.01011205889750272,0.01011205889750272,0.0
TP,-93,0.010098974448628723,0.010098974448628723,0.0
TP,-92,0.010071765882894396,0.010071765882894396,0.0
TP,-91,0.01004364639520645,0.01004364639520645,0.0
TP,-90,0.010077317734248937,0.010077317734248937,0.0
TP,-89,0.009971161247231066,0.009971161247231066,0.0
TP,-88,0.010085007706657052,0.010085007706657052,0.0
TP,-87,0.009816787596791983,0.009816787596791983,0.0
TP,-86,0.009955608788877725,0.009955608788877725,0.0
TP,-85,0.01014266774058342,0.01014266774058342,0.0
TP,-84,0.01014704380184412,0.01014704380184412,0.0
TP,-83,0.01018874978646636,0.01018874978646636,0.0
TP,-82,0.010255475752055645,0.010255475752055645,0.0
TP,-81,0.010247432868927717,0.010247432868927717,0.0
TP,-80,0.01044411445967853,0.01044411445967853,0.0
TP,-79,0.010337742767296732,0.010337742767296732,0.0
TP,-78,0.010348320095799864,0.010348320095799864,0.0
TP,-77,0.010498563894070684,0.010498563894070684,0.0
TP,-76,0.010565194911323487,0.010565194911323487,0.0
TP,-75,0.010536083718761802,0.010536083718761802,0.0
TP,-74,0.010486652804538608,0.010486652804538608,0.0
TP,-73,0.010436275620013475,0.010436275620013475,0.0
TP,-72,0.010144022814929486,0.010144022814929486,0.0
TP,-71,0.010178128527477383,0.010178128527477383,0.0
TP,-70,0.010219693621620536,0.010219693621620536,0.0
TP,-69,0.010224305847659708,0.010224305847659708,0.0
TP,-68,0.010234570447355509,0.010234570447355509,0.0
TP,-67,0.010462083267048,0.010462083267048,0.0
TP,-66,0.010453101377934218,0.010453101377934218,0.0
TP,-65,0.010140072694048286,0.010140072694048286,0.0
TP,-64,0.010119703831151128,0.010119703831151128,0.0
TP,-63,0.010165187260136009,0.010165187260136009,0.0
TP,-62,0.00991431722883135,0.00991431722883135,0.0
TP,-61,0.009831746849231422,0.009831746849231422,0.0
TP,-60,0.009992064074613154,0.009992064074613154,0.0
TP,-59,0.00990004746709019,0.00990004746709019,0.0
TP,-58,0.009783114898018539,0.009783114898018539,0.0
TP,-57,0.009710233258083463,0.009710233258083463,0.0
TP,-56,0.009731854340061545,0.009731854340061545,0.0
TP,-55,0.009661778965964913,0.009661778965964913,0.0
TP,-54,0.00969537917058915,0.00969537917058915,0.0
TP,-53,0.00988365429919213,0.00988365429919213,0.0
TP,-52,0.009896512902341783,0.009896512902341783,0.0
TP,-51,0.009888745867647231,0.009888745867647231,0.0
TP,-50,0.009898432237096131,0.009898432237096131,0.0
TP,-49,0.009752289387397467,0.009752289387397467,0.0
TP,-48,0.009765855544246733,0.009765855544246733,0.0
TP,-47,0.009774156576022507,0.009774156576022507,0.0
TP,-46,0.009650563290342688,0.009650563290342688,0.0
TP,-45,0.009474489167332649,0.009474489167332649,0.0
TP,-44,0.00965442723594606,0.00965442723594606,0.0
TP,-43,0.009850163701921702,0.009850163701921702,0.0
TP,-42,0.009898330005817114,0.009898330005817114,0.0
TP,-41,0.010001789429225028,0.010001789429225028,0.0
TP,-40,0.010067582083866,0.010067582083866,0.0
TP,-39,0.010117615256458521,0.010117615256458521,0.0
TP,-38,0.010113141918554901,0.010113141918554901,0.0
TP,-37,0.010503978407941759,0.010503978407941759,0.0
TP,-36,0.010594180654734373,0.010594180654734373,0.0
TP,-35,0.010591836627572775,0.010591836627572775,0.0
TP,-34,0.010469186874106527,0.010469186874106527,0.0
TP,-33,0.010525829158723354,0.010525829158723354,0.0
TP,-32,0.010439409548416734,0.010439409548416734,0.0
TP,-31,0.010443428298458457,0.010443428298458457,0.0
TP,-30,0.010356970839202404,0.010356970839202404,0.0
TP,-29,0.010367950503714383,0.010367950503714383,0.0
TP,-28,0.010335728316567839,0.010335728316567839,0.0
TP,-27,0.010196088314987719,0.010196088314987719,0.0
TP,-26,0.010283716605044901,0.010283716605044901,0.0
TP,-25,0.010222415323369205,0.010222415323369205,0.0
TP,-24,0.01003119204659015,0.01003119204659015,0.0
TP,-23,0.01003703732509166,0.01003703732509166,0.0
TP,-22,0.009799397280439735,0.009799397280439735,0.0
TP,-21,0.009759977459907532,0.009759977459907532,0.0
TP,-20,0.009926588647067547,0.009926588647067547,0.0
TP,-19,0.0098736004345119,0.0098736004345119,0.0
TP,-18,0.009932467690669,0.009932467690669,0.0
TP,-17,0.009848828795365989,0.009848828795365989,0.0
TP,-16,0.010114138717763127,0.010114138717763127,0.0
TP,-15,0.01009637029375881,0.01009637029375881,0.0
TP,-14,0.010157428812235594,0.010157428812235594,0.0
TP,-13,0.010245921378955246,0.010245921378955246,0.0
TP,-12,0.010276455786079169,0.010276455786079169,0.0
TP,-11,0.010102444179356098,0.010102444179356098,0.0
TP,-10,0.010000437395647169,0.010000437395647169,0.0
TP,-9,0.009953677486628294,0.009953677486628294,0.0
TP,-8,0.009805934811010957,0.009805934811010957,0.0
TP,-7,0.009715963983908296,0.009715963983908296,0.0
TP,-6,0.00967916171066463,0.00967916171066463,0.0
TP,-5,0.009726216164417566,0.009726216164417566,0.0
TP,-4,0.009898175839334727,0.009898175839334727,0.0
TP,-3,0.009899713471531868,0.009899713471531868,0.0
TP,-2,0.009922104282304644,0.009922104282304644,0.0
TP,-1,0.009895255416631698,0.009895255416631698,0.0
TP,0,0.00991570582613349,0.00991570582613349,0.0
TP,1,0.010028988411650062,0.010028988411650062,0.0
TP,2,0.010122898211702704,0.010122898211702704,0.0
TP,3,0.01002548892982304,0.01002548892982304,0.0
TP,4,0.010076681524515152,0.010076681524515152,0.0
TP,5,0.010225957222282887,0.010225957222282887,0.0
TP,6,0.010157087156549095,0.010157087156549095,0.0
TP,7,0.010146921714767814,0.010146921714767814,0.0
TP,8,0.01004111023619771,0.01004111023619771,0.0
TP,9,0.010003084228374063,0.010003084228374063,0.0
TP,10,0.010007966798730195,0.010007966798730195,0.0
TP,11,0.009925606665201486,0.009925606665201486,0.0
TP,12,0.009962527290917933,0.009962527290917933,0.0
TP,13,0.009964852114208042,0.009964852114208042,0.0
TP,14,0.010094236158765852,0.010094236158765852,0.0
TP,15,0.010054860538803041,0.010054860538803041,0.0
TP,16,0.010195345603860914,0.010195345603860914,0.0
TP,17,0.010226882863789796,0.010226882863789796,0.0
TP,18,0.010226882863789796,0.010226882863789796,0.0
TP,19,0.009829270248301327,0.009829270248301327,0.0
TP,20,0.009739938615821302,0.009739938615821302,0.0
TP,21,0.009934499273076653,0.009934499273076653,0.0
TP,22,0.009958633342757822,0.009958633342757822,0.0
TP,23,0.009927119072526693,0.009927119072526693,0.0
TP,24,0.009868527599610388,0.009868527599610388,0.0
TP,25,0.010103414533659816,0.010103414533659816,0.0
TP,26,0.010276947729289531,0.010276947729289531,0.0
TP,27,0.010443885941058398,0.010443885941058398,0.0
TP,28,0.010486734388396144,0.010486734388396144,0.0
TP,29,0.010468063312582671,0.010468063312582671,0.0
TP,30,0.010399820213206113,0.010399820213206113,0.0
TP,31,0.010663838810287415,0.010663838810287415,0.0
TP,32,0.010672892504371702,0.010672892504371702,0.0
TP,33,0.010691051287576556,0.010691051287576556,0.0
TP,34,0.010791315911337734,0.010791315911337734,0.0
TP,35,0.010828675767406822,0.010828675767406822,0.0
TP,36,0.01073076507076621,0.01073076507076621,0.0
TP,37,0.010684775891713799,0.010684775891713799,0.0
TP,38,0.010903539271093905,0.010903539271093905,0.0
TP,39,0.010678692269138992,0.010678692269138992,0.0
TP,40,0.01078717023599893,0.01078717023599893,0.0
TP,41,0.010881603290326893,0.010881603290326893,0.0
TP,42,0.010928869796916842,0.010928869796916842,0.0
TP,43,0.010862875366583466,0.010862875366583466,0.0
TP,44,0.01102181164547801,0.01102181164547801,0.0
TP,45,0.010870502740144729,0.010870502740144729,0.0
TP,46,0.010659444131888449,0.010659444131888449,0.0
TP,47,0.010662446040660143,0.010662446040660143,0.0
TP,48,0.010657528238371015,0.010657528238371015,0.0
TP,49,0.010613876273855566,0.010613876273855566,0.0
TP,50,0.010660194046795368,0.010660194046795368,0.0
TP,51,0.010597402467392386,0.010597402467392386,0.0
TP,52,0.010585661330260336,0.010585661330260336,0.0
TP,53,0.010317078516818583,0.010317078516818583,0.0
TP,54,0.01032366299070418,0.01032366299070418,0.0
TP,55,0.010338967610150575,0.010338967610150575,0.0
TP,56,0.01036218224093318,0.01036218224093318,0.0
TP,57,0.010159789528697729,0.010159789528697729,0.0
TP,58,0.010283082015812397,0.010283082015812397,0.0
TP,59,0.010379223925992847,0.010379223925992847,0.0
TP,60,0.010216986145824194,0.010216986145824194,0.0
TP,61,0.010209821299649775,0.010209821299649775,0.0
TP,62,0.010024908627383412,0.010024908627383412,0.0
TP,63,0.01003471900243312,0.01003471900243312,0.0
TP,64,0.010092097371816634,0.010092097371816634,0.0
TP,65,0.009947031987830996,0.009947031987830996,0.0
TP,66,0.009940745886415242,0.009940745886415242,0.0
TP,67,0.009926511896774173,0.009926511896774173,0.0
TP,68,0.009830587222240865,0.009830587222240865,0.0
TP,69,0.009739543092437089,0.009739543092437089,0.0
TP,70,0.0098405607836321,0.0098405607836321,0.0
TP,71,0.009610879612155258,0.009610879612155258,0.0
TP,72,0.009691093219444155,0.009691093219444155,0.0
TP,73,0.009614258259534835,0.009614258259534835,0.0
TP,74,0.009722213447093963,0.009722213447093963,0.0
TP,75,0.009805416176095604,0.009805416176095604,0.0
TP,76,0.009931669710204006,0.009931669710204006,0.0
TP,77,0.00991036131978035,0.00991036131978035,0.0
TP,78,0.009879049463197589,0.009879049463197589,0.0
TP,79,0.009916823962703348,0.009916823962703348,0.0
TP,80,0.009806755636818707,0.009806755636818707,0.0
TP,81,0.009952124911360443,0.009952124911360443,0.0
TP,82,0.009823381197638809,0.009823381197638809,0.0
TP,83,0.009805738856084645,0.009805738856084645,0.0
TP,84,0.009778661928139627,0.009778661928139627,0.0
TP,85,0.009949147552251816,0.009949147552251816,0.0
TP,86,0.009855549866333604,0.009855549866333604,0.0
TP,87,0.009844962432980537,0.009844962432980537,0.0
TP,88,0.009755108086392284,0.009755108086392284,0.0
TP,89,0.009761095698922872,0.009761095698922872,0.0
TP,90,0.009960835287347435,0.009960835287347435,0.0
TP,91,0.010213175974786281,0.010213175974786281,0.0
TP,92,0.010024333777837456,0.010024333777837456,0.0
TP,93,0.010027255169115961,0.010027255169115961,0.0
TP,94,0.009944763886742293,0.009944763886742293,0.0
TP,95,0.009924567299894988,0.009924567299894988,0.0
TP,96,0.010035654567182063,0.010035654567182063,0.0
TP,97,0.009809799920767547,0.009809799920767547,0.0
TP,98,0.009881674638018012,0.009881674638018012,0.0
TP,99,0.009865014478564263,0.009865014478564263,0.0
TP,100,0.009887283788993955,0.009887283788993955,0.0
TP,101,0.009896802762523294,0.009896802762523294,0.0
TP,102,0.009729890786111355,0.009729890786111355,0.0
TP,103,0.009709076806902885,0.009709076806902885,0.0
TP,104,0.009621341996826231,0.009621341996826231,0.0
TP,105,0.009521597065031528,0.009521597065031528,0.0
TP,106,0.00930388443171978,0.00930388443171978,0.0
TP,107,0.009300537314265967,0.009300537314265967,0.0
TP,108,0.009291254496201874,0.009291254496201874,0.0
TP,109,0.009274302246049047,0.009274302246049047,0.0
TP,110,0.009215067168697714,0.009215067168697714,0.0
TP,111,0.009412298030219972,0.009412298030219972,0.0
TP,112,0.009561649314127863,0.009561649314127863,0.0
TP,113,0.009534219563938677,0.009534219563938677,0.0
TP,114,0.009523775544948876,0.009523775544948876,0.0
TP,115,0.009569772309623659,0.009569772309623659,0.0
TP,116,0.009785568374209106,0.009785568374209106,0.0
TP,117,0.009563219025731087,0.009563219025731087,0.0
TP,118,0.009563082861714065,0.009563082861714065,0.0
TP,119,0.009416526327840983,0.009416526327840983,0.0
TP,120,0.009205005918629468,0.009205005918629468,0.0
TP,121,0.009027457651682199,0.009027457651682199,0.0
TP,122,0.008921906999312341,0.008921906999312341,0.0
TP,123,0.008949154927395285,0.008949154927395285,0.0
TP,124,0.009067437234334648,0.009067437234334648,0.0
TP,125,0.008973439037799836,0.008973439037799836,0.0
TP,126,0.00891867539845407,0.00891867539845407,0.0
TP,127,0.008905317625030875,0.008905317625030875,0.0
TP,128,0.008933774633333088,0.008933774633333088,0.0
TP,129,0.009194963951595128,0.009194963951595128,0.0
TP,130,0.009266092623583973,0.009266092623583973,0.0
TP,131,0.009225367750041187,0.009225367750041187,0.0
TP,132,0.009295019153505564,0.009295019153505564,0.0
TP,133,0.009173423792235553,0.009173423792235553,0.0
TP,134,0.009173423792235553,0.009173423792235553,0.0
TP,135,0.009198199571110309,0.009198199571110309,0.0
TP,136,0.009283450925722718,0.009283450925722718,0.0
TP,137,0.009290951560251415,0.009290951560251415,0.0
TP,138,0.009295851499773562,0.009295851499773562,0.0
TP,139,0.009496983443386852,0.009496983443386852,0.0
TP,140,0.009374128598719835,0.009374128598719835,0.0
TP,141,0.009368387851864099,0.009368387851864099,0.0
TP,142,0.00938888840842992,0.00938888840842992,0.0
TP,143,0.009387633022852242,0.009387633022852242,0.0
TP,144,0.009332729442976416,0.009332729442976416,0.0
TP,145,0.009331940328702331,0.009331940328702331,0.0
TP,146,0.009249230967834593,0.009249230967834593,0.0
TP,147,0.009194302950054406,0.009194302950054406,0.0
TP,148,0.009086718652397394,0.009086718652397394,0.0
TP,149,0.0091276338044554,0.0091276338044554,0.0
TP,150,0.009176710164174437,0.009176710164174437,0.0
TP,151,0.009218131368979811,0.009218131368979811,0.0
TP,152,0.009066780861467123,0.009066780861467123,0.0
TP,153,0.008965837499126793,0.008965837499126793,0.0
TP,154,0.009168185065500439,0.009168185065500439,0.0
TP,155,0.009285653647966683,0.009285653647966683,0.0
TP,156,0.009304602793417872,0.009304602793417872,0.0
TP,157,0.00932025301270187,0.00932025301270187,0.0
TP,158,0.009343440770171582,0.009343440770171582,0.0
TP,159,0.009213076024316251,0.009213076024316251,0.0
TP,160,0.00928429885301739,0.00928429885301739,0.0
TP,161,0.009053228092379868,0.009053228092379868,0.0
TP,162,0.009015300907194615,0.009015300907194615,0.0
TP,163,0.008968295198865234,0.008968295198865234,0.0
TP,164,0.009001824818551541,0.009001824818551541,0.0
TP,165,0.008902348103001714,0.008902348103001714,0.0
TP,166,0.008959926469251513,0.008959926469251513,0.0
TP,167,0.008943009180948138,0.008943009180948138,0.0
TP,168,0.008857555380091071,0.008857555380091071,0.0
TP,169,0.008860175935551525,0.008860175935551525,0.0
TP,170,0.008865480599924922,0.008865480599924922,0.0
TP,171,0.008845372567884624,0.008845372567884624,0.0
TP,172,0.00881238283123821,0.00881238283123821,0.0
TP,173,0.008978958041407168,0.008978958041407168,0.0
TP,174,0.008970518768765033,0.008970518768765033,0.0
TP,175,0.009011858589947224,0.009011858589947224,0.0
TP,176,0.008908200785517692,0.008908200785517692,0.0
TP,177,0.008955833702348173,0.008955833702348173,0.0
TP,178,0.009268273287452757,0.009268273287452757,0.0
TP,179,0.00925904317293316,0.00925904317293316,0.0
TP,180,0.009241432039998472,0.009241432039998472,0.0
TP,181,0.009257860495708883,0.009257860495708883,0.0
TP,182,0.009159435364417733,0.009159435364417733,0.0
TP,183,0.009044684739783405,0.009044684739783405,0.0
TP,184,0.009029654241167008,0.009029654241167008,0.0
TP,185,0.009014573874883353,0.009014573874883353,0.0
TP,186,0.00908716092351824,0.00908716092351824,0.0
TP,187,0.008816489591263235,0.008816489591263235,0.0
TP,188,0.008826071675866843,0.008826071675866843,0.0
TP,189,0.008853580905124545,0.008853580905124545,0.0
TP,190,0.008743096264079214,0.008743096264079214,0.0
TP,191,0.008759808628819882,0.008759808628819882,0.0
TP,192,0.008795283199287952,0.008795283199287952,0.0
TP,193,0.008800763636827469,0.008800763636827469,0.0
TP,194,0.008726167785935103,0.008726167785935103,0.0
TP,195,0.00863897475413978,0.00863897475413978,0.0
TP,196,0.008651718497276306,0.008651718497276306,0.0
TP,197,0.00861177483573556,0.00861177483573556,0.0
TP,198,0.008737234878353775,0.008737234878353775,0.0
TP,199,0.008918326306156814,0.008918326306156814,0.0
TP,200,0.008923720302991569,0.008923720302991569,0.0
TP,201,0.008888698020018636,0.008888698020018636,0.0
TP,202,0.00881630672607571,0.00881630672607571,0.0
TP,203,0.008789117033593356,0.008789117033593356,0.0
TP,204,0.008747574547305704,0.008747574547305704,0.0
TP,205,0.008638303047046065,0.008638303047046065,0.0
TP,206,0.008677866561338305,0.008677866561338305,0.0
