example_id,confusion_category,snv_max_abs_delta,snv_true_alt_delta,control_mean_abs_delta,control_n,ref_score
chr3:75785609:esophagus_muscularis_mucosa:0,TP,1.4185905456542969e-05,,2.3090839385986327e-05,25,0.9872933626174927
chr3:75785547:adrenal_gland:0,TP,5.793571472167969e-05,,3.614187240600586e-05,25,0.9872803092002869
chr3:75785547:gastrocnemius_medialis:0,TP,4.3332576751708984e-05,,2.9590129852294922e-05,25,0.9872231483459473
chr3:75785419:prostate_gland:0,TP,4.458427429199219e-05,,6.423473358154297e-05,25,0.9872109889984131
chr3:75785547:sigmoid_colon:0,TP,3.999471664428711e-05,,2.5413036346435548e-05,25,0.9871927499771118
chr3:75785547:thoracic_aorta:1,TP,4.0411949157714844e-05,,2.879142761230469e-05,25,0.9871529936790466
chr3:75785419:thoracic_aorta:0,TP,4.476308822631836e-05,,8.044958114624024e-05,25,0.9870775938034058
chr3:75785609:body_of_pancreas:0,TP,6.020069122314453e-06,,4.942417144775391e-05,25,0.987073540687561
chr3:75785609:gastrocnemius_medialis:0,TP,1.5497207641601562e-05,,3.484964370727539e-05,25,0.9870592355728149
chr3:75785609:transverse_colon:0,TP,1.9669532775878906e-05,,3.991842269897461e-05,25,0.9870589971542358
chr8:38060242:upper_lobe_of_left_lung:0,TP,0.0001716017723083496,,0.00012043714523315429,25,0.9870298504829407
chr3:75785419:Peyers_patch:0,TP,4.214048385620117e-05,,8.26883316040039e-05,25,0.9870269894599915
chr3:75785419:tibial_artery:0,TP,9.638071060180664e-05,,7.810592651367188e-05,25,0.9870092272758484
chr8:38060267:body_of_pancreas:0,TP,2.473592758178711e-05,,5.563735961914063e-05,25,0.9870024919509888
chr8:38060242:Peyers_patch:0,TP,9.530782699584961e-05,,5.711555480957031e-05,25,0.9869869947433472
chr3:75785419:upper_lobe_of_left_lung:0,TP,5.4001808166503906e-05,,9.216785430908203e-05,25,0.9869215488433838
chr3:75785419:spleen:0,TP,6.16312026977539e-05,,9.630203247070313e-05,25,0.9869193434715271
chr3:75785419:transverse_colon:1,TP,5.316734313964844e-05,,9.131669998168945e-05,25,0.986911416053772
chr8:38060242:body_of_pancreas:0,TP,0.00011968612670898438,,6.942510604858398e-05,25,0.9868921637535095
chr8:38060267:upper_lobe_of_left_lung:0,TP,0.00010156631469726562,,7.036685943603515e-05,25,0.9867167472839355
chr3:75785419:tibial_nerve:0,TP,6.151199340820312e-05,,8.496522903442383e-05,25,0.9865248203277588
chr7:142521135:upper_lobe_of_left_lung:0,TP,9.673833847045898e-05,,0.00014848709106445311,25,0.9865043759346008
chr3:75785419:body_of_pancreas:0,TP,5.745887756347656e-05,,8.899927139282227e-05,25,0.986487090587616
chr7:142521135:prostate_gland:0,TP,9.161233901977539e-05,,0.00017436742782592774,25,0.9863698482513428
chr7:142521135:gastrocnemius_medialis:0,TP,0.00013339519500732422,,0.0001484060287475586,25,0.9863617420196533
chr7:142521135:transverse_colon:1,TP,0.00012636184692382812,,0.0001223134994506836,25,0.9861893057823181
chr3:75785609:esophagus_squamous_epithelium:0,TP,0.0002396702766418457,,0.0001755356788635254,25,0.9861160516738892
chr3:75785357:transverse_colon:0,TP,9.906291961669922e-05,,0.00011676788330078125,25,0.9860348701477051
chr7:142521135:body_of_pancreas:1,TP,0.00016748905181884766,,0.00019989013671875,25,0.9860092997550964
chr9:129437752:thoracic_aorta:0,TP,0.0006771683692932129,,0.00016939163208007813,25,0.9859471321105957
chr3:75785419:esophagus_squamous_epithelium:0,TP,0.00010126829147338867,,0.0001025247573852539,25,0.9859383702278137
chr9:129437752:gastroesophageal_sphincter:0,TP,0.0007082819938659668,,0.00023740530014038086,25,0.9859008193016052
chr7:142521135:tibial_nerve:0,TP,0.00013136863708496094,,0.0001978445053100586,25,0.9858946800231934
chr3:75785419:sigmoid_colon:0,TP,8.565187454223633e-05,,0.00011516332626342773,25,0.9858945608139038
chr3:75785419:adrenal_gland:0,TP,8.797645568847656e-05,,0.0001552438735961914,25,0.9858885407447815
chr3:75785609:tibial_nerve:0,TP,0.00043457746505737305,,0.00021254777908325196,25,0.9857943058013916
chr7:142521135:Peyers_patch:0,TP,0.00012892484664916992,,0.0002058720588684082,25,0.985745906829834
chr3:75785419:transverse_colon:0,TP,0.00013267993927001953,,0.00018802404403686523,25,0.985567569732666
chr7:142521135:body_of_pancreas:0,TP,0.00018644332885742188,,0.000295722484588623,25,0.9854008555412292
chr17:22909996:body_of_pancreas:0,TP,4.965066909790039e-05,,3.308534622192383e-05,25,0.9853618144989014
chr17:22909996:esophagus_muscularis_mucosa:0,TP,2.6941299438476562e-05,,4.425048828125e-05,25,0.9852613806724548
chr17:22909996:omental_fat_pad:0,TP,9.357929229736328e-06,,3.274679183959961e-05,25,0.9852533936500549
chr22:46739374:transverse_colon:0,TP,0.0001093745231628418,,0.0005897378921508789,25,0.9852024912834167
chr5:151298414:upper_lobe_of_left_lung:0,TP,8.147954940795898e-05,,0.0002046513557434082,25,0.9851995706558228
chr17:22909996:transverse_colon:0,TP,9.000301361083984e-05,,4.589557647705078e-05,25,0.9851765632629395
chr17:22909996:sigmoid_colon:0,TP,3.88026237487793e-05,,4.3487548828125e-05,25,0.985095202922821
chr5:151298414:transverse_colon:0,TP,0.00017833709716796875,,0.00016420125961303712,25,0.9850585460662842
chr17:22909996:thoracic_aorta:0,TP,4.488229751586914e-05,,5.023002624511719e-05,25,0.9850448966026306
chr12:52949266:upper_lobe_of_left_lung:0,TP,0.0003287196159362793,,0.0004028463363647461,25,0.984988808631897
chr5:151298414:thoracic_aorta:0,TP,8.320808410644531e-05,,0.00020755767822265624,25,0.9849610328674316
chr22:46739374:Peyers_patch:0,TP,7.933378219604492e-05,,0.0004372692108154297,25,0.9848884344100952
chr5:151298414:body_of_pancreas:0,TP,4.70280647277832e-05,,0.0001757955551147461,25,0.9848806858062744
chr5:151298414:sigmoid_colon:0,TP,9.244680404663086e-05,,0.0001573467254638672,25,0.984820544719696
chr17:22909996:tibial_nerve:0,TP,0.0002633333206176758,,9.54604148864746e-05,25,0.9847914576530457
chr5:151298414:spleen:0,TP,6.204843521118164e-05,,0.00015047311782836914,25,0.9847895503044128
chr7:142776507:thoracic_aorta:0,TP,6.99758529663086e-05,,8.642911911010742e-05,25,0.9847744107246399
chr6:31374359:spleen:0,TP,6.216764450073242e-05,,0.0002007746696472168,25,0.9847666025161743
chr17:45585364:adrenal_gland:0,TP,0.00032705068588256836,,0.0003982663154602051,25,0.9847534894943237
chr5:151298414:adrenal_gland:0,TP,0.0001469254493713379,,0.0001620197296142578,25,0.9846919178962708
chr17:22909996:spleen:0,TP,0.0003241300582885742,,9.261131286621094e-05,25,0.9846891164779663
chr17:22909996:esophagus_squamous_epithelium:0,TP,0.00026291608810424805,,0.00013178348541259766,25,0.9846732020378113
chr17:22816782:transverse_colon:0,TP,4.935264587402344e-05,,6.028890609741211e-05,25,0.9846605658531189
chr6:31374359:thoracic_aorta:1,TP,0.00017583370208740234,,0.00026793718338012694,25,0.9846173524856567
chr17:23044492:spleen:0,TP,0.0003069639205932617,,0.00011530876159667968,25,0.9846037030220032
chr17:22909996:lower_leg_skin:0,TP,0.00016373395919799805,,8.46719741821289e-05,25,0.9846020936965942
chr6:31374359:body_of_pancreas:0,TP,0.00024831295013427734,,0.0003119206428527832,25,0.9845792055130005
chr3:75785609:tibial_artery:1,TP,0.0008448958396911621,,0.0007428121566772461,25,0.9845747947692871
chr9:62609408:thoracic_aorta:0,TP,0.00011467933654785156,,0.00018924474716186523,25,0.9845641851425171
chr6:31374359:gastroesophageal_sphincter:0,TP,0.00013881921768188477,,0.00027785539627075197,25,0.9845589995384216
chr17:23044492:tibial_artery:0,TP,0.00023496150970458984,,0.00011275053024291993,25,0.9845579266548157
chr17:23044492:transverse_colon:0,TP,0.00023663043975830078,,9.146451950073242e-05,25,0.9845426082611084
chr2:86221296:tibial_nerve:0,TP,0.0002009272575378418,,0.00030426502227783205,25,0.9845400452613831
chr8:45161494:prostate_gland:0,TP,0.0068915486335754395,,0.0036886310577392578,25,0.9845179915428162
chr6:31374359:esophagus_muscularis_mucosa:0,TP,0.00018042325973510742,,0.00031585693359375,25,0.9845172762870789
chr17:45585364:tibial_artery:0,TP,0.000253140926361084,,0.0005097198486328125,25,0.9845030903816223
chr6:31374359:esophagus_squamous_epithelium:0,TP,0.00023621320724487305,,0.00041161298751831056,25,0.9844974279403687
chr17:45585364:transverse_colon:1,TP,0.00047069787979125977,,0.0008705472946166993,25,0.984476625919342
chr17:23044492:thyroid_gland:0,TP,0.0002402663230895996,,7.745742797851562e-05,25,0.9844589233398438
chr17:22909996:adrenal_gland:0,TP,0.00023353099822998047,,8.512973785400391e-05,25,0.9844128489494324
chr17:24931573:spleen:0,TP,0.00031197071075439453,,0.0016864609718322753,25,0.9844089150428772
chr7:142463889:body_of_pancreas:0,TP,0.0001233816146850586,,0.0001765918731689453,25,0.9843683838844299
chr17:22909996:prostate_gland:0,TP,0.0002842545509338379,,9.766817092895507e-05,25,0.9843243360519409
chr22:46739374:body_of_pancreas:0,TP,0.00010913610458374023,,0.0005985045433044433,25,0.9843144416809082
chr2:86221296:body_of_pancreas:1,TP,0.00018024444580078125,,0.0002733254432678223,25,0.9843090772628784
chr2:86221296:spleen:0,TP,0.0001431107521057129,,0.0002206873893737793,25,0.9842922687530518
chr2:86221296:thoracic_aorta:0,TP,0.00019848346710205078,,0.00031671285629272463,25,0.9842537641525269
chr6:31374359:transverse_colon:1,TP,0.00017684698104858398,,0.0004108738899230957,25,0.984237015247345
chr17:23044492:prostate_gland:0,TP,0.00022405385971069336,,7.400751113891602e-05,25,0.9842299818992615
chr2:86221296:esophagus_muscularis_mucosa:0,TP,0.00014662742614746094,,0.00022968292236328125,25,0.9842064380645752
chr17:45585364:upper_lobe_of_left_lung:0,TP,0.00010448694229125977,,0.00034423589706420897,25,0.9841876029968262
chr12:52949266:body_of_pancreas:0,TP,0.000491797924041748,,0.0005476045608520508,25,0.9841357469558716
chr7:142463889:Peyers_patch:0,TP,0.00025659799575805664,,0.00023839235305786132,25,0.9841223955154419
chr12:121918386:gastroesophageal_sphincter:0,TP,0.0002276897430419922,,0.00036316871643066406,25,0.9840492010116577
chr15:79896760:Peyers_patch:0,TP,0.00033408403396606445,,0.0008197164535522461,25,0.9840381145477295
chr17:45585364:body_of_pancreas:0,TP,0.00018590688705444336,,0.0005352425575256347,25,0.9840212464332581
chr9:129437752:body_of_pancreas:0,TP,0.0031525492668151855,,0.0008878612518310547,25,0.9839786887168884
chr2:86221296:thoracic_aorta:1,TP,3.170967102050781e-05,,0.0002815127372741699,25,0.9839692115783691
chr2:86221296:Peyers_patch:0,TP,0.0004037618637084961,,0.000359954833984375,25,0.9839668869972229
chr8:45161471:prostate_gland:0,TP,0.0010544657707214355,,0.0017499256134033204,25,0.9839600920677185
chr17:22909996:stomach:0,TP,0.00024080276489257812,,0.00012721061706542967,25,0.9839597344398499
chr9:129438019:transverse_colon:0,FP,5.5789947509765625e-05,,6.577014923095703e-05,25,0.9861007332801819
chr9:129437752:tibial_nerve:0,FP,0.0019621849060058594,,0.0005374002456665039,25,0.9848182797431946
chr9:62609408:transverse_colon:0,FP,0.00010865926742553711,,0.0005739665031433105,25,0.9834678173065186
chr19:21569427:transverse_colon:0,FP,0.00017881393432617188,,0.00027059078216552736,25,0.9831437468528748
chr15:79896760:tibial_artery:0,FP,0.0004374980926513672,,0.0007516288757324219,25,0.982426643371582
chr12:121918386:testis:0,FP,0.0005469918251037598,,0.0005801820755004883,25,0.982391893863678
chr7:142463839:upper_lobe_of_left_lung:0,FP,0.0009562373161315918,,0.0006239175796508789,25,0.9810845851898193
chr19:21585442:body_of_pancreas:0,FP,0.0008810758590698242,,0.0007696485519409179,25,0.9807583689689636
chr9:42974893:transverse_colon:1,FP,0.0016086101531982422,,0.0019732260704040526,25,0.9772372245788574
chr4:75289967:prostate_gland:0,FP,0.0002993345260620117,,0.0017895078659057617,25,0.9770005941390991
chr17:24931573:thoracic_aorta:0,FP,0.0021105408668518066,,0.0017697334289550782,25,0.9766046404838562
chr7:100965858:tibial_nerve:0,FP,0.0005778074264526367,,0.0011525678634643555,25,0.9736139178276062
chr12:8390645:omental_fat_pad:0,FP,0.0008056163787841797,,0.0014220142364501952,25,0.9732407331466675
chr2:264820:esophagus_squamous_epithelium:0,FP,0.001731276512145996,,0.003253171443939209,25,0.972770631313324
chr2:95956474:testis:0,FP,0.007445037364959717,,0.0025452733039855956,25,0.972653329372406
chr4:36351521:adrenal_gland:0,FP,0.002428293228149414,,0.041443185806274416,25,0.9726521372795105
chr19:46715864:esophagus_squamous_epithelium:0,FP,0.02155381441116333,,0.007173480987548828,25,0.9712772369384766
chr14:106469963:esophagus_squamous_epithelium:0,FP,0.005164742469787598,,0.03680921912193298,25,0.9686957597732544
chr2:101151641:tibial_artery:0,FP,0.002706587314605713,,0.015985779762268067,25,0.9682048559188843
chr9:20565941:prostate_gland:0,FP,0.021857619285583496,,0.005173792839050293,25,0.9658782482147217
chr7:78040381:esophagus_muscularis_mucosa:0,FP,0.0035533905029296875,,0.0052308297157287595,25,0.9647830128669739
chr20:53943966:tibial_nerve:0,FP,0.2027154564857483,,0.020526909828186037,25,0.9639660716056824
chr15:33226849:adrenal_gland:0,FP,0.0013524293899536133,,0.0018432092666625976,25,0.9629752039909363
chr9:117607300:body_of_pancreas:0,FP,0.0025652647018432617,,0.0012596750259399414,25,0.9627354741096497
chr1:207000211:body_of_pancreas:0,FP,0.0015279650688171387,,0.009398975372314454,25,0.9613081812858582
chr5:1134798:upper_lobe_of_left_lung:0,FP,0.0048261284828186035,,0.002176659107208252,25,0.9610887169837952
chr17:8585099:thoracic_aorta:0,FP,0.0011730194091796875,,0.0013538169860839843,25,0.9606072902679443
chr22:50449624:body_of_pancreas:0,FP,0.006894350051879883,,0.01768425703048706,25,0.9604994058609009
chr13:52084763:transverse_colon:0,FP,0.0028742551803588867,,0.003874397277832031,25,0.9604285955429077
chr9:13991168:body_of_pancreas:0,FP,0.020945072174072266,,0.013590648174285888,25,0.9598144292831421
chr3:10883626:body_of_pancreas:0,FP,0.0045168399810791016,,0.10172403693199157,25,0.959186851978302
chr19:27396901:body_of_pancreas:0,FP,0.0004233717918395996,,0.0005480718612670899,25,0.9587157964706421
chr19:7637688:body_of_pancreas:0,FP,0.007073163986206055,,0.013668434619903564,25,0.9555650949478149
chr19:10404178:tibial_nerve:0,FP,0.01453101634979248,,0.016312065124511718,25,0.9552114605903625
chr15:29439155:body_of_pancreas:0,FP,0.0014207959175109863,,0.002936716079711914,25,0.9544922113418579
chr7:142451935:Peyers_patch:0,FP,0.015576064586639404,,0.0067585396766662595,25,0.9541110396385193
chr8:12607781:gastrocnemius_medialis:0,FP,0.011677980422973633,,0.03385683536529541,25,0.9540510177612305
chr11:46305551:spleen:0,FP,0.004024028778076172,,0.004649097919464111,25,0.9485709071159363
chr9:129437243:transverse_colon:0,FP,0.006233572959899902,,0.004232282638549805,25,0.9456169605255127
chr20:30511949:body_of_pancreas:0,FP,0.03282618522644043,,0.0841743791103363,25,0.9450624585151672
chr1:6423522:thoracic_aorta:0,FP,0.013332843780517578,,0.02809506893157959,25,0.942542552947998
chr1:152048801:adrenal_gland:0,FP,0.0101851224899292,,0.007763645648956299,25,0.9417961835861206
chr17:43361240:Peyers_patch:0,FP,0.010525703430175781,,0.007068798542022705,25,0.9412423968315125
chr9:89557013:upper_lobe_of_left_lung:0,FP,0.0009889006614685059,,0.0026926088333129885,25,0.9385237693786621
chr12:47744238:suprapubic_skin:0,FP,0.01846224069595337,,0.20747534275054932,25,0.9348118305206299
chr16:75234163:prostate_gland:0,FP,0.023978054523468018,,0.023092787265777587,25,0.9341400265693665
chr18:75856:esophagus_muscularis_mucosa:0,FP,0.007480502128601074,,0.006387028694152832,25,0.9337055683135986
chr17:23378824:prostate_gland:0,FP,0.026481986045837402,,0.011642308235168456,25,0.9333701133728027
chr2:75241860:transverse_colon:0,FP,0.010881125926971436,,0.006842224597930908,25,0.930445671081543
chr11:76920284:sigmoid_colon:0,FP,0.010613620281219482,,0.017636876106262207,25,0.9292618036270142
chr7:2064001:esophagus_muscularis_mucosa:0,FP,0.04414987564086914,,0.05894631385803223,25,0.928975522518158
chr20:53943966:thoracic_aorta:0,FP,0.6504442989826202,,0.07377923727035522,25,0.9282709360122681
chr19:42919741:body_of_pancreas:0,FP,0.15552830696105957,,0.0792174744606018,25,0.926600992679596
chr2:46818510:body_of_pancreas:0,FP,0.10520154237747192,,0.13207582712173463,25,0.9244552850723267
chr9:129437243:tibial_artery:0,FP,0.004034101963043213,,0.005579874515533447,25,0.9243133068084717
chr17:879808:upper_lobe_of_left_lung:0,FP,0.03406059741973877,,0.054426424503326416,25,0.9218913316726685
chr8:102730992:prostate_gland:0,FP,0.007012665271759033,,0.013393499851226807,25,0.92041015625
chr19:47436804:transverse_colon:0,FP,0.30955708026885986,,0.0996635341644287,25,0.9197402596473694
chr7:135170966:transverse_colon:0,FP,0.0331076979637146,,0.11793522834777832,25,0.9196393489837646
chr7:90757292:body_of_pancreas:0,FP,0.006720423698425293,,0.02208033561706543,25,0.9182485342025757
chr15:38627977:transverse_colon:0,FP,0.0026813149452209473,,0.008276028633117676,25,0.9178565740585327
chr1:6423522:upper_lobe_of_left_lung:0,FP,0.04756540060043335,,0.06561404705047608,25,0.9172207117080688
chr12:123269654:tibial_nerve:0,FP,0.015739858150482178,,0.04520524740219116,25,0.9170104265213013
chr19:17103262:prostate_gland:0,FP,0.012763619422912598,,0.009157555103302002,25,0.9137039184570312
chr22:49062608:body_of_pancreas:0,FP,0.035149991512298584,,0.04489826202392578,25,0.9128479361534119
chr17:6326850:body_of_pancreas:0,FP,0.017712652683258057,,0.010086109638214111,25,0.9093902707099915
chr19:3545068:transverse_colon:0,FP,0.07924902439117432,,0.03301533699035644,25,0.8968435525894165
chr7:85186902:thoracic_aorta:0,FP,0.03398287296295166,,0.03786341667175293,25,0.8967706561088562
chr8:57203896:upper_lobe_of_left_lung:0,FP,0.06960022449493408,,0.12321590423583985,25,0.8905459642410278
chr1:13277261:body_of_pancreas:0,FP,0.009433627128601074,,0.02898575782775879,25,0.8872480392456055
chr5:616644:transverse_colon:0,FP,0.026062846183776855,,0.01442150592803955,25,0.8866581320762634
chr15:21297802:prostate_gland:0,FP,0.0369875431060791,,0.022919230461120606,25,0.878875195980072
chr1:201704952:spleen:0,FP,0.003883957862854004,,0.00964163064956665,25,0.8768070936203003
chr2:145265428:body_of_pancreas:0,FP,0.0862663984298706,,0.05735098600387573,25,0.8704245090484619
chr3:134769565:body_of_pancreas:0,FP,0.009005486965179443,,0.018309545516967774,25,0.8618545532226562
chr22:50756632:transverse_colon:0,FP,0.008806109428405762,,0.00843376874923706,25,0.8601987361907959
chr7:63015786:prostate_gland:1,FP,0.005205690860748291,,0.009105756282806396,25,0.8594778776168823
chr13:79497794:thoracic_aorta:0,FP,0.59332075715065,,0.15650641053915024,25,0.8589141368865967
chr10:94939686:transverse_colon:0,FP,0.007212281227111816,,0.019930706024169922,25,0.8565345406532288
chr6:33049449:body_of_pancreas:0,FP,0.00451350212097168,,0.013539817333221436,25,0.8537178635597229
chr17:69235781:esophagus_squamous_epithelium:0,FP,0.02348470687866211,,0.015963869094848634,25,0.8516460657119751
chr12:48753691:gastrocnemius_medialis:0,FP,0.16598433256149292,,0.11037983059883118,25,0.8459534645080566
chr21:44601263:transverse_colon:0,FP,0.11087679862976074,,0.05160728931427002,25,0.8452697396278381
chr17:16836730:body_of_pancreas:0,FP,0.021894872188568115,,0.054426755905151364,25,0.8428620100021362
chr12:121711004:body_of_pancreas:0,FP,0.026462316513061523,,0.024919321537017824,25,0.8393660187721252
chr12:48904001:upper_lobe_of_left_lung:0,FP,0.04226738214492798,,0.04510710716247559,25,0.8378637433052063
chr20:18904416:esophagus_squamous_epithelium:0,FP,0.03078174591064453,,0.01865415573120117,25,0.8299676179885864
chr9:83219701:suprapubic_skin:0,FP,0.08876925706863403,,0.05772650957107544,25,0.8276050686836243
chr17:49223905:testis:0,FP,0.28095126152038574,,0.13264286160469055,25,0.8260865807533264
chr19:3336819:adrenal_gland:0,FP,0.2049967646598816,,0.16556082129478455,25,0.824222207069397
chr9:43171158:transverse_colon:0,FP,0.01008671522140503,,0.01005093812942505,25,0.8228325247764587
chr6:31356771:prostate_gland:0,FP,0.022940456867218018,,0.029760465621948243,25,0.8207953572273254
chr4:121675914:body_of_pancreas:0,FP,0.03888434171676636,,0.03132214307785034,25,0.8181585073471069
chr17:40819075:upper_lobe_of_left_lung:0,FP,0.0473974347114563,,0.03635391235351562,25,0.8162870407104492
chr17:61777919:sigmoid_colon:0,FP,0.023392140865325928,,0.01296351194381714,25,0.8137663006782532
chr19:8396778:esophagus_squamous_epithelium:0,FP,0.014516711235046387,,0.05851599216461181,25,0.8034541606903076
chr1:41117402:adrenal_gland:0,FP,0.07266169786453247,,0.06345497846603393,25,0.8008875250816345
chr7:73123787:transverse_colon:0,FP,0.05266165733337402,,0.0774543833732605,25,0.8007181286811829
chr1:15128695:testis:0,FP,0.080596923828125,,0.09424563884735107,25,0.8000602126121521
chr17:13735684:Peyers_patch:0,FP,0.03450196981430054,,0.039839587211608886,25,0.7995811104774475
chr1:31423083:spleen:0,TN,0.0002894848585128784,,0.0002839173376560211,25,0.029859188944101334
chr9:5886489:adrenal_gland:0,TN,0.00025315582752227783,,0.0003068731725215912,25,0.03187789395451546
chr3:32144516:body_of_pancreas:0,TN,0.0003189854323863983,,0.00026331216096878054,25,0.032041244208812714
chr3:32144516:tibial_artery:0,TN,0.00017570331692695618,,0.00022587403655052185,25,0.032169509679079056
chr16:5092215:transverse_colon:0,TN,0.000728752464056015,,0.0005206799507141113,25,0.03220200911164284
chr1:114979744:gastroesophageal_sphincter:0,TN,0.00012038275599479675,,0.0006589484214782715,25,0.032343242317438126
chr9:5886489:tibial_artery:0,TN,0.00011911243200302124,,0.0003295391798019409,25,0.03276488557457924
chr10:15419718:adrenal_gland:0,TN,0.00011283904314041138,,0.0003006240725517273,25,0.03278842568397522
chr20:38751675:adrenal_gland:0,TN,0.00034437328577041626,,0.0004073363542556763,25,0.03290892019867897
chr1:31423083:tibial_artery:0,TN,0.00044189393520355225,,0.0003682297468185425,25,0.03317871317267418
chr10:95539608:thoracic_aorta:0,TN,0.00027233734726905823,,0.0004309682548046112,25,0.03327474743127823
chr17:55526730:testis:0,TN,0.0001441650092601776,,0.00033609628677368165,25,0.033692799508571625
chr3:184803711:body_of_pancreas:0,TN,0.0006487742066383362,,0.000752011239528656,25,0.03432602807879448
chr13:32310515:gastroesophageal_sphincter:0,TN,0.0008584484457969666,,0.0004556675255298615,25,0.034344661980867386
chr8:81235636:esophagus_squamous_epithelium:0,TN,0.00044192373752593994,,0.0004958711564540863,25,0.034351896494627
chr11:119031234:spleen:0,TN,0.0005316250026226044,,0.0005835653841495514,25,0.03451013192534447
chr16:75402814:prostate_gland:0,TN,0.00018029287457466125,,0.0008586418628692627,25,0.03457069396972656
chr3:32510453:upper_lobe_of_left_lung:0,TN,0.0005131885409355164,,0.0004434677958488464,25,0.03458482027053833
chr19:42923473:upper_lobe_of_left_lung:0,TN,0.00017908960580825806,,0.00030641540884971617,25,0.03519691899418831
chr16:87488454:esophagus_muscularis_mucosa:0,TN,0.0003223009407520294,,0.0015848703682422639,25,0.03521723672747612
chr2:79876829:body_of_pancreas:0,TN,0.0004675276577472687,,0.00038762450218200685,25,0.035524070262908936
chr15:97235651:esophagus_muscularis_mucosa:0,TN,0.00045010820031166077,,0.00046265602111816406,25,0.03560351952910423
chr15:59493200:tibial_artery:0,TN,0.0013200193643569946,,0.0016326461732387543,25,0.0356416292488575
chr19:2391652:esophagus_squamous_epithelium:0,TN,0.00031705573201179504,,0.00034915879368782046,25,0.03565022721886635
chr1:31423083:transverse_colon:0,TN,0.0009134188294410706,,0.0008062264323234558,25,0.03566014766693115
chr2:231677997:adrenal_gland:0,TN,0.00023720040917396545,,0.0004462970793247223,25,0.03572869673371315
chr9:100323287:tibial_nerve:0,TN,0.0030983947217464447,,0.0012776632606983185,25,0.03582821413874626
chr6:106445359:upper_lobe_of_left_lung:0,TN,0.0006407126784324646,,0.0005165465176105499,25,0.03612521290779114
chr5:76544689:transverse_colon:0,TN,0.00040815770626068115,,0.0009650141000747681,25,0.03635183349251747
chr5:34465583:prostate_gland:0,TN,0.0002259276807308197,,0.0004323698580265045,25,0.03660287335515022
chr5:122516551:body_of_pancreas:0,TN,0.0010642893612384796,,0.0008208058774471283,25,0.03668425604701042
chr13:108155918:adrenal_gland:0,TN,0.00022683292627334595,,0.0004920993745326996,25,0.036714229732751846
chr7:4479690:upper_lobe_of_left_lung:0,TN,0.0004267767071723938,,0.0005248883366584778,25,0.03708149492740631
chr15:45705730:gastrocnemius_medialis:0,TN,0.0007094070315361023,,0.0005120053887367248,25,0.03712358698248863
chr14:54903402:upper_lobe_of_left_lung:0,TN,0.0005921758711338043,,0.0004670388996601105,25,0.03718147426843643
chr9:100323287:transverse_colon:0,TN,0.007323101162910461,,0.00205407127737999,25,0.03734761103987694
chr14:77053349:thoracic_aorta:0,TN,0.0013673752546310425,,0.0012838609516620636,25,0.03796503692865372
chr22:10673306:suprapubic_skin:0,TN,0.001781746745109558,,0.0017826353013515473,25,0.03797310218214989
chr8:140831477:spleen:0,TN,0.0004670843482017517,,0.0005286984145641327,25,0.038067713379859924
chr7:4479690:transverse_colon:0,TN,0.0004563964903354645,,0.0025191594660282134,25,0.03820446878671646
chr1:159214515:body_of_pancreas:0,TN,0.0005066357553005219,,0.0007201330363750457,25,0.03822255879640579
chr11:63024537:sigmoid_colon:0,TN,0.00036592409014701843,,0.0008336746692657471,25,0.03824083134531975
chr8:54166457:body_of_pancreas:0,TN,0.0010431930422782898,,0.0011437265574932099,25,0.038390420377254486
chr13:108155918:esophagus_squamous_epithelium:0,TN,0.00045455247163772583,,0.0003707030415534973,25,0.03841481730341911
chr1:223698618:prostate_gland:0,TN,0.0016982555389404297,,0.002840230464935303,25,0.038487255573272705
chr6:25602473:tibial_artery:0,TN,0.0007814280688762665,,0.0015532773733139037,25,0.0389237180352211
chr12:40153243:upper_lobe_of_left_lung:0,TN,0.00042360275983810425,,0.0004626445472240448,25,0.03939998149871826
chr16:85012086:transverse_colon:0,TN,0.0006888397037982941,,0.0006850366294384003,25,0.03952061012387276
chr1:64676311:transverse_colon:0,TN,0.001610971987247467,,0.0009945960342884065,25,0.039647627621889114
chr3:120177116:body_of_pancreas:0,TN,0.0004421025514602661,,0.0006056831777095795,25,0.03965267166495323
chr15:45705730:esophagus_squamous_epithelium:0,TN,0.0001756809651851654,,0.0006556002795696258,25,0.039659447968006134
chr4:38783176:tibial_artery:0,TN,0.0006051436066627502,,0.0006942792236804962,25,0.0398065559566021
chr1:234487506:esophagus_muscularis_mucosa:0,TN,0.00038293376564979553,,0.0009598417580127716,25,0.03982493281364441
chr12:40153243:body_of_pancreas:0,TN,0.0006031617522239685,,0.00030347511172294615,25,0.03984711319208145
chr6:166106112:spleen:0,TN,0.0005675889551639557,,0.0010909557342529297,25,0.04014446586370468
chr11:123112116:sigmoid_colon:0,TN,0.0012908577919006348,,0.001241210103034973,25,0.04023604840040207
chr10:122980901:tibial_artery:0,TN,0.0001966431736946106,,0.0005651234090328217,25,0.040255773812532425
chr6:143818426:sigmoid_colon:0,TN,0.00119713693857193,,0.0010775890946388244,25,0.04028673470020294
chr12:117837661:esophagus_muscularis_mucosa:0,TN,0.0009884834289550781,,0.0006992675364017487,25,0.040296562016010284
chr7:100217197:prostate_gland:0,TN,0.003092411905527115,,0.00235575407743454,25,0.04036695510149002
chr5:138077411:adrenal_gland:0,TN,0.0007412396371364594,,0.0021759989857673646,25,0.04042961820960045
chr9:105426323:esophagus_squamous_epithelium:0,TN,0.0033485740423202515,,0.0037109732627868654,25,0.04047644883394241
chr9:105609267:adrenal_gland:0,TN,0.0003081187605857849,,0.0010743232071399689,25,0.04050525277853012
chr9:131762784:body_of_pancreas:0,TN,0.0005697235465049744,,0.0004699958860874176,25,0.04052362218499184
chr11:131064721:body_of_pancreas:0,TN,0.0012351758778095245,,0.0009464728832244873,25,0.0406888946890831
chr6:82252295:esophagus_squamous_epithelium:0,TN,0.0001995190978050232,,0.0008107039332389831,25,0.04098841920495033
chr9:105609267:transverse_colon:0,TN,0.0002313181757926941,,0.0013658475875854492,25,0.04118123650550842
chr19:42884973:prostate_gland:0,TN,0.00019587576389312744,,0.0004240807890892029,25,0.04134060814976692
chr7:5085799:prostate_gland:0,TN,0.0009490996599197388,,0.0014175491034984589,25,0.041877955198287964
chr17:55526730:body_of_pancreas:0,TN,0.0008098334074020386,,0.001391473263502121,25,0.04194604977965355
chr11:111429318:gastrocnemius_medialis:0,TN,0.0009624026715755463,,0.0008659869432449341,25,0.04196465387940407
chr10:14543432:tibial_nerve:0,TN,0.00101398304104805,,0.0009571744501590729,25,0.04200693592429161
chr15:82365725:thoracic_aorta:0,TN,0.00024957209825515747,,0.0006271688640117645,25,0.04202880710363388
chr6:32933573:spleen:0,TN,0.0011709518730640411,,0.0028275038301944734,25,0.04212024807929993
chr1:101520649:body_of_pancreas:0,TN,0.0008301176130771637,,0.0010004429519176483,25,0.04217249155044556
chr7:5085799:suprapubic_skin:0,TN,0.0016313530504703522,,0.001272323429584503,25,0.042188894003629684
chr11:63024537:spleen:0,TN,0.0007628574967384338,,0.0015119035542011262,25,0.04236658662557602
chr4:38783176:spleen:0,TN,0.0003697425127029419,,0.0006949345767498016,25,0.04239538684487343
chr10:29449249:thyroid_gland:0,TN,0.00041321292519569397,,0.0010032731294631959,25,0.04276122525334358
chr15:50314410:body_of_pancreas:0,TN,0.0004630833864212036,,0.001355750411748886,25,0.04291307553648949
chr3:71930956:upper_lobe_of_left_lung:0,TN,0.002063266932964325,,0.002240641415119171,25,0.0430174358189106
chr16:28712219:gastroesophageal_sphincter:0,TN,0.0007073879241943359,,0.001573929488658905,25,0.04316484555602074
chr6:122184843:tibial_artery:0,TN,0.0026433728635311127,,0.00186158686876297,25,0.04346603900194168
chr11:32792926:testis:0,TN,0.0018721483647823334,,0.001230812966823578,25,0.043691642582416534
chr7:5487175:body_of_pancreas:0,TN,0.001371830701828003,,0.0014097295701503755,25,0.043769367039203644
chr17:30340560:tibial_artery:0,TN,0.0009682811796665192,,0.0015095777809619904,25,0.044209450483322144
chr16:76906820:body_of_pancreas:0,TN,0.0030247457325458527,,0.002804685682058334,25,0.04422065243124962
chr3:189961583:suprapubic_skin:0,TN,0.0004931129515171051,,0.0009467872977256775,25,0.044242605566978455
chr6:32622665:transverse_colon:0,TN,0.0009263195097446442,,0.001890207529067993,25,0.04442443698644638
chr8:477912:upper_lobe_of_left_lung:0,TN,0.0008483566343784332,,0.001256861686706543,25,0.044499557465314865
chr10:43667279:Peyers_patch:0,TN,0.0005572885274887085,,0.0006535398960113525,25,0.04457017779350281
chr16:75402814:esophagus_muscularis_mucosa:0,TN,0.0006352700293064117,,0.0025423288345336912,25,0.04457307606935501
chr8:13656034:tibial_artery:0,TN,0.00045826658606529236,,0.0012260232865810394,25,0.04458412900567055
chr19:33143907:transverse_colon:0,TN,0.0001781359314918518,,0.0009479197859764099,25,0.04463330656290054
chr16:2664570:body_of_pancreas:0,TN,0.0007093250751495361,,0.00117646262049675,25,0.04471376910805702
chr2:20452905:esophagus_muscularis_mucosa:0,TN,0.0077711232006549835,,0.0028583823144435884,25,0.044790662825107574
chr20:17898925:adrenal_gland:0,TN,0.000755753368139267,,0.0013169635832309722,25,0.04500337690114975
chr2:19363367:transverse_colon:0,TN,0.0009446032345294952,,0.0009882326424121856,25,0.04502899572253227
chr2:20661446:tibial_artery:0,TN,0.0009059421718120575,,0.0010477973520755769,25,0.045072540640830994
chr19:18571531:transverse_colon:1,TN,0.0010373853147029877,,0.0009504406154155731,25,0.045102063566446304
chr1:31423083:upper_lobe_of_left_lung:0,FN,0.00033651478588581085,,0.00025580458343029024,25,0.029856912791728973
chr10:89030249:prostate_gland:0,FN,0.00022816285490989685,,0.0002814784646034241,25,0.03175610303878784
chr2:225002373:thoracic_aorta:0,FN,0.000313829630613327,,0.00022460028529167175,25,0.032424699515104294
chr2:13202350:body_of_pancreas:0,FN,0.00036302581429481506,,0.001338319480419159,25,0.034627627581357956
chr19:2391652:tibial_artery:0,FN,0.00018965080380439758,,0.0004940514266490937,25,0.03751635178923607
chr9:16039580:adrenal_gland:0,FN,0.0003717467188835144,,0.0006134331226348877,25,0.03780580312013626
chr7:29610024:spleen:0,FN,0.0009348057210445404,,0.0014846965670585633,25,0.03948491811752319
chr2:180255876:body_of_pancreas:0,FN,0.0009876228868961334,,0.0020636314153671263,25,0.039528585970401764
chr10:14543432:tibial_artery:0,FN,0.0009184442460536957,,0.0010664267838001252,25,0.0399966835975647
chr20:56171080:upper_lobe_of_left_lung:0,FN,0.0022229962050914764,,0.0010171526670455934,25,0.04089448228478432
chr7:121373197:body_of_pancreas:0,FN,0.0003188103437423706,,0.0005447654426097869,25,0.04193636029958725
chr15:78860534:Peyers_patch:0,FN,0.0009234510362148285,,0.0017887377738952637,25,0.042524825781583786
chr7:74566874:adrenal_gland:0,FN,0.0013793520629405975,,0.0020800019800662995,25,0.04333348572254181
chr10:14543432:adrenal_gland:0,FN,0.0011839903891086578,,0.001103070080280304,25,0.043389368802309036
chr12:12328361:body_of_pancreas:0,FN,0.00036647170782089233,,0.0005834785103797913,25,0.04378024488687515
chr9:16039580:gastroesophageal_sphincter:0,FN,0.0005115494132041931,,0.0010815320909023285,25,0.04448721930384636
chr21:27759341:body_of_pancreas:0,FN,0.0014030709862709045,,0.0013102394342422484,25,0.04503295570611954
chr7:5085799:spleen:0,FN,0.004332285374403,,0.005896120071411133,25,0.04516700655221939
chr3:66138807:esophagus_muscularis_mucosa:0,FN,0.001743461936712265,,0.0016264615952968598,25,0.045264650136232376
chr12:109597967:suprapubic_skin:0,FN,0.0016990527510643005,,0.0025422541797161104,25,0.04571068659424782
chr17:40964085:esophagus_muscularis_mucosa:0,FN,0.0006997883319854736,,0.003631429225206375,25,0.04614607244729996
chr6:13414351:upper_lobe_of_left_lung:0,FN,0.001301933079957962,,0.002217373549938202,25,0.046660687774419785
chr1:17336255:suprapubic_skin:0,FN,0.0022083930671215057,,0.004555170387029648,25,0.04673698917031288
chr4:110826866:gastrocnemius_medialis:0,FN,0.0023582056164741516,,0.0018398432433605193,25,0.04690203070640564
chr9:132651492:body_of_pancreas:0,FN,0.0011084340512752533,,0.0019245199859142304,25,0.04754745587706566
chr15:82365725:suprapubic_skin:0,FN,0.0005155093967914581,,0.0010253289341926575,25,0.04802296683192253
chr16:21935488:upper_lobe_of_left_lung:0,FN,0.0006899498403072357,,0.001415095180273056,25,0.04829088971018791
chr9:16039580:transverse_colon:1,FN,0.0007172971963882446,,0.0013951195776462555,25,0.04862440004944801
chr9:129438755:upper_lobe_of_left_lung:0,FN,0.002567760646343231,,0.0017730750143527985,25,0.04882291704416275
chr14:77053349:transverse_colon:0,FN,0.004899874329566956,,0.0025033435225486757,25,0.04904264956712723
chr2:172465936:Peyers_patch:0,FN,0.0014557801187038422,,0.0015310664474964143,25,0.04938410967588425
chr10:29449249:tibial_artery:0,FN,0.001367185264825821,,0.005640718787908554,25,0.049496203660964966
chr7:48424976:upper_lobe_of_left_lung:0,FN,0.0038110725581645966,,0.0032870112359523773,25,0.04980230703949928
chr11:3409057:body_of_pancreas:0,FN,0.0016677603125572205,,0.002398860454559326,25,0.049884818494319916
chr7:73734702:body_of_pancreas:0,FN,0.00039658322930336,,0.0011963579058647156,25,0.05008475109934807
chr1:222057506:body_of_pancreas:0,FN,0.0035345032811164856,,0.001801714599132538,25,0.05032019689679146
chr3:9862475:transverse_colon:0,FN,0.0010384321212768555,,0.0016427992284297943,25,0.050567325204610825
chr9:83219889:esophagus_squamous_epithelium:0,FN,0.0010476931929588318,,0.0019535496830940247,25,0.05075043812394142
chr5:149431239:adrenal_gland:0,FN,0.009541749954223633,,0.0022956840693950653,25,0.051413457840681076
chr6:82252284:prostate_gland:1,FN,0.003345530480146408,,0.0030274397134780885,25,0.05171027034521103
chr1:3724461:esophagus_muscularis_mucosa:0,FN,0.0029500871896743774,,0.0014852140843868255,25,0.052570078521966934
chr9:83219889:Peyers_patch:0,FN,0.0009967721998691559,,0.0023325082659721376,25,0.05283455550670624
chr10:29409306:body_of_pancreas:0,FN,0.002793397754430771,,0.0022347840666770936,25,0.05291571095585823
chr5:149431239:spleen:0,FN,0.022277630865573883,,0.0072667084634304045,25,0.053225189447402954
chr9:83219889:transverse_colon:0,FN,0.0013704374432563782,,0.002578521519899368,25,0.05394328013062477
chr14:59576853:adrenal_gland:0,FN,0.0031444095075130463,,0.0038784503936767577,25,0.054034050554037094
chr10:124389232:prostate_gland:0,FN,0.0010141506791114807,,0.0013731032609939574,25,0.05424332618713379
chr11:57712375:tibial_nerve:0,FN,0.0005661174654960632,,0.0013241297006607055,25,0.0550992526113987
chr9:83219889:tibial_nerve:0,FN,0.0009304322302341461,,0.0021515046060085296,25,0.05520060285925865
chr9:97633155:tibial_nerve:0,FN,0.0026062466204166412,,0.0010882019996643066,25,0.055917125195264816
chr11:1652791:body_of_pancreas:1,FN,0.0003879852592945099,,0.0020927877724170683,25,0.05601871758699417
chr2:88880497:esophagus_squamous_epithelium:0,FN,0.0025257840752601624,,0.0020149023830890655,25,0.05624905601143837
chr19:3618689:Peyers_patch:0,FN,0.0038310810923576355,,0.004565556049346924,25,0.05635712295770645
chr1:245045785:transverse_colon:0,FN,0.0010509267449378967,,0.0012114866077899934,25,0.056395601481199265
chr9:97633155:body_of_pancreas:0,FN,0.0025349557399749756,,0.0020294617116451263,25,0.05643211677670479
chr9:97633155:gastroesophageal_sphincter:0,FN,0.0012591108679771423,,0.002005065530538559,25,0.056813813745975494
chr3:16550863:prostate_gland:0,FN,0.0016587302088737488,,0.002928345948457718,25,0.05682041496038437
chr17:45099253:tibial_nerve:0,FN,0.007909782230854034,,0.004095254093408584,25,0.05719173699617386
chr16:21935488:adrenal_gland:0,FN,0.00393151119351387,,0.0038262523710727693,25,0.05748552829027176
chr9:97633155:gastrocnemius_medialis:0,FN,0.0017933622002601624,,0.001397949606180191,25,0.05757366493344307
chr8:23472531:esophagus_squamous_epithelium:0,FN,0.0059634484350681305,,0.0038215187191963196,25,0.05771413445472717
chr5:158014121:prostate_gland:0,FN,0.0013613365590572357,,0.0012838992476463318,25,0.05773323401808739
chr11:1652791:thoracic_aorta:0,FN,0.000669185072183609,,0.002374812960624695,25,0.05781085416674614
chr12:40352035:esophagus_muscularis_mucosa:0,FN,0.001326240599155426,,0.0033676791191101074,25,0.05793234333395958
chr20:60481496:upper_lobe_of_left_lung:0,FN,0.0017993003129959106,,0.0025130464136600495,25,0.05808351933956146
chr7:51066331:body_of_pancreas:0,FN,0.002055507153272629,,0.002510544657707214,25,0.05817817524075508
chr11:1652791:testis:0,FN,0.0005814768373966217,,0.0035197746753692625,25,0.05842946469783783
chr3:75672243:body_of_pancreas:0,FN,0.002084404230117798,,0.0024179863929748536,25,0.05852106213569641
chr5:35717910:testis:0,FN,0.0052518099546432495,,0.0026388040184974672,25,0.05890597403049469
chr9:83219889:transverse_colon:1,FN,0.001105181872844696,,0.00269922211766243,25,0.05894659087061882
chr9:128161761:body_of_pancreas:0,FN,0.0018179826438426971,,0.0017233240604400636,25,0.05933016538619995
chr5:149431239:transverse_colon:0,FN,0.012148577719926834,,0.005998413562774658,25,0.05950337275862694
chr18:48137415:body_of_pancreas:0,FN,0.0008792057633399963,,0.00210884228348732,25,0.05986364930868149
chr10:130547583:Peyers_patch:0,FN,0.0015031136572360992,,0.003833225518465042,25,0.059942346066236496
chr1:87131773:body_of_pancreas:0,FN,0.0012463480234146118,,0.001930520385503769,25,0.060203321278095245
chr11:1652791:transverse_colon:1,FN,0.0003355741500854492,,0.0023944097757339477,25,0.060359787195920944
chr11:1652791:adrenal_gland:0,FN,0.0012417547404766083,,0.00393437460064888,25,0.060373399406671524
chr22:41951055:body_of_pancreas:0,FN,0.001167159527540207,,0.00191935196518898,25,0.060546476393938065
chr6:32622553:Peyers_patch:0,FN,0.002407040446996689,,0.001815815418958664,25,0.0607413686811924
chr9:97633155:transverse_colon:0,FN,0.003681425005197525,,0.0011181117594242097,25,0.06077839434146881
chr13:54394503:Peyers_patch:0,FN,0.0023561492562294006,,0.004691834300756454,25,0.06080065295100212
chr1:16661643:body_of_pancreas:0,FN,0.003243550658226013,,0.0031809182465076446,25,0.06084404140710831
chr9:16039580:prostate_gland:0,FN,0.001980707049369812,,0.0020570214092731475,25,0.06088530644774437
chr11:94519473:adrenal_gland:0,FN,0.0025528818368911743,,0.002783776521682739,25,0.06095468997955322
chr1:84433767:esophagus_squamous_epithelium:0,FN,0.00456773117184639,,0.0032884319126605987,25,0.06101618707180023
chr10:48659989:adrenal_gland:0,FN,0.00318802148103714,,0.007070642411708832,25,0.061072565615177155
chr14:59576853:body_of_pancreas:0,FN,0.00325712189078331,,0.0020779505372047423,25,0.061388809233903885
chr2:64865706:prostate_gland:0,FN,0.0073676034808158875,,0.007163699269294738,25,0.06152186542749405
chr9:105609267:spleen:0,FN,0.002253357321023941,,0.0032360927760601045,25,0.06160426512360573
chr10:48659989:Peyers_patch:0,FN,0.0006969794631004333,,0.001670323759317398,25,0.06170095130801201
chr10:43667432:tibial_artery:0,FN,0.010902311652898788,,0.005044707506895066,25,0.061726320534944534
chr4:110826866:transverse_colon:0,FN,0.0030263513326644897,,0.005005665421485901,25,0.06186020001769066
chr3:24186219:body_of_pancreas:0,FN,0.0007343180477619171,,0.007238641381263733,25,0.061957329511642456
chr1:26921783:thoracic_aorta:0,FN,0.0006547719240188599,,0.0009051302075386048,25,0.062214259058237076
chr5:149431239:body_of_pancreas:0,FN,0.012781254947185516,,0.006309897154569626,25,0.06230475753545761
chr11:1652791:prostate_gland:1,FN,0.000616561621427536,,0.005279643684625626,25,0.06232861429452896
chr3:48090711:body_of_pancreas:0,FN,0.0008837245404720306,,0.0010673724114894866,25,0.06246059015393257
chr8:22756288:Peyers_patch:0,FN,0.0030798129737377167,,0.0022101572155952456,25,0.06266080588102341
chr9:16039580:esophagus_squamous_epithelium:0,FN,0.001822158694267273,,0.0034163859486579895,25,0.06270410865545273
chr1:26921783:transverse_colon:0,FN,0.0009678751230239868,,0.0011055763065814972,25,0.06274040788412094
