example_id,confusion_category,label,pred_label,source_token_index,source_token,source_offset_start,source_offset_end,num_tokens,num_layers,num_heads,selected_layers,selected_heads,prob_positive_recomputed,logit_0,logit_1
471,TP,1,1,0,[CLS],0,0,116,12,12,11,"0,1,2,3,4,5,6,7,8,9,10,11",0.9868778586387634,-2.1038501262664795,2.216393232345581
332,TP,1,1,0,[CLS],0,0,109,12,12,11,"0,1,2,3,4,5,6,7,8,9,10,11",0.9868294596672058,-2.101585865020752,2.214928388595581
2587,TP,1,1,0,[CLS],0,0,105,12,12,11,"0,1,2,3,4,5,6,7,8,9,10,11",0.9868220090866089,-2.097454786300659,2.2184929847717285
180,TP,1,1,0,[CLS],0,0,116,12,12,11,"0,1,2,3,4,5,6,7,8,9,10,11",0.9868209958076477,-2.096468448638916,2.2193949222564697
3116,TP,1,1,0,[CLS],0,0,110,12,12,11,"0,1,2,3,4,5,6,7,8,9,10,11",0.9868141412734985,-2.097219467163086,2.218116283416748
617,TP,1,1,0,[CLS],0,0,105,12,12,11,"0,1,2,3,4,5,6,7,8,9,10,11",0.9867855906486511,-2.1061034202575684,2.2070446014404297
51,TP,1,1,0,[CLS],0,0,114,12,12,11,"0,1,2,3,4,5,6,7,8,9,10,11",0.9867774844169617,-2.099851131439209,2.212674140930176
360,TP,1,1,0,[CLS],0,0,110,12,12,11,"0,1,2,3,4,5,6,7,8,9,10,11",0.9866956472396851,-2.0939531326293945,2.2123167514801025
2577,TP,1,1,0,[CLS],0,0,100,12,12,11,"0,1,2,3,4,5,6,7,8,9,10,11",0.9866851568222046,-2.111989974975586,2.193486213684082
503,TP,1,1,0,[CLS],0,0,106,12,12,11,"0,1,2,3,4,5,6,7,8,9,10,11",0.9866837859153748,-2.104954957962036,2.200416088104248
38,TP,1,1,0,[CLS],0,0,108,12,12,11,"0,1,2,3,4,5,6,7,8,9,10,11",0.9866772890090942,-2.1029539108276367,2.201920509338379
1347,TP,1,1,0,[CLS],0,0,105,12,12,11,"0,1,2,3,4,5,6,7,8,9,10,11",0.9866750836372375,-2.1115384101867676,2.193168878555298
1455,TP,1,1,0,[CLS],0,0,107,12,12,11,"0,1,2,3,4,5,6,7,8,9,10,11",0.9866741895675659,-2.084939956665039,2.219698905944824
253,TP,1,1,0,[CLS],0,0,117,12,12,11,"0,1,2,3,4,5,6,7,8,9,10,11",0.9866645336151123,-2.093282699584961,2.2106173038482666
255,TP,1,1,0,[CLS],0,0,107,12,12,11,"0,1,2,3,4,5,6,7,8,9,10,11",0.9866511821746826,-2.1151351928710938,2.187751531600952
485,TP,1,1,0,[CLS],0,0,108,12,12,11,"0,1,2,3,4,5,6,7,8,9,10,11",0.9865995645523071,-2.120971202850342,2.1780009269714355
2741,TP,1,1,0,[CLS],0,0,110,12,12,11,"0,1,2,3,4,5,6,7,8,9,10,11",0.9865912795066833,-2.0868210792541504,2.2115280628204346
229,TP,1,1,0,[CLS],0,0,122,12,12,11,"0,1,2,3,4,5,6,7,8,9,10,11",0.9865825772285461,-2.080094337463379,2.217603921890259
505,TP,1,1,0,[CLS],0,0,110,12,12,11,"0,1,2,3,4,5,6,7,8,9,10,11",0.9865769147872925,-2.1177423000335693,2.1795265674591064
108,TP,1,1,0,[CLS],0,0,99,12,12,11,"0,1,2,3,4,5,6,7,8,9,10,11",0.9865649938583374,-2.1204497814178467,2.175916910171509
2259,TP,1,1,0,[CLS],0,0,111,12,12,11,"0,1,2,3,4,5,6,7,8,9,10,11",0.9865559339523315,-2.111345052719116,2.184340000152588
3307,TP,1,1,0,[CLS],0,0,104,12,12,11,"0,1,2,3,4,5,6,7,8,9,10,11",0.9865430593490601,-2.0927839279174805,2.201923131942749
1866,TP,1,1,0,[CLS],0,0,102,12,12,11,"0,1,2,3,4,5,6,7,8,9,10,11",0.9865368008613586,-2.0974371433258057,2.196798801422119
3527,TP,1,1,0,[CLS],0,0,101,12,12,11,"0,1,2,3,4,5,6,7,8,9,10,11",0.9865285158157349,-2.113137722015381,2.180481195449829
3239,TP,1,1,0,[CLS],0,0,116,12,12,11,"0,1,2,3,4,5,6,7,8,9,10,11",0.9865053296089172,-2.081897735595703,2.209975004196167
10,TP,1,1,0,[CLS],0,0,118,12,12,11,"0,1,2,3,4,5,6,7,8,9,10,11",0.9864951372146606,-2.080230712890625,2.2108774185180664
2262,TP,1,1,0,[CLS],0,0,105,12,12,11,"0,1,2,3,4,5,6,7,8,9,10,11",0.9864605665206909,-2.0759358406066895,2.2125768661499023
2938,TP,1,1,0,[CLS],0,0,106,12,12,11,"0,1,2,3,4,5,6,7,8,9,10,11",0.9864596128463745,-2.09010910987854,2.1983377933502197
3941,TP,1,1,0,[CLS],0,0,109,12,12,11,"0,1,2,3,4,5,6,7,8,9,10,11",0.9864590167999268,-2.0972237586975098,2.191176176071167
1950,TP,1,1,0,[CLS],0,0,107,12,12,11,"0,1,2,3,4,5,6,7,8,9,10,11",0.9863728880882263,-2.1135668754577637,2.1684038639068604
203,TP,1,1,0,[CLS],0,0,108,12,12,11,"0,1,2,3,4,5,6,7,8,9,10,11",0.9863144159317017,-2.0868639945983887,2.1907670497894287
2460,TP,1,1,0,[CLS],0,0,104,12,12,11,"0,1,2,3,4,5,6,7,8,9,10,11",0.9863037467002869,-2.069526195526123,2.2073185443878174
2120,TP,1,1,0,[CLS],0,0,106,12,12,11,"0,1,2,3,4,5,6,7,8,9,10,11",0.9862418174743652,-2.101353883743286,2.170910120010376
75,TP,1,1,0,[CLS],0,0,115,12,12,11,"0,1,2,3,4,5,6,7,8,9,10,11",0.9862289428710938,-2.086928129196167,2.184394359588623
1578,TP,1,1,0,[CLS],0,0,112,12,12,11,"0,1,2,3,4,5,6,7,8,9,10,11",0.9861934781074524,-2.088744878768921,2.179966449737549
3228,TP,1,1,0,[CLS],0,0,86,12,12,11,"0,1,2,3,4,5,6,7,8,9,10,11",0.9861882328987122,-2.100733757019043,2.1675946712493896
441,TP,1,1,0,[CLS],0,0,106,12,12,11,"0,1,2,3,4,5,6,7,8,9,10,11",0.9861650466918945,-2.1007587909698486,2.165869951248169
89,TP,1,1,0,[CLS],0,0,122,12,12,11,"0,1,2,3,4,5,6,7,8,9,10,11",0.9861446619033813,-2.067478656768799,2.197655200958252
164,TP,1,1,0,[CLS],0,0,114,12,12,11,"0,1,2,3,4,5,6,7,8,9,10,11",0.9861382842063904,-2.0673422813415527,2.19732403755188
1118,TP,1,1,0,[CLS],0,0,106,12,12,11,"0,1,2,3,4,5,6,7,8,9,10,11",0.9860748648643494,-2.0651776790618896,2.194856882095337
140,TP,1,1,0,[CLS],0,0,120,12,12,11,"0,1,2,3,4,5,6,7,8,9,10,11",0.986069917678833,-2.0618093013763428,2.1978697776794434
72,TP,1,1,0,[CLS],0,0,111,12,12,11,"0,1,2,3,4,5,6,7,8,9,10,11",0.9860617518424988,-2.050995349884033,2.2080869674682617
2016,TP,1,1,0,[CLS],0,0,102,12,12,11,"0,1,2,3,4,5,6,7,8,9,10,11",0.9860528707504272,-2.058185338973999,2.200252056121826
792,TP,1,1,0,[CLS],0,0,119,12,12,11,"0,1,2,3,4,5,6,7,8,9,10,11",0.9860414862632751,-2.045395612716675,2.2122137546539307
3646,TP,1,1,0,[CLS],0,0,100,12,12,11,"0,1,2,3,4,5,6,7,8,9,10,11",0.9860271215438843,-2.0813276767730713,2.175238847732544
616,TP,1,1,0,[CLS],0,0,99,12,12,11,"0,1,2,3,4,5,6,7,8,9,10,11",0.9860069751739502,-2.0652105808258057,2.189892530441284
2721,TP,1,1,0,[CLS],0,0,103,12,12,11,"0,1,2,3,4,5,6,7,8,9,10,11",0.986000120639801,-2.0691542625427246,2.1854541301727295
196,TP,1,1,0,[CLS],0,0,104,12,12,11,"0,1,2,3,4,5,6,7,8,9,10,11",0.9859392642974854,-2.082831382751465,2.167377471923828
0,TP,1,1,0,[CLS],0,0,118,12,12,11,"0,1,2,3,4,5,6,7,8,9,10,11",0.9859200716018677,-2.051262617111206,2.1975622177124023
2533,TP,1,1,0,[CLS],0,0,101,12,12,11,"0,1,2,3,4,5,6,7,8,9,10,11",0.9859012961387634,-2.0950939655303955,2.152381420135498
2620,TP,1,1,0,[CLS],0,0,103,12,12,11,"0,1,2,3,4,5,6,7,8,9,10,11",0.9858925938606262,-2.078507661819458,2.168339967727661
1022,TP,1,1,0,[CLS],0,0,85,12,12,11,"0,1,2,3,4,5,6,7,8,9,10,11",0.9858636260032654,-2.0722551345825195,2.1725070476531982
2598,TP,1,1,0,[CLS],0,0,101,12,12,11,"0,1,2,3,4,5,6,7,8,9,10,11",0.9858494997024536,-2.0821759700775146,2.1615779399871826
3409,TP,1,1,0,[CLS],0,0,107,12,12,11,"0,1,2,3,4,5,6,7,8,9,10,11",0.9858269095420837,-2.050400733947754,2.191734552383423
258,TP,1,1,0,[CLS],0,0,109,12,12,11,"0,1,2,3,4,5,6,7,8,9,10,11",0.9858168363571167,-2.0646443367004395,2.1767659187316895
1152,TP,1,1,0,[CLS],0,0,105,12,12,11,"0,1,2,3,4,5,6,7,8,9,10,11",0.9858076572418213,-2.1052706241607666,2.135488271713257
367,TP,1,1,0,[CLS],0,0,103,12,12,11,"0,1,2,3,4,5,6,7,8,9,10,11",0.9857829809188843,-2.0617692470550537,2.1772313117980957
3747,TP,1,1,0,[CLS],0,0,108,12,12,11,"0,1,2,3,4,5,6,7,8,9,10,11",0.9857597947120667,-2.104802370071411,2.1325418949127197
49,TP,1,1,0,[CLS],0,0,108,12,12,11,"0,1,2,3,4,5,6,7,8,9,10,11",0.9857557415962219,-2.0727789402008057,2.164276361465454
474,TP,1,1,0,[CLS],0,0,114,12,12,11,"0,1,2,3,4,5,6,7,8,9,10,11",0.985737681388855,-2.0478568077087402,2.1879100799560547
2528,TP,1,1,0,[CLS],0,0,102,12,12,11,"0,1,2,3,4,5,6,7,8,9,10,11",0.9857265949249268,-2.07454514503479,2.160435914993286
3250,TP,1,1,0,[CLS],0,0,91,12,12,11,"0,1,2,3,4,5,6,7,8,9,10,11",0.9857007265090942,-2.0827646255493164,2.1503801345825195
26,TP,1,1,0,[CLS],0,0,103,12,12,11,"0,1,2,3,4,5,6,7,8,9,10,11",0.9856979846954346,-2.0746328830718994,2.1583139896392822
3402,TP,1,1,0,[CLS],0,0,108,12,12,11,"0,1,2,3,4,5,6,7,8,9,10,11",0.9856879711151123,-2.092806816101074,2.1394336223602295
1486,TP,1,1,0,[CLS],0,0,108,12,12,11,"0,1,2,3,4,5,6,7,8,9,10,11",0.9856879711151123,-2.071112871170044,2.1611263751983643
1457,TP,1,1,0,[CLS],0,0,98,12,12,11,"0,1,2,3,4,5,6,7,8,9,10,11",0.9856825470924377,-2.073413848876953,2.158437728881836
986,TP,1,1,0,[CLS],0,0,82,12,12,11,"0,1,2,3,4,5,6,7,8,9,10,11",0.985672116279602,-2.0719308853149414,2.1591885089874268
2749,TP,1,1,0,[CLS],0,0,107,12,12,11,"0,1,2,3,4,5,6,7,8,9,10,11",0.985658586025238,-2.037090301513672,2.193068027496338
294,TP,1,1,0,[CLS],0,0,112,12,12,11,"0,1,2,3,4,5,6,7,8,9,10,11",0.9856581091880798,-2.0395312309265137,2.1905946731567383
93,TP,1,1,0,[CLS],0,0,114,12,12,11,"0,1,2,3,4,5,6,7,8,9,10,11",0.9856553077697754,-2.0549890995025635,2.174940824508667
3553,TP,1,1,0,[CLS],0,0,91,12,12,11,"0,1,2,3,4,5,6,7,8,9,10,11",0.9856551289558411,-2.082231283187866,2.1476807594299316
1434,TP,1,1,0,[CLS],0,0,107,12,12,11,"0,1,2,3,4,5,6,7,8,9,10,11",0.9856461882591248,-2.0422675609588623,2.187016248703003
2693,TP,1,1,0,[CLS],0,0,104,12,12,11,"0,1,2,3,4,5,6,7,8,9,10,11",0.9855740666389465,-2.061964988708496,2.1622262001037598
146,TP,1,1,0,[CLS],0,0,110,12,12,11,"0,1,2,3,4,5,6,7,8,9,10,11",0.9855601191520691,-2.033200979232788,2.190016984939575
2675,TP,1,1,0,[CLS],0,0,98,12,12,11,"0,1,2,3,4,5,6,7,8,9,10,11",0.9855572581291199,-2.057445526123047,2.1655662059783936
634,TP,1,1,0,[CLS],0,0,105,12,12,11,"0,1,2,3,4,5,6,7,8,9,10,11",0.9855406880378723,-2.041306495666504,2.1805450916290283
299,TP,1,1,0,[CLS],0,0,111,12,12,11,"0,1,2,3,4,5,6,7,8,9,10,11",0.9854841828346252,-2.0415146350860596,2.1763832569122314
618,TP,1,1,0,[CLS],0,0,102,12,12,11,"0,1,2,3,4,5,6,7,8,9,10,11",0.9854496717453003,-2.047835350036621,2.167649507522583
1888,TP,1,1,0,[CLS],0,0,107,12,12,11,"0,1,2,3,4,5,6,7,8,9,10,11",0.9854421615600586,-2.0776803493499756,2.1372838020324707
3100,TP,1,1,0,[CLS],0,0,108,12,12,11,"0,1,2,3,4,5,6,7,8,9,10,11",0.9854347705841064,-2.0690174102783203,2.1454272270202637
131,TP,1,1,0,[CLS],0,0,96,12,12,11,"0,1,2,3,4,5,6,7,8,9,10,11",0.9854007363319397,-2.0504345893859863,2.16164231300354
953,TP,1,1,0,[CLS],0,0,99,12,12,11,"0,1,2,3,4,5,6,7,8,9,10,11",0.9853109121322632,-2.0558719635009766,2.1499767303466797
2888,TP,1,1,0,[CLS],0,0,113,12,12,11,"0,1,2,3,4,5,6,7,8,9,10,11",0.985270082950592,-2.06209135055542,2.1409451961517334
2198,TP,1,1,0,[CLS],0,0,104,12,12,11,"0,1,2,3,4,5,6,7,8,9,10,11",0.9852670431137085,-2.0340731143951416,2.1687510013580322
2530,TP,1,1,0,[CLS],0,0,96,12,12,11,"0,1,2,3,4,5,6,7,8,9,10,11",0.9852606654167175,-2.053891897201538,2.148491859436035
453,TP,1,1,0,[CLS],0,0,98,12,12,11,"0,1,2,3,4,5,6,7,8,9,10,11",0.985260009765625,-2.0574159622192383,2.144923686981201
104,TP,1,1,0,[CLS],0,0,108,12,12,11,"0,1,2,3,4,5,6,7,8,9,10,11",0.9852584004402161,-2.073317050933838,2.128911256790161
421,TP,1,1,0,[CLS],0,0,110,12,12,11,"0,1,2,3,4,5,6,7,8,9,10,11",0.9852436780929565,-2.0292985439300537,2.171919345855713
3142,TP,1,1,0,[CLS],0,0,107,12,12,11,"0,1,2,3,4,5,6,7,8,9,10,11",0.9851948618888855,-2.058004856109619,2.1398603916168213
2792,TP,1,1,0,[CLS],0,0,110,12,12,11,"0,1,2,3,4,5,6,7,8,9,10,11",0.9851945042610168,-2.0364346504211426,2.161402702331543
318,TP,1,1,0,[CLS],0,0,104,12,12,11,"0,1,2,3,4,5,6,7,8,9,10,11",0.9851555228233337,-2.0220563411712646,2.1731131076812744
71,TP,1,1,0,[CLS],0,0,113,12,12,11,"0,1,2,3,4,5,6,7,8,9,10,11",0.9851468205451965,-2.031979560852051,2.162595272064209
1057,TP,1,1,0,[CLS],0,0,107,12,12,11,"0,1,2,3,4,5,6,7,8,9,10,11",0.9851245284080505,-2.066957712173462,2.1260952949523926
2,TP,1,1,0,[CLS],0,0,103,12,12,11,"0,1,2,3,4,5,6,7,8,9,10,11",0.9851160645484924,-2.0435445308685303,2.148927927017212
18,TP,1,1,0,[CLS],0,0,109,12,12,11,"0,1,2,3,4,5,6,7,8,9,10,11",0.9850760102272034,-2.028090476989746,2.1616625785827637
1686,TP,1,1,0,[CLS],0,0,105,12,12,11,"0,1,2,3,4,5,6,7,8,9,10,11",0.9850611090660095,-2.0230162143707275,2.1657166481018066
117,TP,1,1,0,[CLS],0,0,114,12,12,11,"0,1,2,3,4,5,6,7,8,9,10,11",0.9850055575370789,-2.0271084308624268,2.157860279083252
3782,TP,1,1,0,[CLS],0,0,92,12,12,11,"0,1,2,3,4,5,6,7,8,9,10,11",0.9849603772163391,-2.034468650817871,2.14743971824646
392,TP,1,1,0,[CLS],0,0,109,12,12,11,"0,1,2,3,4,5,6,7,8,9,10,11",0.984933078289032,-2.0255513191223145,2.1545183658599854
361,TP,1,1,0,[CLS],0,0,114,12,12,11,"0,1,2,3,4,5,6,7,8,9,10,11",0.9849108457565308,-1.9819583892822266,2.1966145038604736
2668,FP,0,1,0,[CLS],0,0,106,12,12,11,"0,1,2,3,4,5,6,7,8,9,10,11",0.9864596128463745,-2.09010910987854,2.1983377933502197
208,FP,0,1,0,[CLS],0,0,115,12,12,11,"0,1,2,3,4,5,6,7,8,9,10,11",0.9864193797111511,-2.092069149017334,2.1933655738830566
589,FP,0,1,0,[CLS],0,0,106,12,12,11,"0,1,2,3,4,5,6,7,8,9,10,11",0.9860748648643494,-2.0651776790618896,2.194856882095337
1543,FP,0,1,0,[CLS],0,0,114,12,12,11,"0,1,2,3,4,5,6,7,8,9,10,11",0.985737681388855,-2.0478568077087402,2.1879100799560547
1398,FP,0,1,0,[CLS],0,0,103,12,12,11,"0,1,2,3,4,5,6,7,8,9,10,11",0.985676646232605,-2.0703072547912598,2.161128282546997
1316,FP,0,1,0,[CLS],0,0,104,12,12,11,"0,1,2,3,4,5,6,7,8,9,10,11",0.9855740666389465,-2.061964988708496,2.1622262001037598
1726,FP,0,1,0,[CLS],0,0,121,12,12,11,"0,1,2,3,4,5,6,7,8,9,10,11",0.9854625463485718,-2.039844274520874,2.1765408515930176
2042,FP,0,1,0,[CLS],0,0,110,12,12,11,"0,1,2,3,4,5,6,7,8,9,10,11",0.9852436780929565,-2.0292985439300537,2.171919345855713
109,FP,0,1,0,[CLS],0,0,101,12,12,11,"0,1,2,3,4,5,6,7,8,9,10,11",0.9851551651954651,-2.031792640686035,2.163355588912964
3762,FP,0,1,0,[CLS],0,0,113,12,12,11,"0,1,2,3,4,5,6,7,8,9,10,11",0.9851468205451965,-2.031979560852051,2.162595272064209
1818,FP,0,1,0,[CLS],0,0,95,12,12,11,"0,1,2,3,4,5,6,7,8,9,10,11",0.9851446151733398,-2.0689022541046143,2.125526189804077
2168,FP,0,1,0,[CLS],0,0,113,12,12,11,"0,1,2,3,4,5,6,7,8,9,10,11",0.9850831031799316,-2.0435173511505127,2.1467103958129883
962,FP,0,1,0,[CLS],0,0,114,12,12,11,"0,1,2,3,4,5,6,7,8,9,10,11",0.9850397109985352,-2.0252368450164795,2.16204833984375
3945,FP,0,1,0,[CLS],0,0,111,12,12,11,"0,1,2,3,4,5,6,7,8,9,10,11",0.9850208759307861,-2.025800943374634,2.1602039337158203
2523,FP,0,1,0,[CLS],0,0,116,12,12,11,"0,1,2,3,4,5,6,7,8,9,10,11",0.9849987626075745,-2.0180411338806152,2.1664650440216064
41,FP,0,1,0,[CLS],0,0,114,12,12,11,"0,1,2,3,4,5,6,7,8,9,10,11",0.9849108457565308,-1.9819583892822266,2.1966145038604736
452,FP,0,1,0,[CLS],0,0,104,12,12,11,"0,1,2,3,4,5,6,7,8,9,10,11",0.9849098324775696,-2.0120110511779785,2.166491985321045
53,FP,0,1,0,[CLS],0,0,108,12,12,11,"0,1,2,3,4,5,6,7,8,9,10,11",0.9848532676696777,-2.0269129276275635,2.1477952003479004
2558,FP,0,1,0,[CLS],0,0,111,12,12,11,"0,1,2,3,4,5,6,7,8,9,10,11",0.9846412539482117,-2.0170977115631104,2.143498420715332
1683,FP,0,1,0,[CLS],0,0,98,12,12,11,"0,1,2,3,4,5,6,7,8,9,10,11",0.9844382405281067,-2.020808458328247,2.126448631286621
1403,FP,0,1,0,[CLS],0,0,102,12,12,11,"0,1,2,3,4,5,6,7,8,9,10,11",0.984370231628418,-2.0361626148223877,2.106661319732666
306,FP,0,1,0,[CLS],0,0,110,12,12,11,"0,1,2,3,4,5,6,7,8,9,10,11",0.9843485951423645,-1.9912357330322266,2.1501851081848145
1182,FP,0,1,0,[CLS],0,0,107,12,12,11,"0,1,2,3,4,5,6,7,8,9,10,11",0.9843372702598572,-2.0142252445220947,2.1264610290527344
1958,FP,0,1,0,[CLS],0,0,119,12,12,11,"0,1,2,3,4,5,6,7,8,9,10,11",0.9842274785041809,-1.9985442161560059,2.135045051574707
32,FP,0,1,0,[CLS],0,0,113,12,12,11,"0,1,2,3,4,5,6,7,8,9,10,11",0.9841063618659973,-1.975921392440796,2.149890899658203
2706,FP,0,1,0,[CLS],0,0,85,12,12,11,"0,1,2,3,4,5,6,7,8,9,10,11",0.9839997887611389,-2.004652976989746,2.114367723464966
3301,FP,0,1,0,[CLS],0,0,115,12,12,11,"0,1,2,3,4,5,6,7,8,9,10,11",0.9834383130073547,-1.964806079864502,2.1191565990448
1245,FP,0,1,0,[CLS],0,0,110,12,12,11,"0,1,2,3,4,5,6,7,8,9,10,11",0.9833707809448242,-1.957343578338623,2.122483491897583
1279,FP,0,1,0,[CLS],0,0,116,12,12,11,"0,1,2,3,4,5,6,7,8,9,10,11",0.9832022786140442,-2.0009891986846924,2.0685794353485107
2113,FP,0,1,0,[CLS],0,0,108,12,12,11,"0,1,2,3,4,5,6,7,8,9,10,11",0.983165979385376,-1.9706013202667236,2.0967726707458496
1836,FP,0,1,0,[CLS],0,0,96,12,12,11,"0,1,2,3,4,5,6,7,8,9,10,11",0.9830666780471802,-1.9572126865386963,2.1041760444641113
2175,FP,0,1,0,[CLS],0,0,117,12,12,11,"0,1,2,3,4,5,6,7,8,9,10,11",0.9829730987548828,-1.9778368473052979,2.0779528617858887
931,FP,0,1,0,[CLS],0,0,113,12,12,11,"0,1,2,3,4,5,6,7,8,9,10,11",0.9828383922576904,-1.9382174015045166,2.109549045562744
3529,FP,0,1,0,[CLS],0,0,111,12,12,11,"0,1,2,3,4,5,6,7,8,9,10,11",0.982750415802002,-1.936943531036377,2.105623722076416
923,FP,0,1,0,[CLS],0,0,102,12,12,11,"0,1,2,3,4,5,6,7,8,9,10,11",0.9827167987823486,-1.9389365911483765,2.1016454696655273
3780,FP,0,1,0,[CLS],0,0,107,12,12,11,"0,1,2,3,4,5,6,7,8,9,10,11",0.9826992750167847,-1.9342505931854248,2.105304002761841
2291,FP,0,1,0,[CLS],0,0,107,12,12,11,"0,1,2,3,4,5,6,7,8,9,10,11",0.9826177954673767,-1.9260205030441284,2.1087522506713867
103,FP,0,1,0,[CLS],0,0,113,12,12,11,"0,1,2,3,4,5,6,7,8,9,10,11",0.9826148748397827,-1.9487780332565308,2.0858242511749268
1328,FP,0,1,0,[CLS],0,0,102,12,12,11,"0,1,2,3,4,5,6,7,8,9,10,11",0.9824374318122864,-1.9526702165603638,2.0715954303741455
3515,FP,0,1,0,[CLS],0,0,113,12,12,11,"0,1,2,3,4,5,6,7,8,9,10,11",0.9821419715881348,-1.9343945980072021,2.0728838443756104
1943,FP,0,1,0,[CLS],0,0,117,12,12,11,"0,1,2,3,4,5,6,7,8,9,10,11",0.9820299744606018,-1.8889589309692383,2.111957311630249
3321,FP,0,1,0,[CLS],0,0,119,12,12,11,"0,1,2,3,4,5,6,7,8,9,10,11",0.981929361820221,-1.9851739406585693,2.010058641433716
3496,FP,0,1,0,[CLS],0,0,113,12,12,11,"0,1,2,3,4,5,6,7,8,9,10,11",0.9818544387817383,-1.9139131307601929,2.0771028995513916
137,FP,0,1,0,[CLS],0,0,103,12,12,11,"0,1,2,3,4,5,6,7,8,9,10,11",0.9817339181900024,-1.946332573890686,2.0379390716552734
700,FP,0,1,0,[CLS],0,0,117,12,12,11,"0,1,2,3,4,5,6,7,8,9,10,11",0.9817325472831726,-1.9388126134872437,2.0453872680664062
3365,FP,0,1,0,[CLS],0,0,100,12,12,11,"0,1,2,3,4,5,6,7,8,9,10,11",0.9814361929893494,-1.941117286682129,2.026684045791626
3921,FP,0,1,0,[CLS],0,0,104,12,12,11,"0,1,2,3,4,5,6,7,8,9,10,11",0.9813812971115112,-1.9056475162506104,2.0591468811035156
1975,FP,0,1,0,[CLS],0,0,110,12,12,11,"0,1,2,3,4,5,6,7,8,9,10,11",0.9811433553695679,-1.8918604850769043,2.059990406036377
3044,FP,0,1,0,[CLS],0,0,95,12,12,11,"0,1,2,3,4,5,6,7,8,9,10,11",0.9811304211616516,-1.8973145484924316,2.0538368225097656
758,FP,0,1,0,[CLS],0,0,90,12,12,11,"0,1,2,3,4,5,6,7,8,9,10,11",0.9810429811477661,-1.9201982021331787,2.026242971420288
425,FP,0,1,0,[CLS],0,0,106,12,12,11,"0,1,2,3,4,5,6,7,8,9,10,11",0.9808674454689026,-1.931610107421875,2.005434513092041
687,FP,0,1,0,[CLS],0,0,117,12,12,11,"0,1,2,3,4,5,6,7,8,9,10,11",0.9807100296020508,-1.9125056266784668,2.0161845684051514
339,FP,0,1,0,[CLS],0,0,88,12,12,11,"0,1,2,3,4,5,6,7,8,9,10,11",0.9805383086204529,-1.8918261528015137,2.0278241634368896
1267,FP,0,1,0,[CLS],0,0,108,12,12,11,"0,1,2,3,4,5,6,7,8,9,10,11",0.9803866744041443,-1.8863208293914795,2.025418996810913
1983,FP,0,1,0,[CLS],0,0,104,12,12,11,"0,1,2,3,4,5,6,7,8,9,10,11",0.9802939891815186,-1.8645555973052979,2.042370319366455
1092,FP,0,1,0,[CLS],0,0,110,12,12,11,"0,1,2,3,4,5,6,7,8,9,10,11",0.9799168705940247,-1.8741216659545898,2.0134689807891846
2785,FP,0,1,0,[CLS],0,0,95,12,12,11,"0,1,2,3,4,5,6,7,8,9,10,11",0.9799156188964844,-1.866313099861145,2.021210193634033
2388,FP,0,1,0,[CLS],0,0,105,12,12,11,"0,1,2,3,4,5,6,7,8,9,10,11",0.9796624779701233,-1.8833661079406738,1.9913734197616577
3129,FP,0,1,0,[CLS],0,0,107,12,12,11,"0,1,2,3,4,5,6,7,8,9,10,11",0.9795616865158081,-1.894360065460205,1.9753358364105225
3506,FP,0,1,0,[CLS],0,0,112,12,12,11,"0,1,2,3,4,5,6,7,8,9,10,11",0.9787878394126892,-1.8416998386383057,1.9900412559509277
3912,FP,0,1,0,[CLS],0,0,113,12,12,11,"0,1,2,3,4,5,6,7,8,9,10,11",0.9784547686576843,-1.8199994564056396,1.9958218336105347
3230,FP,0,1,0,[CLS],0,0,115,12,12,11,"0,1,2,3,4,5,6,7,8,9,10,11",0.978119969367981,-1.8666374683380127,1.9334206581115723
3477,FP,0,1,0,[CLS],0,0,102,12,12,11,"0,1,2,3,4,5,6,7,8,9,10,11",0.9780239462852478,-1.8152495622634888,1.980331540107727
3737,FP,0,1,0,[CLS],0,0,88,12,12,11,"0,1,2,3,4,5,6,7,8,9,10,11",0.9779103398323059,-1.8482420444488525,1.9420690536499023
2164,FP,0,1,0,[CLS],0,0,116,12,12,11,"0,1,2,3,4,5,6,7,8,9,10,11",0.977884829044342,-1.8166645765304565,1.9724658727645874
2937,FP,0,1,0,[CLS],0,0,107,12,12,11,"0,1,2,3,4,5,6,7,8,9,10,11",0.9775227904319763,-1.8318424224853516,1.9406765699386597
999,FP,0,1,0,[CLS],0,0,94,12,12,11,"0,1,2,3,4,5,6,7,8,9,10,11",0.9771759510040283,-1.8413841724395752,1.9154666662216187
1466,FP,0,1,0,[CLS],0,0,112,12,12,11,"0,1,2,3,4,5,6,7,8,9,10,11",0.9769726991653442,-1.853022575378418,1.8947571516036987
670,FP,0,1,0,[CLS],0,0,94,12,12,11,"0,1,2,3,4,5,6,7,8,9,10,11",0.9768547415733337,-1.8246883153915405,1.917858362197876
133,FP,0,1,0,[CLS],0,0,106,12,12,11,"0,1,2,3,4,5,6,7,8,9,10,11",0.9766949415206909,-1.8314225673675537,1.9040826559066772
3386,FP,0,1,0,[CLS],0,0,103,12,12,11,"0,1,2,3,4,5,6,7,8,9,10,11",0.9766743183135986,-1.7957299947738647,1.9388669729232788
1468,FP,0,1,0,[CLS],0,0,114,12,12,11,"0,1,2,3,4,5,6,7,8,9,10,11",0.9760057926177979,-1.8756061792373657,1.8300524950027466
2425,FP,0,1,0,[CLS],0,0,106,12,12,11,"0,1,2,3,4,5,6,7,8,9,10,11",0.9757458567619324,-1.8308407068252563,1.8637748956680298
756,FP,0,1,0,[CLS],0,0,101,12,12,11,"0,1,2,3,4,5,6,7,8,9,10,11",0.9756606221199036,-1.8375685214996338,1.8534505367279053
3186,FP,0,1,0,[CLS],0,0,99,12,12,11,"0,1,2,3,4,5,6,7,8,9,10,11",0.9756377935409546,-1.7652517557144165,1.9248074293136597
3168,FP,0,1,0,[CLS],0,0,116,12,12,11,"0,1,2,3,4,5,6,7,8,9,10,11",0.9754754304885864,-1.7660400867462158,1.9172109365463257
514,FP,0,1,0,[CLS],0,0,107,12,12,11,"0,1,2,3,4,5,6,7,8,9,10,11",0.975444495677948,-1.7779629230499268,1.903995156288147
2419,FP,0,1,0,[CLS],0,0,102,12,12,11,"0,1,2,3,4,5,6,7,8,9,10,11",0.9753518104553223,-1.8009322881698608,1.8771623373031616
3480,FP,0,1,0,[CLS],0,0,108,12,12,11,"0,1,2,3,4,5,6,7,8,9,10,11",0.9753121137619019,-1.7952184677124023,1.8812251091003418
527,FP,0,1,0,[CLS],0,0,99,12,12,11,"0,1,2,3,4,5,6,7,8,9,10,11",0.9751051068305969,-1.7841426134109497,1.8837414979934692
3382,FP,0,1,0,[CLS],0,0,117,12,12,11,"0,1,2,3,4,5,6,7,8,9,10,11",0.9750560522079468,-1.7135623693466187,1.9523004293441772
1910,FP,0,1,0,[CLS],0,0,103,12,12,11,"0,1,2,3,4,5,6,7,8,9,10,11",0.975006639957428,-1.713489055633545,1.9503427743911743
1203,FP,0,1,0,[CLS],0,0,108,12,12,11,"0,1,2,3,4,5,6,7,8,9,10,11",0.9749358296394348,-1.7977951765060425,1.8631384372711182
862,FP,0,1,0,[CLS],0,0,102,12,12,11,"0,1,2,3,4,5,6,7,8,9,10,11",0.974802553653717,-1.7834409475326538,1.8720526695251465
2608,FP,0,1,0,[CLS],0,0,104,12,12,11,"0,1,2,3,4,5,6,7,8,9,10,11",0.9746723175048828,-1.822744607925415,1.8274601697921753
50,FP,0,1,0,[CLS],0,0,109,12,12,11,"0,1,2,3,4,5,6,7,8,9,10,11",0.9745602011680603,-1.8075718879699707,1.8381010293960571
3748,FP,0,1,0,[CLS],0,0,119,12,12,11,"0,1,2,3,4,5,6,7,8,9,10,11",0.9743737578392029,-1.7980196475982666,1.8401590585708618
648,FP,0,1,0,[CLS],0,0,104,12,12,11,"0,1,2,3,4,5,6,7,8,9,10,11",0.974262535572052,-1.7345056533813477,1.8992291688919067
2995,FP,0,1,0,[CLS],0,0,107,12,12,11,"0,1,2,3,4,5,6,7,8,9,10,11",0.974229633808136,-1.7487435340881348,1.8836781978607178
3657,FP,0,1,0,[CLS],0,0,112,12,12,11,"0,1,2,3,4,5,6,7,8,9,10,11",0.9741335511207581,-1.7047736644744873,1.9238303899765015
726,FP,0,1,0,[CLS],0,0,94,12,12,11,"0,1,2,3,4,5,6,7,8,9,10,11",0.9740949869155884,-1.7751214504241943,1.8519521951675415
364,FP,0,1,0,[CLS],0,0,99,12,12,11,"0,1,2,3,4,5,6,7,8,9,10,11",0.9740579128265381,-1.788011074066162,1.837591290473938
3882,FP,0,1,0,[CLS],0,0,101,12,12,11,"0,1,2,3,4,5,6,7,8,9,10,11",0.9736884236335754,-1.7605321407318115,1.8505512475967407
3221,FP,0,1,0,[CLS],0,0,108,12,12,11,"0,1,2,3,4,5,6,7,8,9,10,11",0.9735672473907471,-1.7298637628555298,1.8765019178390503
2383,FP,0,1,0,[CLS],0,0,90,12,12,11,"0,1,2,3,4,5,6,7,8,9,10,11",0.9733045101165771,-1.7751060724258423,1.8210982084274292
3889,FP,0,1,0,[CLS],0,0,93,12,12,11,"0,1,2,3,4,5,6,7,8,9,10,11",0.9730885624885559,-1.7559165954589844,1.8320077657699585
917,FP,0,1,0,[CLS],0,0,99,12,12,11,"0,1,2,3,4,5,6,7,8,9,10,11",0.9729129076004028,-1.7504938840866089,1.8307429552078247
1938,FP,0,1,0,[CLS],0,0,103,12,12,11,"0,1,2,3,4,5,6,7,8,9,10,11",0.9727309346199036,-1.7270214557647705,1.847335696220398
3297,FP,0,1,0,[CLS],0,0,110,12,12,11,"0,1,2,3,4,5,6,7,8,9,10,11",0.9725409150123596,-1.7451672554016113,1.8220492601394653
920,FP,0,1,0,[CLS],0,0,106,12,12,11,"0,1,2,3,4,5,6,7,8,9,10,11",0.9712650179862976,-1.7007067203521729,1.8197765350341797
2035,TN,0,0,0,[CLS],0,0,105,12,12,11,"0,1,2,3,4,5,6,7,8,9,10,11",0.07179881632328033,1.3738386631011963,-1.1855419874191284
2643,TN,0,0,0,[CLS],0,0,104,12,12,11,"0,1,2,3,4,5,6,7,8,9,10,11",0.07361971586942673,1.2771971225738525,-1.2551748752593994
1242,TN,0,0,0,[CLS],0,0,105,12,12,11,"0,1,2,3,4,5,6,7,8,9,10,11",0.0742427408695221,1.257305383682251,-1.265966534614563
2610,TN,0,0,0,[CLS],0,0,105,12,12,11,"0,1,2,3,4,5,6,7,8,9,10,11",0.07739894837141037,1.2313262224197388,-1.246897578239441
1300,TN,0,0,0,[CLS],0,0,106,12,12,11,"0,1,2,3,4,5,6,7,8,9,10,11",0.07959456741809845,1.2563631534576416,-1.1915051937103271
221,TN,0,0,0,[CLS],0,0,110,12,12,11,"0,1,2,3,4,5,6,7,8,9,10,11",0.08033378422260284,1.2307956218719482,-1.2070246934890747
2935,TN,0,0,0,[CLS],0,0,101,12,12,11,"0,1,2,3,4,5,6,7,8,9,10,11",0.08038628101348877,1.1879096031188965,-1.2492005825042725
244,TN,0,0,0,[CLS],0,0,103,12,12,11,"0,1,2,3,4,5,6,7,8,9,10,11",0.08113133162260056,1.2730451822280884,-1.1540288925170898
3703,TN,0,0,0,[CLS],0,0,105,12,12,11,"0,1,2,3,4,5,6,7,8,9,10,11",0.08114399760961533,1.242648959159851,-1.1842553615570068
2250,TN,0,0,0,[CLS],0,0,98,12,12,11,"0,1,2,3,4,5,6,7,8,9,10,11",0.0816681832075119,1.2643487453460693,-1.1555453538894653
3621,TN,0,0,0,[CLS],0,0,117,12,12,11,"0,1,2,3,4,5,6,7,8,9,10,11",0.08246568590402603,1.2277421951293945,-1.181565523147583
1411,TN,0,0,0,[CLS],0,0,104,12,12,11,"0,1,2,3,4,5,6,7,8,9,10,11",0.08250484615564346,1.1905701160430908,-1.2182202339172363
721,TN,0,0,0,[CLS],0,0,114,12,12,11,"0,1,2,3,4,5,6,7,8,9,10,11",0.08278673142194748,1.2446446418762207,-1.1604276895523071
709,TN,0,0,0,[CLS],0,0,111,12,12,11,"0,1,2,3,4,5,6,7,8,9,10,11",0.08282546699047089,1.2583295106887817,-1.1462327241897583
898,TN,0,0,0,[CLS],0,0,106,12,12,11,"0,1,2,3,4,5,6,7,8,9,10,11",0.08341608941555023,1.1799989938735962,-1.2168134450912476
3809,TN,0,0,0,[CLS],0,0,97,12,12,11,"0,1,2,3,4,5,6,7,8,9,10,11",0.08353081345558167,1.2794971466064453,-1.1158157587051392
3917,TN,0,0,0,[CLS],0,0,106,12,12,11,"0,1,2,3,4,5,6,7,8,9,10,11",0.08375763148069382,1.2314329147338867,-1.16092050075531
1929,TN,0,0,0,[CLS],0,0,105,12,12,11,"0,1,2,3,4,5,6,7,8,9,10,11",0.08382828533649445,1.2206354141235352,-1.1707979440689087
3139,TN,0,0,0,[CLS],0,0,106,12,12,11,"0,1,2,3,4,5,6,7,8,9,10,11",0.08403412252664566,1.148192286491394,-1.2405641078948975
311,TN,0,0,0,[CLS],0,0,108,12,12,11,"0,1,2,3,4,5,6,7,8,9,10,11",0.08542156964540482,1.266385793685913,-1.1044788360595703
1511,TN,0,0,0,[CLS],0,0,104,12,12,11,"0,1,2,3,4,5,6,7,8,9,10,11",0.08554544299840927,1.2184656858444214,-1.150814414024353
234,TN,0,0,0,[CLS],0,0,108,12,12,11,"0,1,2,3,4,5,6,7,8,9,10,11",0.08580061793327332,1.2072548866271973,-1.1587677001953125
1440,TN,0,0,0,[CLS],0,0,104,12,12,11,"0,1,2,3,4,5,6,7,8,9,10,11",0.0865149199962616,1.0912034511566162,-1.2657465934753418
2511,TN,0,0,0,[CLS],0,0,101,12,12,11,"0,1,2,3,4,5,6,7,8,9,10,11",0.08686523139476776,1.099018931388855,-1.2535067796707153
2679,TN,0,0,0,[CLS],0,0,102,12,12,11,"0,1,2,3,4,5,6,7,8,9,10,11",0.08700898289680481,1.2513434886932373,-1.099371075630188
319,TN,0,0,0,[CLS],0,0,112,12,12,11,"0,1,2,3,4,5,6,7,8,9,10,11",0.08717579394578934,1.2336101531982422,-1.1150063276290894
3372,TN,0,0,0,[CLS],0,0,110,12,12,11,"0,1,2,3,4,5,6,7,8,9,10,11",0.08718597143888474,1.2373398542404175,-1.1111488342285156
3769,TN,0,0,0,[CLS],0,0,99,12,12,11,"0,1,2,3,4,5,6,7,8,9,10,11",0.08744453638792038,1.1210788488388062,-1.2241653203964233
606,TN,0,0,0,[CLS],0,0,103,12,12,11,"0,1,2,3,4,5,6,7,8,9,10,11",0.08755488693714142,1.1766119003295898,-1.1672502756118774
80,TN,0,0,0,[CLS],0,0,105,12,12,11,"0,1,2,3,4,5,6,7,8,9,10,11",0.08764036744832993,1.1147487163543701,-1.228043794631958
277,TN,0,0,0,[CLS],0,0,110,12,12,11,"0,1,2,3,4,5,6,7,8,9,10,11",0.08796446025371552,1.2458800077438354,-1.0928659439086914
1763,TN,0,0,0,[CLS],0,0,105,12,12,11,"0,1,2,3,4,5,6,7,8,9,10,11",0.08827916532754898,1.1090497970581055,-1.2257798910140991
2228,TN,0,0,0,[CLS],0,0,96,12,12,11,"0,1,2,3,4,5,6,7,8,9,10,11",0.08856053650379181,1.1536691188812256,-1.177669644355774
24,TN,0,0,0,[CLS],0,0,107,12,12,11,"0,1,2,3,4,5,6,7,8,9,10,11",0.08874282985925674,1.2225924730300903,-1.106489896774292
2968,TN,0,0,0,[CLS],0,0,103,12,12,11,"0,1,2,3,4,5,6,7,8,9,10,11",0.08880358189344406,1.2467877864837646,-1.0815436840057373
2543,TN,0,0,0,[CLS],0,0,107,12,12,11,"0,1,2,3,4,5,6,7,8,9,10,11",0.08893230557441711,1.2122913599014282,-1.114450454711914
1610,TN,0,0,0,[CLS],0,0,101,12,12,11,"0,1,2,3,4,5,6,7,8,9,10,11",0.08922693133354187,1.0882978439331055,-1.2348129749298096
1601,TN,0,0,0,[CLS],0,0,93,12,12,11,"0,1,2,3,4,5,6,7,8,9,10,11",0.08932965248823166,1.158711552619934,-1.1631358861923218
1696,TN,0,0,0,[CLS],0,0,99,12,12,11,"0,1,2,3,4,5,6,7,8,9,10,11",0.0893406793475151,1.2279613018035889,-1.0937508344650269
469,TN,0,0,0,[CLS],0,0,103,12,12,11,"0,1,2,3,4,5,6,7,8,9,10,11",0.09020226448774338,1.1675313711166382,-1.1436364650726318
740,TN,0,0,0,[CLS],0,0,110,12,12,11,"0,1,2,3,4,5,6,7,8,9,10,11",0.09026831388473511,1.1537977457046509,-1.1565654277801514
3275,TN,0,0,0,[CLS],0,0,107,12,12,11,"0,1,2,3,4,5,6,7,8,9,10,11",0.09039904177188873,1.1771119832992554,-1.1316603422164917
2041,TN,0,0,0,[CLS],0,0,104,12,12,11,"0,1,2,3,4,5,6,7,8,9,10,11",0.0906006395816803,1.1478712558746338,-1.1584516763687134
767,TN,0,0,0,[CLS],0,0,108,12,12,11,"0,1,2,3,4,5,6,7,8,9,10,11",0.0909232422709465,1.241475224494934,-1.0609385967254639
1109,TN,0,0,0,[CLS],0,0,108,12,12,11,"0,1,2,3,4,5,6,7,8,9,10,11",0.09109306335449219,1.175336241722107,-1.1250247955322266
2892,TN,0,0,0,[CLS],0,0,103,12,12,11,"0,1,2,3,4,5,6,7,8,9,10,11",0.0914689227938652,1.0868335962295532,-1.2089961767196655
2119,TN,0,0,0,[CLS],0,0,114,12,12,11,"0,1,2,3,4,5,6,7,8,9,10,11",0.09148058295249939,1.2323663234710693,-1.0633231401443481
1674,TN,0,0,0,[CLS],0,0,101,12,12,11,"0,1,2,3,4,5,6,7,8,9,10,11",0.09161853790283203,1.1135603189468384,-1.1804704666137695
3881,TN,0,0,0,[CLS],0,0,111,12,12,11,"0,1,2,3,4,5,6,7,8,9,10,11",0.09170795232057571,1.2052470445632935,-1.0877097845077515
1108,TN,0,0,0,[CLS],0,0,98,12,12,11,"0,1,2,3,4,5,6,7,8,9,10,11",0.09176947921514511,1.1546756029129028,-1.1375428438186646
1998,TN,0,0,0,[CLS],0,0,108,12,12,11,"0,1,2,3,4,5,6,7,8,9,10,11",0.09185512363910675,1.1767841577529907,-1.1144071817398071
3179,TN,0,0,0,[CLS],0,0,103,12,12,11,"0,1,2,3,4,5,6,7,8,9,10,11",0.0920092761516571,1.097351312637329,-1.1919933557510376
2479,TN,0,0,0,[CLS],0,0,104,12,12,11,"0,1,2,3,4,5,6,7,8,9,10,11",0.09202005714178085,1.1830586194992065,-1.1061571836471558
3533,TN,0,0,0,[CLS],0,0,103,12,12,11,"0,1,2,3,4,5,6,7,8,9,10,11",0.09208998084068298,1.2351628541946411,-1.0532163381576538
1408,TN,0,0,0,[CLS],0,0,108,12,12,11,"0,1,2,3,4,5,6,7,8,9,10,11",0.09238957613706589,1.1379019021987915,-1.1468992233276367
1847,TN,0,0,0,[CLS],0,0,107,12,12,11,"0,1,2,3,4,5,6,7,8,9,10,11",0.09243369847536087,1.2763794660568237,-1.007895588874817
3383,TN,0,0,0,[CLS],0,0,106,12,12,11,"0,1,2,3,4,5,6,7,8,9,10,11",0.09252934157848358,1.1846259832382202,-1.0985095500946045
774,TN,0,0,0,[CLS],0,0,106,12,12,11,"0,1,2,3,4,5,6,7,8,9,10,11",0.09263553470373154,1.2100318670272827,-1.071839451789856
628,TN,0,0,0,[CLS],0,0,102,12,12,11,"0,1,2,3,4,5,6,7,8,9,10,11",0.09271400421857834,1.1637266874313354,-1.1172114610671997
1436,TN,0,0,0,[CLS],0,0,107,12,12,11,"0,1,2,3,4,5,6,7,8,9,10,11",0.09296195209026337,1.1428732872009277,-1.1351209878921509
1586,TN,0,0,0,[CLS],0,0,101,12,12,11,"0,1,2,3,4,5,6,7,8,9,10,11",0.09313735365867615,1.1500967741012573,-1.1258189678192139
2977,TN,0,0,0,[CLS],0,0,103,12,12,11,"0,1,2,3,4,5,6,7,8,9,10,11",0.09316449612379074,1.1457924842834473,-1.1298019886016846
86,TN,0,0,0,[CLS],0,0,107,12,12,11,"0,1,2,3,4,5,6,7,8,9,10,11",0.09342285245656967,1.103751540184021,-1.1687885522842407
1743,TN,0,0,0,[CLS],0,0,108,12,12,11,"0,1,2,3,4,5,6,7,8,9,10,11",0.09355819970369339,1.1966221332550049,-1.0743211507797241
3411,TN,0,0,0,[CLS],0,0,106,12,12,11,"0,1,2,3,4,5,6,7,8,9,10,11",0.0936708003282547,1.1744849681854248,-1.0951310396194458
149,TN,0,0,0,[CLS],0,0,103,12,12,11,"0,1,2,3,4,5,6,7,8,9,10,11",0.09367197006940842,1.0786443948745728,-1.19095778465271
1503,TN,0,0,0,[CLS],0,0,101,12,12,11,"0,1,2,3,4,5,6,7,8,9,10,11",0.09377285093069077,1.241774082183838,-1.0266406536102295
3233,TN,0,0,0,[CLS],0,0,109,12,12,11,"0,1,2,3,4,5,6,7,8,9,10,11",0.09387477487325668,1.1470024585723877,-1.1202131509780884
2844,TN,0,0,0,[CLS],0,0,110,12,12,11,"0,1,2,3,4,5,6,7,8,9,10,11",0.09391563385725021,1.1895716190338135,-1.0771640539169312
3410,TN,0,0,0,[CLS],0,0,104,12,12,11,"0,1,2,3,4,5,6,7,8,9,10,11",0.09400160610675812,1.1299257278442383,-1.1358000040054321
1704,TN,0,0,0,[CLS],0,0,113,12,12,11,"0,1,2,3,4,5,6,7,8,9,10,11",0.09417275339365005,1.1161701679229736,-1.1475476026535034
3740,TN,0,0,0,[CLS],0,0,104,12,12,11,"0,1,2,3,4,5,6,7,8,9,10,11",0.09421063959598541,1.096250057220459,-1.1670236587524414
1593,TN,0,0,0,[CLS],0,0,110,12,12,11,"0,1,2,3,4,5,6,7,8,9,10,11",0.09422225505113602,1.115992546081543,-1.1471450328826904
2899,TN,0,0,0,[CLS],0,0,111,12,12,11,"0,1,2,3,4,5,6,7,8,9,10,11",0.09462067484855652,1.2253271341323853,-1.0331507921218872
1087,TN,0,0,0,[CLS],0,0,107,12,12,11,"0,1,2,3,4,5,6,7,8,9,10,11",0.09496770054101944,1.149095892906189,-1.1053379774093628
808,TN,0,0,0,[CLS],0,0,103,12,12,11,"0,1,2,3,4,5,6,7,8,9,10,11",0.0950029268860817,1.1966496706008911,-1.0573742389678955
2996,TN,0,0,0,[CLS],0,0,104,12,12,11,"0,1,2,3,4,5,6,7,8,9,10,11",0.09531360119581223,1.1430764198303223,-1.1073392629623413
2005,TN,0,0,0,[CLS],0,0,104,12,12,11,"0,1,2,3,4,5,6,7,8,9,10,11",0.09537463635206223,1.1419200897216797,-1.1077879667282104
2456,TN,0,0,0,[CLS],0,0,102,12,12,11,"0,1,2,3,4,5,6,7,8,9,10,11",0.09541092813014984,1.1122878789901733,-1.1369996070861816
943,TN,0,0,0,[CLS],0,0,106,12,12,11,"0,1,2,3,4,5,6,7,8,9,10,11",0.09541500359773636,1.1137219667434692,-1.1355185508728027
2483,TN,0,0,0,[CLS],0,0,108,12,12,11,"0,1,2,3,4,5,6,7,8,9,10,11",0.09541738778352737,1.0738935470581055,-1.1753190755844116
3203,TN,0,0,0,[CLS],0,0,107,12,12,11,"0,1,2,3,4,5,6,7,8,9,10,11",0.09543442726135254,1.1183946132659912,-1.1306205987930298
1855,TN,0,0,0,[CLS],0,0,107,12,12,11,"0,1,2,3,4,5,6,7,8,9,10,11",0.09550551325082779,1.179591178894043,-1.0686012506484985
1549,TN,0,0,0,[CLS],0,0,109,12,12,11,"0,1,2,3,4,5,6,7,8,9,10,11",0.09556480497121811,1.160290241241455,-1.0872160196304321
1758,TN,0,0,0,[CLS],0,0,108,12,12,11,"0,1,2,3,4,5,6,7,8,9,10,11",0.09565389901399612,1.0963889360427856,-1.1500868797302246
2601,TN,0,0,0,[CLS],0,0,105,12,12,11,"0,1,2,3,4,5,6,7,8,9,10,11",0.0957622155547142,1.1471933126449585,-1.098030924797058
964,TN,0,0,0,[CLS],0,0,110,12,12,11,"0,1,2,3,4,5,6,7,8,9,10,11",0.09611033648252487,1.1706198453903198,-1.0705904960632324
1213,TN,0,0,0,[CLS],0,0,105,12,12,11,"0,1,2,3,4,5,6,7,8,9,10,11",0.09643825143575668,1.1484040021896362,-1.089037537574768
806,TN,0,0,0,[CLS],0,0,105,12,12,11,"0,1,2,3,4,5,6,7,8,9,10,11",0.09648595005273819,1.1323050260543823,-1.1045892238616943
3343,TN,0,0,0,[CLS],0,0,102,12,12,11,"0,1,2,3,4,5,6,7,8,9,10,11",0.09666115045547485,1.2161437273025513,-1.018742322921753
3345,TN,0,0,0,[CLS],0,0,106,12,12,11,"0,1,2,3,4,5,6,7,8,9,10,11",0.09667646884918213,1.1142953634262085,-1.120415210723877
1766,TN,0,0,0,[CLS],0,0,109,12,12,11,"0,1,2,3,4,5,6,7,8,9,10,11",0.09670495241880417,1.1040996313095093,-1.1302850246429443
3081,TN,0,0,0,[CLS],0,0,102,12,12,11,"0,1,2,3,4,5,6,7,8,9,10,11",0.09673153609037399,1.2258843183517456,-1.0081958770751953
1397,TN,0,0,0,[CLS],0,0,105,12,12,11,"0,1,2,3,4,5,6,7,8,9,10,11",0.09695775806903839,1.148905634880066,-1.0825884342193604
139,TN,0,0,0,[CLS],0,0,108,12,12,11,"0,1,2,3,4,5,6,7,8,9,10,11",0.09697119891643524,1.0946921110153198,-1.136648178100586
2911,TN,0,0,0,[CLS],0,0,112,12,12,11,"0,1,2,3,4,5,6,7,8,9,10,11",0.09700039029121399,1.2059268951416016,-1.0250803232192993
1918,TN,0,0,0,[CLS],0,0,104,12,12,11,"0,1,2,3,4,5,6,7,8,9,10,11",0.09703373908996582,1.181325078010559,-1.049301266670227
2282,TN,0,0,0,[CLS],0,0,106,12,12,11,"0,1,2,3,4,5,6,7,8,9,10,11",0.09706797450780869,1.1132707595825195,-1.1169650554656982
2069,TN,0,0,0,[CLS],0,0,104,12,12,11,"0,1,2,3,4,5,6,7,8,9,10,11",0.09716840088367462,1.2047382593154907,-1.0243521928787231
2408,TN,0,0,0,[CLS],0,0,111,12,12,11,"0,1,2,3,4,5,6,7,8,9,10,11",0.09720900654792786,1.1602773666381836,-1.0683504343032837
3229,FN,1,0,0,[CLS],0,0,110,12,12,11,"0,1,2,3,4,5,6,7,8,9,10,11",0.08033378422260284,1.2307956218719482,-1.2070246934890747
2106,FN,1,0,0,[CLS],0,0,105,12,12,11,"0,1,2,3,4,5,6,7,8,9,10,11",0.08174104988574982,1.1953775882720947,-1.2235455513000488
3804,FN,1,0,0,[CLS],0,0,117,12,12,11,"0,1,2,3,4,5,6,7,8,9,10,11",0.08246568590402603,1.2277421951293945,-1.181565523147583
776,FN,1,0,0,[CLS],0,0,104,12,12,11,"0,1,2,3,4,5,6,7,8,9,10,11",0.08324969559907913,1.2566969394683838,-1.1422936916351318
476,FN,1,0,0,[CLS],0,0,105,12,12,11,"0,1,2,3,4,5,6,7,8,9,10,11",0.08402985334396362,1.220931053161621,-1.1678805351257324
523,FN,1,0,0,[CLS],0,0,103,12,12,11,"0,1,2,3,4,5,6,7,8,9,10,11",0.08407079428434372,1.2816503047943115,-1.106629729270935
3093,FN,1,0,0,[CLS],0,0,108,12,12,11,"0,1,2,3,4,5,6,7,8,9,10,11",0.08542156964540482,1.266385793685913,-1.1044788360595703
1412,FN,1,0,0,[CLS],0,0,105,12,12,11,"0,1,2,3,4,5,6,7,8,9,10,11",0.08616666495800018,1.2496875524520874,-1.1116772890090942
1865,FN,1,0,0,[CLS],0,0,107,12,12,11,"0,1,2,3,4,5,6,7,8,9,10,11",0.08771539479494095,1.1266177892684937,-1.215236783027649
3023,FN,1,0,0,[CLS],0,0,104,12,12,11,"0,1,2,3,4,5,6,7,8,9,10,11",0.0883568599820137,1.1351341009140015,-1.1987305879592896
1407,FN,1,0,0,[CLS],0,0,106,12,12,11,"0,1,2,3,4,5,6,7,8,9,10,11",0.08924543857574463,1.1787128448486328,-1.1441701650619507
927,FN,1,0,0,[CLS],0,0,104,12,12,11,"0,1,2,3,4,5,6,7,8,9,10,11",0.0897657498717308,1.2198872566223145,-1.0966112613677979
40,FN,1,0,0,[CLS],0,0,106,12,12,11,"0,1,2,3,4,5,6,7,8,9,10,11",0.09029051661491394,1.2065210342407227,-1.103571891784668
346,FN,1,0,0,[CLS],0,0,107,12,12,11,"0,1,2,3,4,5,6,7,8,9,10,11",0.09039904177188873,1.1771119832992554,-1.1316603422164917
1209,FN,1,0,0,[CLS],0,0,105,12,12,11,"0,1,2,3,4,5,6,7,8,9,10,11",0.09068221598863602,1.1790467500686646,-1.1262866258621216
3674,FN,1,0,0,[CLS],0,0,90,12,12,11,"0,1,2,3,4,5,6,7,8,9,10,11",0.0909440889954567,1.0550386905670166,-1.247122883796692
2856,FN,1,0,0,[CLS],0,0,101,12,12,11,"0,1,2,3,4,5,6,7,8,9,10,11",0.09135425090789795,1.2429603338241577,-1.0542501211166382
2750,FN,1,0,0,[CLS],0,0,103,12,12,11,"0,1,2,3,4,5,6,7,8,9,10,11",0.09248462319374084,1.1765137910842896,-1.107154130935669
449,FN,1,0,0,[CLS],0,0,112,12,12,11,"0,1,2,3,4,5,6,7,8,9,10,11",0.09442970901727676,1.135912299156189,-1.124796748161316
2801,FN,1,0,0,[CLS],0,0,100,12,12,11,"0,1,2,3,4,5,6,7,8,9,10,11",0.09585835039615631,1.103724479675293,-1.1403898000717163
1413,FN,1,0,0,[CLS],0,0,107,12,12,11,"0,1,2,3,4,5,6,7,8,9,10,11",0.09587752819061279,1.173081398010254,-1.0708118677139282
1856,FN,1,0,0,[CLS],0,0,110,12,12,11,"0,1,2,3,4,5,6,7,8,9,10,11",0.09611033648252487,1.1706198453903198,-1.0705904960632324
961,FN,1,0,0,[CLS],0,0,110,12,12,11,"0,1,2,3,4,5,6,7,8,9,10,11",0.09704037010669708,1.156118392944336,-1.0744322538375854
2657,FN,1,0,0,[CLS],0,0,109,12,12,11,"0,1,2,3,4,5,6,7,8,9,10,11",0.09710045903921127,1.1126947402954102,-1.1171704530715942
193,FN,1,0,0,[CLS],0,0,105,12,12,11,"0,1,2,3,4,5,6,7,8,9,10,11",0.09737170487642288,1.0995413064956665,-1.1272339820861816
2416,FN,1,0,0,[CLS],0,0,100,12,12,11,"0,1,2,3,4,5,6,7,8,9,10,11",0.09781021624803543,1.0883573293685913,-1.1334384679794312
769,FN,1,0,0,[CLS],0,0,97,12,12,11,"0,1,2,3,4,5,6,7,8,9,10,11",0.09832780063152313,1.1237514019012451,-1.0921927690505981
1580,FN,1,0,0,[CLS],0,0,97,12,12,11,"0,1,2,3,4,5,6,7,8,9,10,11",0.09896044433116913,1.1568197011947632,-1.0520092248916626
2606,FN,1,0,0,[CLS],0,0,109,12,12,11,"0,1,2,3,4,5,6,7,8,9,10,11",0.0994797796010971,1.1727160215377808,-1.0303021669387817
155,FN,1,0,0,[CLS],0,0,105,12,12,11,"0,1,2,3,4,5,6,7,8,9,10,11",0.09949883818626404,1.0232428312301636,-1.1795628070831299
826,FN,1,0,0,[CLS],0,0,104,12,12,11,"0,1,2,3,4,5,6,7,8,9,10,11",0.09961997717618942,1.1188437938690186,-1.0826102495193481
904,FN,1,0,0,[CLS],0,0,105,12,12,11,"0,1,2,3,4,5,6,7,8,9,10,11",0.09983841329813004,1.0973409414291382,-1.1016805171966553
3802,FN,1,0,0,[CLS],0,0,107,12,12,11,"0,1,2,3,4,5,6,7,8,9,10,11",0.10004626214504242,1.090551733970642,-1.106158971786499
348,FN,1,0,0,[CLS],0,0,102,12,12,11,"0,1,2,3,4,5,6,7,8,9,10,11",0.10014089196920395,1.0785057544708252,-1.1171543598175049
3706,FN,1,0,0,[CLS],0,0,101,12,12,11,"0,1,2,3,4,5,6,7,8,9,10,11",0.10020419955253601,1.0293126106262207,-1.1656452417373657
2918,FN,1,0,0,[CLS],0,0,103,12,12,11,"0,1,2,3,4,5,6,7,8,9,10,11",0.10039211064577103,1.1091301441192627,-1.0837452411651611
55,FN,1,0,0,[CLS],0,0,110,12,12,11,"0,1,2,3,4,5,6,7,8,9,10,11",0.101460300385952,1.1087366342544556,-1.072366714477539
2021,FN,1,0,0,[CLS],0,0,109,12,12,11,"0,1,2,3,4,5,6,7,8,9,10,11",0.10175369679927826,1.0892304182052612,-1.0886586904525757
3669,FN,1,0,0,[CLS],0,0,108,12,12,11,"0,1,2,3,4,5,6,7,8,9,10,11",0.10268197953701019,1.1175854206085205,-1.050188422203064
2231,FN,1,0,0,[CLS],0,0,99,12,12,11,"0,1,2,3,4,5,6,7,8,9,10,11",0.10276324301958084,1.0674837827682495,-1.0994083881378174
1387,FN,1,0,0,[CLS],0,0,107,12,12,11,"0,1,2,3,4,5,6,7,8,9,10,11",0.10282079130411148,1.0298080444335938,-1.1364600658416748
1786,FN,1,0,0,[CLS],0,0,104,12,12,11,"0,1,2,3,4,5,6,7,8,9,10,11",0.1034456193447113,1.0498714447021484,-1.1096415519714355
983,FN,1,0,0,[CLS],0,0,107,12,12,11,"0,1,2,3,4,5,6,7,8,9,10,11",0.10347196459770203,1.1125773191452026,-1.0466516017913818
2686,FN,1,0,0,[CLS],0,0,103,12,12,11,"0,1,2,3,4,5,6,7,8,9,10,11",0.1043657511472702,1.0956175327301025,-1.0540130138397217
683,FN,1,0,0,[CLS],0,0,107,12,12,11,"0,1,2,3,4,5,6,7,8,9,10,11",0.10458382219076157,1.1200966835021973,-1.0272032022476196
1379,FN,1,0,0,[CLS],0,0,103,12,12,11,"0,1,2,3,4,5,6,7,8,9,10,11",0.10519788414239883,1.0610414743423462,-1.079717993736267
2215,FN,1,0,0,[CLS],0,0,109,12,12,11,"0,1,2,3,4,5,6,7,8,9,10,11",0.1053946390748024,1.0593749284744263,-1.0792961120605469
1097,FN,1,0,0,[CLS],0,0,108,12,12,11,"0,1,2,3,4,5,6,7,8,9,10,11",0.10548508912324905,1.0931503772735596,-1.044561743736267
1729,FN,1,0,0,[CLS],0,0,103,12,12,11,"0,1,2,3,4,5,6,7,8,9,10,11",0.10627777874469757,1.0203896760940552,-1.108949065208435
2114,FN,1,0,0,[CLS],0,0,104,12,12,11,"0,1,2,3,4,5,6,7,8,9,10,11",0.10654695332050323,1.0403265953063965,-1.086181402206421
3620,FN,1,0,0,[CLS],0,0,110,12,12,11,"0,1,2,3,4,5,6,7,8,9,10,11",0.10660132020711899,1.0710771083831787,-1.0548598766326904
3274,FN,1,0,0,[CLS],0,0,107,12,12,11,"0,1,2,3,4,5,6,7,8,9,10,11",0.10689345747232437,1.0199247598648071,-1.102948546409607
783,FN,1,0,0,[CLS],0,0,113,12,12,11,"0,1,2,3,4,5,6,7,8,9,10,11",0.10689908266067505,1.082029104232788,-1.040785312652588
2166,FN,1,0,0,[CLS],0,0,103,12,12,11,"0,1,2,3,4,5,6,7,8,9,10,11",0.10755867511034012,1.1501129865646362,-0.9658112525939941
1632,FN,1,0,0,[CLS],0,0,107,12,12,11,"0,1,2,3,4,5,6,7,8,9,10,11",0.107938751578331,1.0806151628494263,-1.031355857849121
1198,FN,1,0,0,[CLS],0,0,107,12,12,11,"0,1,2,3,4,5,6,7,8,9,10,11",0.10826277732849121,1.0508404970169067,-1.0577696561813354
250,FN,1,0,0,[CLS],0,0,102,12,12,11,"0,1,2,3,4,5,6,7,8,9,10,11",0.10859563946723938,1.0521734952926636,-1.0529932975769043
1151,FN,1,0,0,[CLS],0,0,106,12,12,11,"0,1,2,3,4,5,6,7,8,9,10,11",0.10873802751302719,1.1043915748596191,-0.999305248260498
2732,FN,1,0,0,[CLS],0,0,106,12,12,11,"0,1,2,3,4,5,6,7,8,9,10,11",0.1092117503285408,1.1149016618728638,-0.9839164614677429
1298,FN,1,0,0,[CLS],0,0,100,12,12,11,"0,1,2,3,4,5,6,7,8,9,10,11",0.10945561528205872,0.9875097870826721,-1.1088038682937622
598,FN,1,0,0,[CLS],0,0,107,12,12,11,"0,1,2,3,4,5,6,7,8,9,10,11",0.10962929576635361,1.1066999435424805,-0.9878332018852234
2700,FN,1,0,0,[CLS],0,0,107,12,12,11,"0,1,2,3,4,5,6,7,8,9,10,11",0.10971391201019287,1.1148858070373535,-0.9787809252738953
3026,FN,1,0,0,[CLS],0,0,103,12,12,11,"0,1,2,3,4,5,6,7,8,9,10,11",0.10975492000579834,0.9964211583137512,-1.0968257188796997
2487,FN,1,0,0,[CLS],0,0,107,12,12,11,"0,1,2,3,4,5,6,7,8,9,10,11",0.11029789596796036,1.028552770614624,-1.059149146080017
2628,FN,1,0,0,[CLS],0,0,107,12,12,11,"0,1,2,3,4,5,6,7,8,9,10,11",0.11038795113563538,1.1000169515609741,-0.9867672920227051
1041,FN,1,0,0,[CLS],0,0,108,12,12,11,"0,1,2,3,4,5,6,7,8,9,10,11",0.11039114743471146,1.007915735244751,-1.0788360834121704
3404,FN,1,0,0,[CLS],0,0,109,12,12,11,"0,1,2,3,4,5,6,7,8,9,10,11",0.11092174053192139,1.1184875965118408,-0.9628726243972778
1628,FN,1,0,0,[CLS],0,0,103,12,12,11,"0,1,2,3,4,5,6,7,8,9,10,11",0.111172154545784,1.0543830394744873,-1.0244406461715698
2514,FN,1,0,0,[CLS],0,0,107,12,12,11,"0,1,2,3,4,5,6,7,8,9,10,11",0.11134155094623566,1.1106151342391968,-0.9664953351020813
87,FN,1,0,0,[CLS],0,0,104,12,12,11,"0,1,2,3,4,5,6,7,8,9,10,11",0.11166738718748093,1.0421736240386963,-1.0316479206085205
2301,FN,1,0,0,[CLS],0,0,100,12,12,11,"0,1,2,3,4,5,6,7,8,9,10,11",0.1117919459939003,1.0233087539672852,-1.0492576360702515
333,FN,1,0,0,[CLS],0,0,102,12,12,11,"0,1,2,3,4,5,6,7,8,9,10,11",0.11266636848449707,0.9873988032341003,-1.076391339302063
3346,FN,1,0,0,[CLS],0,0,102,12,12,11,"0,1,2,3,4,5,6,7,8,9,10,11",0.11386343836784363,0.9940045475959778,-1.0578666925430298
3119,FN,1,0,0,[CLS],0,0,107,12,12,11,"0,1,2,3,4,5,6,7,8,9,10,11",0.11389512568712234,1.0481393337249756,-1.00341796875
3235,FN,1,0,0,[CLS],0,0,110,12,12,11,"0,1,2,3,4,5,6,7,8,9,10,11",0.11389932781457901,1.07952880859375,-0.9719868898391724
2538,FN,1,0,0,[CLS],0,0,110,12,12,11,"0,1,2,3,4,5,6,7,8,9,10,11",0.11426801234483719,1.0960360765457153,-0.9518316388130188
1315,FN,1,0,0,[CLS],0,0,106,12,12,11,"0,1,2,3,4,5,6,7,8,9,10,11",0.11494924873113632,0.9196811318397522,-1.121472954750061
1289,FN,1,0,0,[CLS],0,0,104,12,12,11,"0,1,2,3,4,5,6,7,8,9,10,11",0.11527248471975327,0.9954596161842346,-1.0425214767456055
1480,FN,1,0,0,[CLS],0,0,97,12,12,11,"0,1,2,3,4,5,6,7,8,9,10,11",0.11545993387699127,0.9109638333320618,-1.1251803636550903
1208,FN,1,0,0,[CLS],0,0,112,12,12,11,"0,1,2,3,4,5,6,7,8,9,10,11",0.11546879261732101,1.0474077463150024,-0.9886497855186462
1008,FN,1,0,0,[CLS],0,0,108,12,12,11,"0,1,2,3,4,5,6,7,8,9,10,11",0.11568090319633484,1.0505573749542236,-0.9834251999855042
955,FN,1,0,0,[CLS],0,0,96,12,12,11,"0,1,2,3,4,5,6,7,8,9,10,11",0.11591446399688721,0.9503108859062195,-1.081390380859375
3460,FN,1,0,0,[CLS],0,0,102,12,12,11,"0,1,2,3,4,5,6,7,8,9,10,11",0.11622538417577744,1.0610899925231934,-0.9675807952880859
2569,FN,1,0,0,[CLS],0,0,107,12,12,11,"0,1,2,3,4,5,6,7,8,9,10,11",0.11650341004133224,1.0409462451934814,-0.9850206971168518
334,FN,1,0,0,[CLS],0,0,101,12,12,11,"0,1,2,3,4,5,6,7,8,9,10,11",0.11663489043712616,0.9996846914291382,-1.025005578994751
938,FN,1,0,0,[CLS],0,0,106,12,12,11,"0,1,2,3,4,5,6,7,8,9,10,11",0.11690458655357361,1.0810643434524536,-0.9410109519958496
3108,FN,1,0,0,[CLS],0,0,93,12,12,11,"0,1,2,3,4,5,6,7,8,9,10,11",0.11697524785995483,1.0528593063354492,-0.9685315489768982
1394,FN,1,0,0,[CLS],0,0,105,12,12,11,"0,1,2,3,4,5,6,7,8,9,10,11",0.11706015467643738,1.0258790254592896,-0.9946900606155396
2913,FN,1,0,0,[CLS],0,0,105,12,12,11,"0,1,2,3,4,5,6,7,8,9,10,11",0.11728736013174057,1.0530256032943726,-0.9653471112251282
1620,FN,1,0,0,[CLS],0,0,93,12,12,11,"0,1,2,3,4,5,6,7,8,9,10,11",0.11735334247350693,0.9777419567108154,-1.039993405342102
2212,FN,1,0,0,[CLS],0,0,107,12,12,11,"0,1,2,3,4,5,6,7,8,9,10,11",0.11795332282781601,1.0042738914489746,-1.0076820850372314
30,FN,1,0,0,[CLS],0,0,104,12,12,11,"0,1,2,3,4,5,6,7,8,9,10,11",0.11842133849859238,0.9561923146247864,-1.0512731075286865
67,FN,1,0,0,[CLS],0,0,105,12,12,11,"0,1,2,3,4,5,6,7,8,9,10,11",0.11847955733537674,1.1184172630310059,-0.8884904980659485
3267,FN,1,0,0,[CLS],0,0,107,12,12,11,"0,1,2,3,4,5,6,7,8,9,10,11",0.11868888884782791,1.026495099067688,-0.9784098267555237
577,FN,1,0,0,[CLS],0,0,106,12,12,11,"0,1,2,3,4,5,6,7,8,9,10,11",0.11885751783847809,0.9680421352386475,-1.0352519750595093
3148,FN,1,0,0,[CLS],0,0,99,12,12,11,"0,1,2,3,4,5,6,7,8,9,10,11",0.1192498430609703,0.9894824028015137,-1.01007080078125
3390,FN,1,0,0,[CLS],0,0,101,12,12,11,"0,1,2,3,4,5,6,7,8,9,10,11",0.12006078660488129,0.9753122329711914,-1.0165424346923828
2053,FN,1,0,0,[CLS],0,0,95,12,12,11,"0,1,2,3,4,5,6,7,8,9,10,11",0.12043525278568268,1.0425750017166138,-0.9457399249076843
7,FN,1,0,0,[CLS],0,0,103,12,12,11,"0,1,2,3,4,5,6,7,8,9,10,11",0.120623879134655,1.060364007949829,-0.9261714220046997
1282,FN,1,0,0,[CLS],0,0,107,12,12,11,"0,1,2,3,4,5,6,7,8,9,10,11",0.12084027379751205,0.9794572591781616,-1.0050396919250488
