k,donor,assay,prefix,train_rows,train_unique,dev_rows,dev_unique,n_test_files,test_rows_mean,test_leaked_frac_mean,test_leaked_frac_min,test_leaked_frac_max,dev_leaked_frac,train_within_dup_frac,label_conflict_seqs_in_test_mean
3,enc001,ATACseq,enc001_ATACseq,3576,3001,447,436,10,447.0,0.8561521252796421,0.22371364653243847,0.9463087248322147,0.23937360178970918,0.16079418344519017,12.3
3,enc002,ATACseq,enc002_ATACseq,8545,6826,1068,1027,10,1069.0,0.8748362956033677,0.3376987839101964,0.9391955098222639,0.2958801498127341,0.20117027501462845,70.8
3,enc003,ATACseq,enc003_ATACseq,7262,5456,908,854,10,908.0,0.8816079295154186,0.3777533039647577,0.9427312775330396,0.3513215859030837,0.24869182043514185,52.7
3,enc004,ATACseq,enc004_ATACseq,4307,3081,538,491,10,539.0,0.8807050092764378,0.37291280148423006,0.9461966604823747,0.36617100371747213,0.2846528906431391,21.5
3,enc001,CTCF,enc001_CTCF,11547,6592,1443,1192,10,1444.0,0.9247922437673131,0.6121883656509696,0.9674515235457064,0.5835065835065835,0.429115787650472,178.8
3,enc002,CTCF,enc002_CTCF,12080,6835,1510,1247,10,1510.0,0.9205298013245035,0.5827814569536424,0.9642384105960264,0.5708609271523178,0.4341887417218543,170.5
3,enc003,CTCF,enc003_CTCF,12624,6800,1578,1270,10,1578.0,0.9335234474017744,0.6368821292775665,0.9727503168567807,0.6254752851711026,0.46134347275031684,190.3
3,enc004,CTCF,enc004_CTCF,13731,7114,1716,1363,10,1717.0,0.9369831100757136,0.6656959813628421,0.9702970297029703,0.6328671328671329,0.48190226494792804,235.5
3,enc001,EP300,enc001_EP300,1537,1408,192,188,10,193.0,0.8310880829015543,0.14507772020725387,0.9222797927461139,0.109375,0.08392973324658426,3.9
3,enc002,EP300,enc002_EP300,124,121,16,16,10,16.0,0.85625,0.25,1.0,0.1875,0.024193548387096774,0.0
3,enc003,EP300,enc003_EP300,68,68,9,8,10,9.0,0.8,0.0,1.0,0.1111111111111111,0.0,0.0
3,enc004,EP300,enc004_EP300,564,526,71,70,10,71.0,0.8225352112676056,0.07042253521126761,0.9295774647887324,0.15492957746478872,0.0673758865248227,0.6
3,enc001,H3K27ac,enc001_H3K27ac,8822,5997,1103,975,10,1103.0,0.8914777878513146,0.4369900271985494,0.9555757026291931,0.3925657298277425,0.32022217184311946,55.4
3,enc002,H3K27ac,enc002_H3K27ac,6315,4447,789,698,10,790.0,0.8867088607594937,0.4151898734177215,0.9443037974683545,0.39036755386565275,0.2958036421219319,33.9
3,enc003,H3K27ac,enc003_H3K27ac,8312,5300,1039,879,10,1039.0,0.8904716073147256,0.4436958614051973,0.9480269489894129,0.4639076034648701,0.36236766121270453,46.3
3,enc004,H3K27ac,enc004_H3K27ac,8876,5372,1110,942,10,1110.0,0.909189189189189,0.5054054054054054,0.9603603603603603,0.47477477477477475,0.3947724200090131,50.1
3,enc001,H3K27me3,enc001_H3K27me3,1670,1165,209,193,10,209.0,0.8842105263157893,0.37320574162679426,0.9665071770334929,0.37320574162679426,0.3023952095808383,4.0
3,enc002,H3K27me3,enc002_H3K27me3,478,454,60,60,10,60.0,0.835,0.18333333333333332,0.9666666666666667,0.08333333333333333,0.0502092050209205,0.4
3,enc003,H3K27me3,enc003_H3K27me3,502,396,63,60,10,63.0,0.8698412698412697,0.38095238095238093,0.9523809523809523,0.30158730158730157,0.21115537848605578,0.4
3,enc004,H3K27me3,enc004_H3K27me3,468,355,59,56,10,59.0,0.8661016949152543,0.3050847457627119,0.9830508474576272,0.2542372881355932,0.24145299145299146,0.9
3,enc001,H3K36me3,enc001_H3K36me3,212,177,27,27,10,27.0,0.825925925925926,0.25925925925925924,0.9259259259259259,0.2222222222222222,0.1650943396226415,0.1
3,enc002,H3K36me3,enc002_H3K36me3,166,155,21,21,10,21.0,0.8523809523809524,0.14285714285714285,1.0,0.2857142857142857,0.06626506024096386,0.2
3,enc003,H3K36me3,enc003_H3K36me3,12,12,2,2,10,2.0,0.75,0.0,1.0,0.0,0.0,0.0
3,enc004,H3K36me3,enc004_H3K36me3,1190,786,149,134,10,149.0,0.8939597315436242,0.4697986577181208,0.9664429530201343,0.3959731543624161,0.33949579831932775,2.5
3,enc001,H3K4me1,enc001_H3K4me1,2632,1892,329,305,10,329.0,0.870820668693009,0.3373860182370821,0.9422492401215805,0.3951367781155015,0.2811550151975684,3.1
3,enc002,H3K4me1,enc002_H3K4me1,947,801,118,115,10,119.0,0.8638655462184873,0.2605042016806723,0.9495798319327731,0.22033898305084745,0.15417106652587118,0.2
3,enc003,H3K4me1,enc003_H3K4me1,32,32,4,4,10,4.0,0.775,0.0,1.0,0.0,0.0,0.0
3,enc004,H3K4me1,enc004_H3K4me1,1945,1366,243,223,10,244.0,0.8827868852459015,0.38114754098360654,0.9631147540983607,0.40329218106995884,0.29768637532133674,1.0
3,enc001,H3K4me3,enc001_H3K4me3,8315,4593,1039,861,10,1040.0,0.9198076923076923,0.5711538461538461,0.9711538461538461,0.5688161693936478,0.4476247745039086,72.0
3,enc002,H3K4me3,enc002_H3K4me3,5443,3231,680,575,10,681.0,0.9116005873715123,0.5477239353891337,0.9691629955947136,0.5441176470588235,0.4063935329781371,34.9
3,enc003,H3K4me3,enc003_H3K4me3,12046,7249,1506,1285,10,1506.0,0.9134794156706507,0.5398406374501992,0.9621513944223108,0.5199203187250996,0.39822347667275443,117.6
3,enc004,H3K4me3,enc004_H3K4me3,9300,4985,1163,948,10,1163.0,0.9233877901977644,0.6113499570077386,0.9707652622527945,0.5975924333619949,0.4639784946236559,93.0
3,enc001,H3K9me3,enc001_H3K9me3,283,214,35,32,10,36.0,0.85,0.2777777777777778,0.9444444444444444,0.45714285714285713,0.24381625441696114,2.2
3,enc002,H3K9me3,enc002_H3K9me3,126,112,16,16,10,16.0,0.85625,0.0625,1.0,0.125,0.1111111111111111,0.1
3,enc003,H3K9me3,enc003_H3K9me3,145,111,18,18,10,19.0,0.8736842105263157,0.3157894736842105,1.0,0.16666666666666666,0.23448275862068965,0.1
3,enc004,H3K9me3,enc004_H3K9me3,145,121,18,17,10,19.0,0.8631578947368421,0.3684210526315789,0.9473684210526315,0.3888888888888889,0.16551724137931034,0.0
3,enc001,POLR2A,enc001_POLR2A,2694,2270,337,322,10,337.0,0.8519287833827892,0.2314540059347181,0.9376854599406528,0.2344213649851632,0.15738678544914625,15.4
3,enc002,POLR2A,enc002_POLR2A,2744,2256,343,325,10,343.0,0.8746355685131195,0.30903790087463556,0.9533527696793003,0.30612244897959184,0.17784256559766765,20.2
3,enc003,POLR2A,enc003_POLR2A,3739,2540,467,414,10,468.0,0.8910256410256411,0.44017094017094016,0.9551282051282052,0.4197002141327623,0.32067397699919764,30.8
3,enc004,POLR2A,enc004_POLR2A,4624,3362,578,530,10,578.0,0.893598615916955,0.42214532871972316,0.9584775086505191,0.3961937716262976,0.27292387543252594,45.1
3,enc001,POLR2AphosphoS5,enc001_POLR2AphosphoS5,5952,4967,744,721,10,744.0,0.8608870967741934,0.29301075268817206,0.9341397849462365,0.24327956989247312,0.16549059139784947,42.2
3,enc002,POLR2AphosphoS5,enc002_POLR2AphosphoS5,1132,1087,142,141,10,142.0,0.8218309859154929,0.08450704225352113,0.9295774647887324,0.09859154929577464,0.03975265017667844,0.6
3,enc003,POLR2AphosphoS5,enc003_POLR2AphosphoS5,5310,4435,664,635,10,664.0,0.8655120481927712,0.30120481927710846,0.947289156626506,0.2740963855421687,0.1647834274952919,36.5
3,enc004,POLR2AphosphoS5,enc004_POLR2AphosphoS5,4809,3862,601,578,10,602.0,0.8664451827242525,0.2973421926910299,0.946843853820598,0.30782029950083195,0.19692243709710958,37.2
4,enc001,ATACseq,enc001_ATACseq,3576,3039,447,431,10,447.0,0.865771812080537,0.2639821029082774,0.9530201342281879,0.31096196868008946,0.15016778523489932,12.0
4,enc002,ATACseq,enc002_ATACseq,8545,6845,1068,1023,10,1069.0,0.8730589335827876,0.3283442469597755,0.950420954162769,0.3080524344569288,0.1989467524868344,73.5
4,enc003,ATACseq,enc003_ATACseq,7262,5508,908,853,10,908.0,0.886123348017621,0.3964757709251101,0.9460352422907489,0.3777533039647577,0.2415312586064445,54.2
4,enc004,ATACseq,enc004_ATACseq,4307,3080,538,488,10,539.0,0.8816326530612244,0.38404452690166974,0.9499072356215214,0.35315985130111527,0.2848850708149524,20.2
4,enc001,CTCF,enc001_CTCF,11547,6568,1443,1198,10,1444.0,0.9241689750692519,0.5976454293628809,0.9702216066481995,0.5918225918225918,0.4311942495886377,170.2
4,enc002,CTCF,enc002_CTCF,12080,6878,1510,1273,10,1510.0,0.924635761589404,0.6026490066225165,0.9695364238410596,0.5576158940397351,0.43062913907284767,179.5
4,enc003,CTCF,enc003_CTCF,12624,6793,1578,1275,10,1578.0,0.9309885931558934,0.6330798479087453,0.9708491761723701,0.6070975918884665,0.4618979721166033,192.8
4,enc004,CTCF,enc004_CTCF,13731,7111,1716,1390,10,1717.0,0.9345369831100758,0.6569598136284217,0.9749563191613279,0.6258741258741258,0.48212074867089066,224.7
4,enc001,EP300,enc001_EP300,1537,1423,192,191,10,193.0,0.8461139896373057,0.15544041450777202,0.9430051813471503,0.11979166666666667,0.0741704619388419,4.6
4,enc002,EP300,enc002_EP300,124,115,16,16,10,16.0,0.8375,0.0625,1.0,0.0,0.07258064516129033,0.0
4,enc003,EP300,enc003_EP300,68,67,9,9,10,9.0,0.8,0.0,1.0,0.1111111111111111,0.014705882352941176,0.0
4,enc004,EP300,enc004_EP300,564,528,71,70,10,71.0,0.8253521126760562,0.16901408450704225,0.9436619718309859,0.14084507042253522,0.06382978723404255,0.9
4,enc001,H3K27ac,enc001_H3K27ac,8822,6019,1103,977,10,1103.0,0.8921124206708976,0.4369900271985494,0.9519492293744334,0.40797824116047143,0.31772840625708454,49.9
4,enc002,H3K27ac,enc002_H3K27ac,6315,4421,789,698,10,790.0,0.8859493670886076,0.4,0.9455696202531646,0.3612167300380228,0.29992082343626286,28.4
4,enc003,H3K27ac,enc003_H3K27ac,8312,5285,1039,879,10,1039.0,0.8965351299326274,0.47256977863330124,0.9557266602502407,0.4542829643888354,0.36417228103946103,49.8
4,enc004,H3K27ac,enc004_H3K27ac,8876,5394,1110,910,10,1110.0,0.902882882882883,0.4864864864864865,0.9612612612612612,0.4918918918918919,0.39229382604776925,55.4
4,enc001,H3K27me3,enc001_H3K27me3,1670,1170,209,190,10,209.0,0.8813397129186601,0.3827751196172249,0.9665071770334929,0.40669856459330145,0.2994011976047904,5.6
4,enc002,H3K27me3,enc002_H3K27me3,478,455,60,57,10,60.0,0.8383333333333333,0.1,0.9833333333333333,0.15,0.04811715481171548,0.1
4,enc003,H3K27me3,enc003_H3K27me3,502,388,63,60,10,63.0,0.8698412698412697,0.36507936507936506,0.9841269841269841,0.31746031746031744,0.22709163346613545,1.8
4,enc004,H3K27me3,enc004_H3K27me3,468,368,59,57,10,59.0,0.8677966101694915,0.3728813559322034,0.9830508474576272,0.3389830508474576,0.21367521367521367,0.4
4,enc001,H3K36me3,enc001_H3K36me3,212,182,27,27,10,27.0,0.8444444444444444,0.2962962962962963,0.9629629629629629,0.3333333333333333,0.14150943396226415,0.0
4,enc002,H3K36me3,enc002_H3K36me3,166,154,21,21,10,21.0,0.8285714285714285,0.14285714285714285,1.0,0.19047619047619047,0.07228915662650602,0.0
4,enc003,H3K36me3,enc003_H3K36me3,12,12,2,2,10,2.0,0.7,0.0,1.0,0.0,0.0,0.0
4,enc004,H3K36me3,enc004_H3K36me3,1190,779,149,136,10,149.0,0.8899328859060402,0.42953020134228187,0.9664429530201343,0.3959731543624161,0.3453781512605042,2.4
4,enc001,H3K4me1,enc001_H3K4me1,2632,1892,329,310,10,329.0,0.8844984802431611,0.3829787234042553,0.9513677811550152,0.3191489361702128,0.2811550151975684,2.5
4,enc002,H3K4me1,enc002_H3K4me1,947,803,118,111,10,119.0,0.8521008403361344,0.25210084033613445,0.957983193277311,0.288135593220339,0.15205913410770855,1.0
4,enc003,H3K4me1,enc003_H3K4me1,32,32,4,4,10,4.0,0.8,0.0,1.0,0.0,0.0,0.0
4,enc004,H3K4me1,enc004_H3K4me1,1945,1352,243,226,10,244.0,0.8836065573770492,0.4262295081967213,0.9549180327868853,0.37037037037037035,0.30488431876606686,3.8
4,enc001,H3K4me3,enc001_H3K4me3,8315,4644,1039,870,10,1040.0,0.9192307692307692,0.5653846153846154,0.9778846153846154,0.563041385948027,0.44149128081779915,71.6
4,enc002,H3K4me3,enc002_H3K4me3,5443,3227,680,567,10,681.0,0.9071953010279001,0.5036710719530103,0.9618208516886931,0.5397058823529411,0.4071284218261988,32.2
4,enc003,H3K4me3,enc003_H3K4me3,12046,7303,1506,1238,10,1506.0,0.9110225763612219,0.5391766268260292,0.9581673306772909,0.5239043824701195,0.39374066080026565,109.5
4,enc004,H3K4me3,enc004_H3K4me3,9300,4988,1163,933,10,1163.0,0.9233877901977644,0.6027515047291487,0.9681857265692175,0.5967325881341359,0.46365591397849465,91.6
4,enc001,H3K9me3,enc001_H3K9me3,283,215,35,32,10,36.0,0.8861111111111111,0.4166666666666667,0.9722222222222222,0.3142857142857143,0.24028268551236748,0.6
4,enc002,H3K9me3,enc002_H3K9me3,126,116,16,16,10,16.0,0.8125,0.1875,1.0,0.1875,0.07936507936507936,0.0
4,enc003,H3K9me3,enc003_H3K9me3,145,114,18,17,10,19.0,0.8789473684210526,0.3684210526315789,0.9473684210526315,0.2777777777777778,0.21379310344827587,0.0
4,enc004,H3K9me3,enc004_H3K9me3,145,116,18,18,10,19.0,0.8421052631578949,0.21052631578947367,1.0,0.3333333333333333,0.2,0.7
4,enc001,POLR2A,enc001_POLR2A,2694,2261,337,327,10,337.0,0.8557863501483679,0.23738872403560832,0.9436201780415431,0.26706231454005935,0.1607275426874536,15.2
4,enc002,POLR2A,enc002_POLR2A,2744,2257,343,328,10,343.0,0.8717201166180759,0.3236151603498542,0.9533527696793003,0.3206997084548105,0.17747813411078717,22.0
4,enc003,POLR2A,enc003_POLR2A,3739,2554,467,414,10,468.0,0.8985042735042734,0.46153846153846156,0.9636752136752137,0.4197002141327623,0.3169296603369885,27.8
4,enc004,POLR2A,enc004_POLR2A,4624,3360,578,538,10,578.0,0.8927335640138407,0.4204152249134948,0.9550173010380623,0.35813148788927335,0.27335640138408307,49.9
4,enc001,POLR2AphosphoS5,enc001_POLR2AphosphoS5,5952,4945,744,724,10,744.0,0.8716397849462366,0.30376344086021506,0.9502688172043011,0.28225806451612906,0.16918682795698925,48.5
4,enc002,POLR2AphosphoS5,enc002_POLR2AphosphoS5,1132,1078,142,142,10,142.0,0.832394366197183,0.09859154929577464,0.9366197183098591,0.07042253521126761,0.04770318021201413,1.7
4,enc003,POLR2AphosphoS5,enc003_POLR2AphosphoS5,5310,4393,664,638,10,664.0,0.8671686746987952,0.2936746987951807,0.947289156626506,0.286144578313253,0.17269303201506592,36.7
4,enc004,POLR2AphosphoS5,enc004_POLR2AphosphoS5,4809,3867,601,571,10,602.0,0.8697674418604653,0.32059800664451826,0.946843853820598,0.3011647254575707,0.19588271990018716,38.0
5,enc001,ATACseq,enc001_ATACseq,3576,3016,447,433,10,447.0,0.860626398210291,0.2639821029082774,0.9440715883668904,0.24384787472035793,0.15659955257270694,12.2
5,enc002,ATACseq,enc002_ATACseq,8545,6846,1068,1022,10,1069.0,0.8704396632366697,0.3199251637043966,0.9485500467726847,0.29775280898876405,0.19882972498537158,69.5
5,enc003,ATACseq,enc003_ATACseq,7262,5487,908,840,10,908.0,0.8822687224669604,0.38215859030837,0.9460352422907489,0.3722466960352423,0.2444230239603415,51.6
5,enc004,ATACseq,enc004_ATACseq,4307,3074,538,497,10,539.0,0.8825602968460112,0.38404452690166974,0.9461966604823747,0.3847583643122677,0.2862781518458324,18.9
5,enc001,CTCF,enc001_CTCF,11547,6570,1443,1221,10,1444.0,0.9208448753462605,0.5872576177285319,0.961218836565097,0.5758835758835759,0.4310210444271239,170.4
5,enc002,CTCF,enc002_CTCF,12080,6889,1510,1251,10,1510.0,0.9250331125827815,0.5927152317880795,0.9655629139072848,0.571523178807947,0.4297185430463576,171.3
5,enc003,CTCF,enc003_CTCF,12624,6792,1578,1260,10,1578.0,0.9276932826362483,0.6330798479087453,0.967680608365019,0.6261089987325729,0.4619771863117871,202.9
5,enc004,CTCF,enc004_CTCF,13731,7067,1716,1332,10,1717.0,0.9277227722772278,0.6278392545136867,0.9644729178800233,0.6520979020979021,0.48532517660767605,219.6
5,enc001,EP300,enc001_EP300,1537,1408,192,190,10,193.0,0.8393782383419689,0.12435233160621761,0.9430051813471503,0.125,0.08392973324658426,4.8
5,enc002,EP300,enc002_EP300,124,119,16,16,10,16.0,0.85625,0.1875,1.0,0.125,0.04032258064516129,0.0
5,enc003,EP300,enc003_EP300,68,67,9,8,10,9.0,0.7555555555555555,0.0,1.0,0.0,0.014705882352941176,0.0
5,enc004,EP300,enc004_EP300,564,526,71,70,10,71.0,0.8140845070422535,0.08450704225352113,0.9436619718309859,0.14084507042253522,0.0673758865248227,0.2
5,enc001,H3K27ac,enc001_H3K27ac,8822,6007,1103,965,10,1103.0,0.8947416137805984,0.4487760652765186,0.958295557570263,0.4315503173164098,0.3190886420312854,54.8
5,enc002,H3K27ac,enc002_H3K27ac,6315,4422,789,694,10,790.0,0.8846835443037975,0.38734177215189874,0.9518987341772152,0.38910012674271227,0.2997624703087886,29.2
5,enc003,H3K27ac,enc003_H3K27ac,8312,5301,1039,865,10,1039.0,0.8993262752646775,0.4667949951876805,0.9547641963426372,0.4879692011549567,0.3622473532242541,48.2
5,enc004,H3K27ac,enc004_H3K27ac,8876,5465,1110,911,10,1110.0,0.9104504504504505,0.5261261261261261,0.9621621621621622,0.5063063063063064,0.38429472735466425,46.8
5,enc001,H3K27me3,enc001_H3K27me3,1670,1181,209,192,10,209.0,0.8904306220095692,0.4019138755980861,0.9617224880382775,0.4258373205741627,0.29281437125748505,2.9
5,enc002,H3K27me3,enc002_H3K27me3,478,450,60,58,10,60.0,0.8383333333333333,0.11666666666666667,0.95,0.06666666666666667,0.058577405857740586,0.2
5,enc003,H3K27me3,enc003_H3K27me3,502,386,63,60,10,63.0,0.8587301587301587,0.2698412698412698,0.9682539682539683,0.3333333333333333,0.23107569721115537,1.3
5,enc004,H3K27me3,enc004_H3K27me3,468,359,59,55,10,59.0,0.883050847457627,0.3559322033898305,1.0,0.3389830508474576,0.2329059829059829,1.1
5,enc001,H3K36me3,enc001_H3K36me3,212,177,27,27,10,27.0,0.8629629629629628,0.25925925925925924,0.9629629629629629,0.2222222222222222,0.1650943396226415,0.3
5,enc002,H3K36me3,enc002_H3K36me3,166,154,21,21,10,21.0,0.8571428571428571,0.19047619047619047,1.0,0.14285714285714285,0.07228915662650602,0.0
5,enc003,H3K36me3,enc003_H3K36me3,12,12,2,2,10,2.0,0.75,0.0,1.0,0.0,0.0,0.0
5,enc004,H3K36me3,enc004_H3K36me3,1190,788,149,133,10,149.0,0.8939597315436242,0.40268456375838924,0.9798657718120806,0.46308724832214765,0.3378151260504202,2.4
5,enc001,H3K4me1,enc001_H3K4me1,2632,1890,329,300,10,329.0,0.8820668693009118,0.3860182370820669,0.9635258358662614,0.3556231003039514,0.28191489361702127,2.8
5,enc002,H3K4me1,enc002_H3K4me1,947,800,118,117,10,119.0,0.8647058823529411,0.2773109243697479,0.9663865546218487,0.211864406779661,0.15522703273495247,0.6
5,enc003,H3K4me1,enc003_H3K4me1,32,32,4,4,10,4.0,0.85,0.0,1.0,0.0,0.0,0.0
5,enc004,H3K4me1,enc004_H3K4me1,1945,1344,243,221,10,244.0,0.884016393442623,0.35655737704918034,0.9631147540983607,0.3868312757201646,0.3089974293059126,4.8
5,enc001,H3K4me3,enc001_H3K4me3,8315,4598,1039,854,10,1040.0,0.921826923076923,0.5778846153846153,0.9730769230769231,0.5774783445620789,0.4470234515935057,63.8
5,enc002,H3K4me3,enc002_H3K4me3,5443,3213,680,573,10,681.0,0.9105726872246697,0.5315712187958884,0.9574155653450808,0.525,0.4097005327944148,29.3
5,enc003,H3K4me3,enc003_H3K4me3,12046,7263,1506,1228,10,1506.0,0.9128818061088978,0.5265604249667994,0.9594953519256308,0.5033200531208499,0.39706126515025736,122.2
5,enc004,H3K4me3,enc004_H3K4me3,9300,4992,1163,941,10,1163.0,0.9294926913155631,0.6208082545141874,0.9716251074806534,0.6139294926913156,0.4632258064516129,92.2
5,enc001,H3K9me3,enc001_H3K9me3,283,212,35,33,10,36.0,0.8805555555555555,0.3055555555555556,1.0,0.42857142857142855,0.2508833922261484,2.3
5,enc002,H3K9me3,enc002_H3K9me3,126,115,16,16,10,16.0,0.85625,0.125,1.0,0.25,0.0873015873015873,0.4
5,enc003,H3K9me3,enc003_H3K9me3,145,111,18,17,10,19.0,0.8736842105263157,0.3157894736842105,1.0,0.2222222222222222,0.23448275862068965,0.0
5,enc004,H3K9me3,enc004_H3K9me3,145,117,18,16,10,19.0,0.8842105263157893,0.3684210526315789,1.0,0.3333333333333333,0.19310344827586207,1.2
5,enc001,POLR2A,enc001_POLR2A,2694,2308,337,323,10,337.0,0.8676557863501484,0.3056379821958457,0.9436201780415431,0.29376854599406527,0.1432813659985152,13.2
5,enc002,POLR2A,enc002_POLR2A,2744,2255,343,329,10,343.0,0.8688046647230321,0.2944606413994169,0.9504373177842566,0.2857142857142857,0.1782069970845481,18.3
5,enc003,POLR2A,enc003_POLR2A,3739,2575,467,411,10,468.0,0.9014957264957264,0.4807692307692308,0.967948717948718,0.4603854389721627,0.3113131853436748,32.6
5,enc004,POLR2A,enc004_POLR2A,4624,3343,578,534,10,578.0,0.8823529411764707,0.36678200692041524,0.9584775086505191,0.41695501730103807,0.27703287197231835,48.4
5,enc001,POLR2AphosphoS5,enc001_POLR2AphosphoS5,5952,4930,744,717,10,744.0,0.8638440860215054,0.28360215053763443,0.9422043010752689,0.2647849462365591,0.17170698924731181,47.3
5,enc002,POLR2AphosphoS5,enc002_POLR2AphosphoS5,1132,1080,142,141,10,142.0,0.8429577464788732,0.13380281690140844,0.9507042253521126,0.04929577464788732,0.045936395759717315,0.5
5,enc003,POLR2AphosphoS5,enc003_POLR2AphosphoS5,5310,4411,664,638,10,664.0,0.8635542168674698,0.2936746987951807,0.9412650602409639,0.28313253012048195,0.16930320150659134,37.1
5,enc004,POLR2AphosphoS5,enc004_POLR2AphosphoS5,4809,3880,601,569,10,602.0,0.8691029900332227,0.33056478405315615,0.9435215946843853,0.3227953410981697,0.19317945518818883,41.0
6,enc001,ATACseq,enc001_ATACseq,3576,3037,447,434,10,447.0,0.8590604026845637,0.2684563758389262,0.9351230425055929,0.26174496644295303,0.15072706935123042,10.1
6,enc002,ATACseq,enc002_ATACseq,8545,6818,1068,1012,10,1069.0,0.8717492984097287,0.3292797006548176,0.9420018709073901,0.2818352059925094,0.20210649502633118,72.2
6,enc003,ATACseq,enc003_ATACseq,7262,5509,908,843,10,908.0,0.8822687224669604,0.3876651982378855,0.9416299559471366,0.36784140969163,0.24139355549435418,49.5
6,enc004,ATACseq,enc004_ATACseq,4307,3085,538,483,10,539.0,0.887569573283859,0.3784786641929499,0.9573283858998145,0.3996282527881041,0.2837241699558858,21.5
6,enc001,CTCF,enc001_CTCF,11547,6598,1443,1213,10,1444.0,0.9219529085872576,0.6024930747922438,0.9626038781163435,0.5717255717255717,0.42859617216593054,161.1
6,enc002,CTCF,enc002_CTCF,12080,6787,1510,1301,10,1510.0,0.922251655629139,0.5860927152317881,0.9649006622516556,0.5496688741721855,0.43816225165562916,174.5
6,enc003,CTCF,enc003_CTCF,12624,6789,1578,1291,10,1578.0,0.9303548795944234,0.6273764258555133,0.9702154626108999,0.6305449936628644,0.4622148288973384,193.6
6,enc004,CTCF,enc004_CTCF,13731,7133,1716,1366,10,1717.0,0.9398369248689576,0.6843331391962726,0.9743739079790332,0.6252913752913752,0.480518534702498,241.0
6,enc001,EP300,enc001_EP300,1537,1415,192,192,10,193.0,0.8347150259067357,0.15025906735751296,0.9378238341968912,0.109375,0.07937540663630449,4.8
6,enc002,EP300,enc002_EP300,124,117,16,16,10,16.0,0.825,0.125,1.0,0.0625,0.056451612903225805,0.2
6,enc003,EP300,enc003_EP300,68,68,9,9,10,9.0,0.8,0.1111111111111111,1.0,0.2222222222222222,0.0,0.0
6,enc004,EP300,enc004_EP300,564,527,71,71,10,71.0,0.8211267605633804,0.15492957746478872,0.9295774647887324,0.15492957746478872,0.06560283687943262,0.6
6,enc001,H3K27ac,enc001_H3K27ac,8822,6023,1103,960,10,1103.0,0.8936536718041704,0.4460562103354488,0.9492293744333635,0.45330915684496825,0.31727499433235096,54.0
6,enc002,H3K27ac,enc002_H3K27ac,6315,4451,789,693,10,790.0,0.889873417721519,0.4316455696202532,0.9493670886075949,0.4017743979721166,0.2951702296120348,33.9
6,enc003,H3K27ac,enc003_H3K27ac,8312,5291,1039,873,10,1039.0,0.8978825794032724,0.4773820981713186,0.9509143407122232,0.4639076034648701,0.3634504331087584,52.4
6,enc004,H3K27ac,enc004_H3K27ac,8876,5414,1110,929,10,1110.0,0.9047747747747747,0.4927927927927928,0.9531531531531532,0.4846846846846847,0.3900405588102749,52.3
6,enc001,H3K27me3,enc001_H3K27me3,1670,1174,209,194,10,209.0,0.8880382775119617,0.4354066985645933,0.9521531100478469,0.35406698564593303,0.2970059880239521,4.5
6,enc002,H3K27me3,enc002_H3K27me3,478,448,60,59,10,60.0,0.8383333333333333,0.03333333333333333,1.0,0.06666666666666667,0.06276150627615062,0.0
6,enc003,H3K27me3,enc003_H3K27me3,502,398,63,60,10,63.0,0.8634920634920634,0.3333333333333333,0.9523809523809523,0.36507936507936506,0.20717131474103587,0.0
6,enc004,H3K27me3,enc004_H3K27me3,468,353,59,57,10,59.0,0.8576271186440678,0.2542372881355932,0.9661016949152542,0.2711864406779661,0.24572649572649571,1.1
6,enc001,H3K36me3,enc001_H3K36me3,212,182,27,27,10,27.0,0.8777777777777779,0.4074074074074074,1.0,0.2222222222222222,0.14150943396226415,0.0
6,enc002,H3K36me3,enc002_H3K36me3,166,151,21,21,10,21.0,0.8428571428571429,0.19047619047619047,0.9523809523809523,0.047619047619047616,0.09036144578313253,0.0
6,enc003,H3K36me3,enc003_H3K36me3,12,12,2,2,10,2.0,0.75,0.0,1.0,0.0,0.0,0.0
6,enc004,H3K36me3,enc004_H3K36me3,1190,792,149,126,10,149.0,0.8906040268456377,0.42953020134228187,0.9664429530201343,0.3959731543624161,0.334453781512605,2.2
6,enc001,H3K4me1,enc001_H3K4me1,2632,1928,329,294,10,329.0,0.9015197568389057,0.45896656534954405,0.9756838905775076,0.3738601823708207,0.2674772036474164,2.5
6,enc002,H3K4me1,enc002_H3K4me1,947,817,118,113,10,119.0,0.8495798319327733,0.2857142857142857,0.9327731092436975,0.3305084745762712,0.13727560718057022,0.1
6,enc003,H3K4me1,enc003_H3K4me1,32,32,4,4,10,4.0,0.7,0.0,1.0,0.0,0.0,0.0
6,enc004,H3K4me1,enc004_H3K4me1,1945,1348,243,227,10,244.0,0.8827868852459015,0.39344262295081966,0.9713114754098361,0.3662551440329218,0.30694087403598974,3.6
6,enc001,H3K4me3,enc001_H3K4me3,8315,4657,1039,845,10,1040.0,0.9253846153846155,0.6067307692307692,0.9692307692307692,0.575553416746872,0.43992784125075163,62.7
6,enc002,H3K4me3,enc002_H3K4me3,5443,3228,680,575,10,681.0,0.9133627019089575,0.5565345080763583,0.9588839941262849,0.4985294117647059,0.40694469961418334,29.8
6,enc003,H3K4me3,enc003_H3K4me3,12046,7226,1506,1241,10,1506.0,0.9140770252324038,0.545816733067729,0.9588313413014609,0.5132802124833997,0.40013282417399965,127.6
6,enc004,H3K4me3,enc004_H3K4me3,9300,4994,1163,944,10,1163.0,0.9294926913155633,0.6190885640584695,0.9785038693035254,0.5915735167669819,0.46301075268817204,94.8
6,enc001,H3K9me3,enc001_H3K9me3,283,214,35,34,10,36.0,0.8805555555555555,0.3611111111111111,1.0,0.2571428571428571,0.24381625441696114,0.6
6,enc002,H3K9me3,enc002_H3K9me3,126,113,16,16,10,16.0,0.84375,0.125,1.0,0.125,0.10317460317460317,0.3
6,enc003,H3K9me3,enc003_H3K9me3,145,112,18,17,10,19.0,0.8631578947368421,0.2631578947368421,1.0,0.2777777777777778,0.22758620689655173,0.3
6,enc004,H3K9me3,enc004_H3K9me3,145,114,18,18,10,19.0,0.8789473684210527,0.2631578947368421,1.0,0.2777777777777778,0.21379310344827587,0.6
6,enc001,POLR2A,enc001_POLR2A,2694,2282,337,322,10,337.0,0.868545994065282,0.2818991097922849,0.9465875370919882,0.2522255192878338,0.15293244246473645,15.3
6,enc002,POLR2A,enc002_POLR2A,2744,2243,343,336,10,343.0,0.8664723032069972,0.3119533527696793,0.9475218658892128,0.22740524781341107,0.1825801749271137,17.6
6,enc003,POLR2A,enc003_POLR2A,3739,2559,467,416,10,468.0,0.8925213675213675,0.4358974358974359,0.9508547008547008,0.44539614561027835,0.3155924043861995,26.4
6,enc004,POLR2A,enc004_POLR2A,4624,3338,578,538,10,578.0,0.8842560553633219,0.39792387543252594,0.9550173010380623,0.3494809688581315,0.2781141868512111,46.3
6,enc001,POLR2AphosphoS5,enc001_POLR2AphosphoS5,5952,4935,744,725,10,744.0,0.8651881720430108,0.28897849462365593,0.9354838709677419,0.25,0.17086693548387097,48.2
6,enc002,POLR2AphosphoS5,enc002_POLR2AphosphoS5,1132,1074,142,142,10,142.0,0.8408450704225352,0.1056338028169014,0.9366197183098591,0.06338028169014084,0.05123674911660778,3.3
6,enc003,POLR2AphosphoS5,enc003_POLR2AphosphoS5,5310,4420,664,644,10,664.0,0.868222891566265,0.3207831325301205,0.9412650602409639,0.2876506024096386,0.16760828625235405,37.5
6,enc004,POLR2AphosphoS5,enc004_POLR2AphosphoS5,4809,3891,601,571,10,602.0,0.8702657807308969,0.33554817275747506,0.9401993355481728,0.324459234608985,0.19089207735495944,39.3
