example_id,confusion_category,label,pred_label,source_token_index,source_token,source_offset_start,source_offset_end,num_tokens,num_layers,num_heads,selected_layers,selected_heads,prob_positive_recomputed,logit_0,logit_1,snv_offset_seq1,snv_offset_seq2
chr3:125766575:esophagus_muscularis_mucosa:0,TP,1,1,0,[CLS],0,0,115,12,12,11,"0,1,2,3,4,5,6,7,8,9,10,11",0.9863513112068176,-2.0920422077178955,2.1883249282836914,225,225
chr3:75785531:Peyers_patch:0,TP,1,1,0,[CLS],0,0,114,12,12,11,"0,1,2,3,4,5,6,7,8,9,10,11",0.986125648021698,-2.06315541267395,2.200590133666992,306,306
chr3:75785531:adrenal_gland:0,TP,1,1,0,[CLS],0,0,114,12,12,11,"0,1,2,3,4,5,6,7,8,9,10,11",0.9861217141151428,-2.0651559829711914,2.1982996463775635,303,303
chr17:22910011:tibial_artery:0,TP,1,1,0,[CLS],0,0,102,12,12,11,"0,1,2,3,4,5,6,7,8,9,10,11",0.9860956072807312,-2.045053005218506,2.216495990753174,280,280
chr12:8390645:spleen:0,TP,1,1,0,[CLS],0,0,109,12,12,11,"0,1,2,3,4,5,6,7,8,9,10,11",0.9860525131225586,-2.046656847000122,2.2117552757263184,288,288
chr12:8390682:transverse_colon:0,TP,1,1,0,[CLS],0,0,109,12,12,11,"0,1,2,3,4,5,6,7,8,9,10,11",0.9860485792160034,-2.0543017387390137,2.2038228511810303,278,278
chr12:8390682:upper_lobe_of_left_lung:0,TP,1,1,0,[CLS],0,0,110,12,12,11,"0,1,2,3,4,5,6,7,8,9,10,11",0.9860368371009827,-2.0653762817382812,2.1919000148773193,279,279
chr12:8390682:thoracic_aorta:1,TP,1,1,0,[CLS],0,0,109,12,12,11,"0,1,2,3,4,5,6,7,8,9,10,11",0.9860336184501648,-2.0547287464141846,2.2023091316223145,285,285
chr12:8390645:adrenal_gland:0,TP,1,1,0,[CLS],0,0,110,12,12,11,"0,1,2,3,4,5,6,7,8,9,10,11",0.9860024452209473,-2.049135208129883,2.2056405544281006,281,281
chr12:8390645:thoracic_aorta:1,TP,1,1,0,[CLS],0,0,110,12,12,11,"0,1,2,3,4,5,6,7,8,9,10,11",0.9859974384307861,-2.0582027435302734,2.1962106227874756,274,274
chr12:8390645:body_of_pancreas:0,TP,1,1,0,[CLS],0,0,110,12,12,11,"0,1,2,3,4,5,6,7,8,9,10,11",0.9859969019889832,-2.0548062324523926,2.1995699405670166,252,252
chr3:125766575:Peyers_patch:0,TP,1,1,0,[CLS],0,0,114,12,12,11,"0,1,2,3,4,5,6,7,8,9,10,11",0.9858412742614746,-2.056546211242676,2.1866183280944824,294,294
chr17:22910011:sigmoid_colon:0,TP,1,1,0,[CLS],0,0,101,12,12,11,"0,1,2,3,4,5,6,7,8,9,10,11",0.9858347773551941,-2.0424857139587402,2.200214385986328,207,207
chr3:125766575:tibial_artery:1,TP,1,1,0,[CLS],0,0,114,12,12,11,"0,1,2,3,4,5,6,7,8,9,10,11",0.9858318567276001,-2.051109552383423,2.1913809776306152,297,297
chr3:75785389:tibial_artery:1,TP,1,1,0,[CLS],0,0,116,12,12,11,"0,1,2,3,4,5,6,7,8,9,10,11",0.9858285188674927,-2.068281888961792,2.1739649772644043,280,280
chr8:38060272:body_of_pancreas:0,TP,1,1,0,[CLS],0,0,105,12,12,11,"0,1,2,3,4,5,6,7,8,9,10,11",0.9858044981956482,-2.0531299114227295,2.1874048709869385,274,274
chr3:125766575:prostate_gland:1,TP,1,1,0,[CLS],0,0,113,12,12,11,"0,1,2,3,4,5,6,7,8,9,10,11",0.9857903718948364,-2.0469603538513184,2.1925673484802246,295,295
chr3:125766575:testis:1,TP,1,1,0,[CLS],0,0,113,12,12,11,"0,1,2,3,4,5,6,7,8,9,10,11",0.9857865571975708,-2.0516915321350098,2.1875596046447754,284,284
chr17:22910011:lower_leg_skin:0,TP,1,1,0,[CLS],0,0,101,12,12,11,"0,1,2,3,4,5,6,7,8,9,10,11",0.9857766032218933,-2.0499022006988525,2.188636302947998,276,276
chr12:8390645:prostate_gland:0,TP,1,1,0,[CLS],0,0,109,12,12,11,"0,1,2,3,4,5,6,7,8,9,10,11",0.9857153296470642,-2.054652452468872,2.1795318126678467,216,216
chr3:75785389:body_of_pancreas:0,TP,1,1,0,[CLS],0,0,115,12,12,11,"0,1,2,3,4,5,6,7,8,9,10,11",0.9856999516487122,-2.0625498294830322,2.1705355644226074,241,241
chr17:23044492:suprapubic_skin:0,TP,1,1,0,[CLS],0,0,102,12,12,11,"0,1,2,3,4,5,6,7,8,9,10,11",0.9856550097465515,-2.039351463317871,2.190552234649658,260,260
chr8:38060272:upper_lobe_of_left_lung:0,TP,1,1,0,[CLS],0,0,104,12,12,11,"0,1,2,3,4,5,6,7,8,9,10,11",0.985654890537262,-2.0548324584960938,2.1750597953796387,228,228
chr12:8390682:prostate_gland:0,TP,1,1,0,[CLS],0,0,112,12,12,11,"0,1,2,3,4,5,6,7,8,9,10,11",0.9856144785881042,-2.045746088027954,2.1812987327575684,227,227
chr17:22910011:prostate_gland:0,TP,1,1,0,[CLS],0,0,100,12,12,11,"0,1,2,3,4,5,6,7,8,9,10,11",0.9856088757514954,-2.043485641479492,2.1831634044647217,257,257
chr3:75785389:tibial_nerve:0,TP,1,1,0,[CLS],0,0,114,12,12,11,"0,1,2,3,4,5,6,7,8,9,10,11",0.9856017231941223,-2.0532708168029785,2.1728718280792236,233,233
chr17:22910011:tibial_nerve:0,TP,1,1,0,[CLS],0,0,101,12,12,11,"0,1,2,3,4,5,6,7,8,9,10,11",0.9855668544769287,-2.0327327251434326,2.190960645675659,229,229
chr17:23044492:gastrocnemius_medialis:0,TP,1,1,0,[CLS],0,0,102,12,12,11,"0,1,2,3,4,5,6,7,8,9,10,11",0.9855491518974304,-2.0464823246002197,2.175961494445801,287,287
chr17:23044492:spleen:0,TP,1,1,0,[CLS],0,0,101,12,12,11,"0,1,2,3,4,5,6,7,8,9,10,11",0.9854980707168579,-2.0351715087890625,2.1836965084075928,296,296
chr12:8390645:transverse_colon:0,TP,1,1,0,[CLS],0,0,110,12,12,11,"0,1,2,3,4,5,6,7,8,9,10,11",0.9854959845542908,-2.05515456199646,2.1635632514953613,223,223
chr12:8390682:testis:1,TP,1,1,0,[CLS],0,0,109,12,12,11,"0,1,2,3,4,5,6,7,8,9,10,11",0.9854737520217896,-2.029578685760498,2.1875863075256348,210,210
chr12:8390645:prostate_gland:1,TP,1,1,0,[CLS],0,0,110,12,12,11,"0,1,2,3,4,5,6,7,8,9,10,11",0.9854387044906616,-2.0362303256988525,2.17848801612854,213,213
chr17:22910011:omental_fat_pad:0,TP,1,1,0,[CLS],0,0,101,12,12,11,"0,1,2,3,4,5,6,7,8,9,10,11",0.9854359030723572,-2.037834882736206,2.1766932010650635,251,251
chr17:22995763:gastroesophageal_sphincter:0,TP,1,1,0,[CLS],0,0,102,12,12,11,"0,1,2,3,4,5,6,7,8,9,10,11",0.9854125380516052,-2.020496368408203,2.19240140914917,290,290
chr12:8390682:tibial_artery:0,TP,1,1,0,[CLS],0,0,110,12,12,11,"0,1,2,3,4,5,6,7,8,9,10,11",0.9853762984275818,-2.031808376312256,2.1785740852355957,221,221
chr17:22910011:esophagus_muscularis_mucosa:0,TP,1,1,0,[CLS],0,0,100,12,12,11,"0,1,2,3,4,5,6,7,8,9,10,11",0.9853611588478088,-2.0360922813415527,2.173234224319458,236,236
chr17:22995763:body_of_pancreas:0,TP,1,1,0,[CLS],0,0,101,12,12,11,"0,1,2,3,4,5,6,7,8,9,10,11",0.985350489616394,-2.011542797088623,2.1970443725585938,284,284
chr3:75785389:sigmoid_colon:0,TP,1,1,0,[CLS],0,0,115,12,12,11,"0,1,2,3,4,5,6,7,8,9,10,11",0.9853441119194031,-2.0382535457611084,2.169898271560669,212,212
chr17:22910011:body_of_pancreas:0,TP,1,1,0,[CLS],0,0,100,12,12,11,"0,1,2,3,4,5,6,7,8,9,10,11",0.9853439927101135,-2.0244743824005127,2.183663845062256,212,212
chr17:23044492:prostate_gland:0,TP,1,1,0,[CLS],0,0,101,12,12,11,"0,1,2,3,4,5,6,7,8,9,10,11",0.9853317141532898,-2.0296199321746826,2.177668809890747,299,299
chr17:22995763:Peyers_patch:0,TP,1,1,0,[CLS],0,0,101,12,12,11,"0,1,2,3,4,5,6,7,8,9,10,11",0.985323965549469,-2.0170326232910156,2.1897268295288086,231,231
chr9:129437679:thoracic_aorta:0,TP,1,1,0,[CLS],0,0,107,12,12,11,"0,1,2,3,4,5,6,7,8,9,10,11",0.985278844833374,-2.03786301612854,2.165778398513794,247,247
chr17:22995763:tibial_nerve:0,TP,1,1,0,[CLS],0,0,101,12,12,11,"0,1,2,3,4,5,6,7,8,9,10,11",0.9852702021598816,-2.017432928085327,2.1856117248535156,300,300
chr17:23044492:tibial_artery:0,TP,1,1,0,[CLS],0,0,100,12,12,11,"0,1,2,3,4,5,6,7,8,9,10,11",0.9852044582366943,-2.020955801010132,2.177564859390259,257,257
chr17:23044492:thyroid_gland:0,TP,1,1,0,[CLS],0,0,102,12,12,11,"0,1,2,3,4,5,6,7,8,9,10,11",0.9851969480514526,-2.0181586742401123,2.1798455715179443,263,263
chr9:129437679:body_of_pancreas:0,TP,1,1,0,[CLS],0,0,109,12,12,11,"0,1,2,3,4,5,6,7,8,9,10,11",0.9850532412528992,-2.0384790897369385,2.149718761444092,285,285
chr17:22910011:spleen:0,TP,1,1,0,[CLS],0,0,100,12,12,11,"0,1,2,3,4,5,6,7,8,9,10,11",0.9850526452064514,-2.0187337398529053,2.169431686401367,220,220
chr3:75785389:prostate_gland:0,TP,1,1,0,[CLS],0,0,114,12,12,11,"0,1,2,3,4,5,6,7,8,9,10,11",0.9850487112998962,-2.0296971797943115,2.158198356628418,226,226
chr17:23044492:transverse_colon:0,TP,1,1,0,[CLS],0,0,101,12,12,11,"0,1,2,3,4,5,6,7,8,9,10,11",0.9849395751953125,-2.0254933834075928,2.1550145149230957,288,288
chr17:22910011:esophagus_squamous_epithelium:0,TP,1,1,0,[CLS],0,0,100,12,12,11,"0,1,2,3,4,5,6,7,8,9,10,11",0.9849336743354797,-2.019239902496338,2.1608731746673584,213,213
chr17:22995763:stomach:0,TP,1,1,0,[CLS],0,0,100,12,12,11,"0,1,2,3,4,5,6,7,8,9,10,11",0.9849122762680054,-1.9816423654556274,2.1970248222351074,225,225
chr17:22822728:transverse_colon:0,TP,1,1,0,[CLS],0,0,101,12,12,11,"0,1,2,3,4,5,6,7,8,9,10,11",0.9844345450401306,-2.0001986026763916,2.1468138694763184,223,223
chr17:23044492:body_of_pancreas:0,TP,1,1,0,[CLS],0,0,100,12,12,11,"0,1,2,3,4,5,6,7,8,9,10,11",0.9843685626983643,-1.9880367517471313,2.1546788215637207,250,250
chr6:17600826:transverse_colon:0,TP,1,1,0,[CLS],0,0,116,12,12,11,"0,1,2,3,4,5,6,7,8,9,10,11",0.9842586517333984,-2.0236222743988037,2.1119749546051025,259,259
chr17:43360582:transverse_colon:0,TP,1,1,0,[CLS],0,0,108,12,12,11,"0,1,2,3,4,5,6,7,8,9,10,11",0.9842402935028076,-2.009399175643921,2.125013828277588,260,260
chr17:22995763:transverse_colon:0,TP,1,1,0,[CLS],0,0,102,12,12,11,"0,1,2,3,4,5,6,7,8,9,10,11",0.9841448068618774,-1.962327480316162,2.1659433841705322,208,208
chr7:142752912:body_of_pancreas:0,TP,1,1,0,[CLS],0,0,102,12,12,11,"0,1,2,3,4,5,6,7,8,9,10,11",0.9840611815452576,-2.027832269668579,2.095097780227661,280,280
chr17:25579427:transverse_colon:0,TP,1,1,0,[CLS],0,0,103,12,12,11,"0,1,2,3,4,5,6,7,8,9,10,11",0.9839991927146912,-1.9614540338516235,2.157534122467041,235,235
chr17:22995763:omental_fat_pad:0,TP,1,1,0,[CLS],0,0,102,12,12,11,"0,1,2,3,4,5,6,7,8,9,10,11",0.9839868545532227,-1.953877568244934,2.1643247604370117,214,214
chr17:43360582:tibial_nerve:0,TP,1,1,0,[CLS],0,0,108,12,12,11,"0,1,2,3,4,5,6,7,8,9,10,11",0.983951210975647,-1.9979252815246582,2.1180198192596436,252,252
chr17:23378804:sigmoid_colon:0,TP,1,1,0,[CLS],0,0,100,12,12,11,"0,1,2,3,4,5,6,7,8,9,10,11",0.9839374423027039,-1.9601624011993408,2.154910087585449,234,234
chr17:43360582:body_of_pancreas:0,TP,1,1,0,[CLS],0,0,107,12,12,11,"0,1,2,3,4,5,6,7,8,9,10,11",0.9839261770248413,-1.995327353477478,2.119028091430664,262,262
chr7:100949702:Peyers_patch:0,TP,1,1,0,[CLS],0,0,107,12,12,11,"0,1,2,3,4,5,6,7,8,9,10,11",0.9839155077934265,-2.0144855976104736,2.099198341369629,283,283
chr17:22822724:spleen:0,TP,1,1,0,[CLS],0,0,103,12,12,11,"0,1,2,3,4,5,6,7,8,9,10,11",0.983877420425415,-1.973499059677124,2.1377809047698975,237,237
chr17:23378804:gastroesophageal_sphincter:0,TP,1,1,0,[CLS],0,0,101,12,12,11,"0,1,2,3,4,5,6,7,8,9,10,11",0.983855664730072,-1.9618175029754639,2.14808988571167,226,226
chr17:43360582:esophagus_muscularis_mucosa:0,TP,1,1,0,[CLS],0,0,108,12,12,11,"0,1,2,3,4,5,6,7,8,9,10,11",0.9838511347770691,-2.0262420177459717,2.0833864212036133,227,227
chr17:23378804:body_of_pancreas:0,TP,1,1,0,[CLS],0,0,102,12,12,11,"0,1,2,3,4,5,6,7,8,9,10,11",0.9838482737541199,-1.9405555725097656,2.1688857078552246,207,207
chr17:43360582:lower_leg_skin:0,TP,1,1,0,[CLS],0,0,107,12,12,11,"0,1,2,3,4,5,6,7,8,9,10,11",0.9838385581970215,-1.9962794780731201,2.1125552654266357,243,243
chr17:25579427:thoracic_aorta:0,TP,1,1,0,[CLS],0,0,102,12,12,11,"0,1,2,3,4,5,6,7,8,9,10,11",0.9837667942047119,-1.9533205032348633,2.1510095596313477,242,242
chr6:17600826:tibial_nerve:0,TP,1,1,0,[CLS],0,0,116,12,12,11,"0,1,2,3,4,5,6,7,8,9,10,11",0.9837487936019897,-2.0182130336761475,2.084993362426758,281,281
chr17:25579427:upper_lobe_of_left_lung:0,TP,1,1,0,[CLS],0,0,103,12,12,11,"0,1,2,3,4,5,6,7,8,9,10,11",0.9837440848350525,-1.9746596813201904,2.1282472610473633,256,256
chr6:17600826:gastroesophageal_sphincter:0,TP,1,1,0,[CLS],0,0,116,12,12,11,"0,1,2,3,4,5,6,7,8,9,10,11",0.9835969805717468,-2.0076420307159424,2.086108446121216,211,211
chr17:22822728:thoracic_aorta:0,TP,1,1,0,[CLS],0,0,102,12,12,11,"0,1,2,3,4,5,6,7,8,9,10,11",0.9835454225540161,-1.9803099632263184,2.110250234603882,256,256
chr17:43360582:adrenal_gland:0,TP,1,1,0,[CLS],0,0,108,12,12,11,"0,1,2,3,4,5,6,7,8,9,10,11",0.9835012555122375,-1.988882303237915,2.0989537239074707,261,261
chr17:22822724:stomach:0,TP,1,1,0,[CLS],0,0,101,12,12,11,"0,1,2,3,4,5,6,7,8,9,10,11",0.983327329158783,-1.9733582735061646,2.1038153171539307,229,229
chr17:25579427:esophagus_squamous_epithelium:0,TP,1,1,0,[CLS],0,0,101,12,12,11,"0,1,2,3,4,5,6,7,8,9,10,11",0.9833074808120728,-1.9356052875518799,2.140354633331299,215,215
chr17:23378804:transverse_colon:0,TP,1,1,0,[CLS],0,0,102,12,12,11,"0,1,2,3,4,5,6,7,8,9,10,11",0.9832872152328491,-1.9429872035980225,2.131741762161255,304,304
chr17:22822728:lower_leg_skin:0,TP,1,1,0,[CLS],0,0,102,12,12,11,"0,1,2,3,4,5,6,7,8,9,10,11",0.9831987023353577,-1.9658433198928833,2.1035122871398926,252,252
chr14:106468930:transverse_colon:1,TP,1,1,0,[CLS],0,0,106,12,12,11,"0,1,2,3,4,5,6,7,8,9,10,11",0.9831182360649109,-2.008885622024536,2.055610418319702,282,282
chr17:23378804:upper_lobe_of_left_lung:0,TP,1,1,0,[CLS],0,0,102,12,12,11,"0,1,2,3,4,5,6,7,8,9,10,11",0.9829722046852112,-1.9451504945755005,2.1105830669403076,298,298
chr5:151298244:prostate_gland:0,TP,1,1,0,[CLS],0,0,106,12,12,11,"0,1,2,3,4,5,6,7,8,9,10,11",0.9829162359237671,-1.990950345993042,2.061444044113159,294,294
chr17:25579427:testis:0,TP,1,1,0,[CLS],0,0,102,12,12,11,"0,1,2,3,4,5,6,7,8,9,10,11",0.9828668236732483,-1.9369723796844482,2.1124818325042725,281,281
chr6:17600826:upper_lobe_of_left_lung:0,TP,1,1,0,[CLS],0,0,116,12,12,11,"0,1,2,3,4,5,6,7,8,9,10,11",0.9828421473503113,-1.9913415908813477,2.0566513538360596,305,305
chr17:22822728:tibial_artery:0,TP,1,1,0,[CLS],0,0,103,12,12,11,"0,1,2,3,4,5,6,7,8,9,10,11",0.9826390743255615,-1.967138409614563,2.068882465362549,246,246
chr17:22822728:upper_lobe_of_left_lung:0,TP,1,1,0,[CLS],0,0,103,12,12,11,"0,1,2,3,4,5,6,7,8,9,10,11",0.9826358556747437,-1.904410481452942,2.131420850753784,267,267
chr17:25579427:spleen:0,TP,1,1,0,[CLS],0,0,103,12,12,11,"0,1,2,3,4,5,6,7,8,9,10,11",0.9826008677482605,-1.9093983173370361,2.124382734298706,297,297
chr17:22822728:spleen:0,TP,1,1,0,[CLS],0,0,103,12,12,11,"0,1,2,3,4,5,6,7,8,9,10,11",0.9825735688209534,-1.925777792930603,2.106407642364502,271,271
chr8:45777416:prostate_gland:0,TP,1,1,0,[CLS],0,0,100,12,12,11,"0,1,2,3,4,5,6,7,8,9,10,11",0.9825531244277954,-1.923971176147461,2.1070215702056885,287,287
chr5:151298244:adrenal_gland:0,TP,1,1,0,[CLS],0,0,106,12,12,11,"0,1,2,3,4,5,6,7,8,9,10,11",0.982508659362793,-1.9662888050079346,2.062114953994751,255,255
chr5:151298244:esophagus_squamous_epithelium:0,TP,1,1,0,[CLS],0,0,106,12,12,11,"0,1,2,3,4,5,6,7,8,9,10,11",0.9824877381324768,-1.961508870124817,2.0656800270080566,239,239
chr5:151298244:tibial_artery:1,TP,1,1,0,[CLS],0,0,107,12,12,11,"0,1,2,3,4,5,6,7,8,9,10,11",0.9824780821800232,-1.9667822122573853,2.059845447540283,246,246
chr17:22822724:testis:0,TP,1,1,0,[CLS],0,0,102,12,12,11,"0,1,2,3,4,5,6,7,8,9,10,11",0.9824702143669128,-1.9080634117126465,2.11810564994812,261,261
chr5:151298244:upper_lobe_of_left_lung:0,TP,1,1,0,[CLS],0,0,107,12,12,11,"0,1,2,3,4,5,6,7,8,9,10,11",0.9824657440185547,-1.9696682691574097,2.0562384128570557,221,221
chr5:151298244:spleen:0,TP,1,1,0,[CLS],0,0,106,12,12,11,"0,1,2,3,4,5,6,7,8,9,10,11",0.9824256896972656,-1.9942673444747925,2.0293209552764893,271,271
chr7:142485779:Peyers_patch:0,TP,1,1,0,[CLS],0,0,109,12,12,11,"0,1,2,3,4,5,6,7,8,9,10,11",0.9823922514915466,-1.9309309720993042,2.0907163619995117,268,268
chr5:151298244:tibial_nerve:0,TP,1,1,0,[CLS],0,0,107,12,12,11,"0,1,2,3,4,5,6,7,8,9,10,11",0.9823739528656006,-1.9691864252090454,2.051408052444458,277,277
chr5:151298244:body_of_pancreas:0,TP,1,1,0,[CLS],0,0,106,12,12,11,"0,1,2,3,4,5,6,7,8,9,10,11",0.9823026061058044,-1.98543381690979,2.0310475826263428,267,267
chr17:22822724:thoracic_aorta:0,TP,1,1,0,[CLS],0,0,103,12,12,11,"0,1,2,3,4,5,6,7,8,9,10,11",0.9822636246681213,-1.9205899238586426,2.0936501026153564,269,269
chr5:151298244:sigmoid_colon:0,TP,1,1,0,[CLS],0,0,106,12,12,11,"0,1,2,3,4,5,6,7,8,9,10,11",0.9822413325309753,-1.9589049816131592,2.0540578365325928,231,231
chr2:67906567:body_of_pancreas:0,TP,1,1,0,[CLS],0,0,103,12,12,11,"0,1,2,3,4,5,6,7,8,9,10,11",0.9822365045547485,-1.960713505744934,2.0519700050354004,291,291
chr12:8390645:thoracic_aorta:0,FP,0,1,0,[CLS],0,0,110,12,12,11,"0,1,2,3,4,5,6,7,8,9,10,11",0.9860516786575317,-2.0572421550750732,2.2011048793792725,266,266
chr12:8390645:omental_fat_pad:0,FP,0,1,0,[CLS],0,0,109,12,12,11,"0,1,2,3,4,5,6,7,8,9,10,11",0.9860512018203735,-2.056520462036133,2.2017951011657715,275,275
chr12:8390645:esophagus_muscularis_mucosa:0,FP,0,1,0,[CLS],0,0,109,12,12,11,"0,1,2,3,4,5,6,7,8,9,10,11",0.9858713746070862,-2.0443356037139893,2.200984477996826,306,306
chr12:8390682:esophagus_squamous_epithelium:0,FP,0,1,0,[CLS],0,0,109,12,12,11,"0,1,2,3,4,5,6,7,8,9,10,11",0.985582172870636,-2.0253639221191406,2.199397563934326,235,235
chr17:22995763:prostate_gland:0,FP,0,1,0,[CLS],0,0,101,12,12,11,"0,1,2,3,4,5,6,7,8,9,10,11",0.9855572581291199,-2.039299964904785,2.183711051940918,260,260
chr12:8390682:omental_fat_pad:0,FP,0,1,0,[CLS],0,0,111,12,12,11,"0,1,2,3,4,5,6,7,8,9,10,11",0.9855256676673889,-2.0263783931732178,2.1944143772125244,208,208
chr12:8390682:testis:0,FP,0,1,0,[CLS],0,0,109,12,12,11,"0,1,2,3,4,5,6,7,8,9,10,11",0.9854469299316406,-2.03493595123291,2.1803581714630127,246,246
chr12:8390682:thyroid_gland:0,FP,0,1,0,[CLS],0,0,110,12,12,11,"0,1,2,3,4,5,6,7,8,9,10,11",0.9854387044906616,-2.0362303256988525,2.17848801612854,250,250
chr17:22995763:esophagus_squamous_epithelium:0,FP,0,1,0,[CLS],0,0,101,12,12,11,"0,1,2,3,4,5,6,7,8,9,10,11",0.9853755831718445,-2.0099856853485107,2.200343370437622,232,232
chr17:22995763:upper_lobe_of_left_lung:0,FP,0,1,0,[CLS],0,0,101,12,12,11,"0,1,2,3,4,5,6,7,8,9,10,11",0.9853330254554749,-2.0318846702575684,2.175496816635132,295,295
chr12:8390682:adrenal_gland:0,FP,0,1,0,[CLS],0,0,110,12,12,11,"0,1,2,3,4,5,6,7,8,9,10,11",0.98533034324646,-2.0369820594787598,2.1702144145965576,213,213
chr17:23044492:gastroesophageal_sphincter:0,FP,0,1,0,[CLS],0,0,102,12,12,11,"0,1,2,3,4,5,6,7,8,9,10,11",0.9852016568183899,-2.0127651691436768,2.1855690479278564,249,249
chr17:22995763:sigmoid_colon:0,FP,0,1,0,[CLS],0,0,100,12,12,11,"0,1,2,3,4,5,6,7,8,9,10,11",0.9849774837493896,-1.991637945175171,2.1914286613464355,226,226
chr9:129437679:esophagus_muscularis_mucosa:0,FP,0,1,0,[CLS],0,0,110,12,12,11,"0,1,2,3,4,5,6,7,8,9,10,11",0.9849272966384888,-2.031050443649292,2.148635149002075,272,272
chr12:8390682:gastroesophageal_sphincter:0,FP,0,1,0,[CLS],0,0,110,12,12,11,"0,1,2,3,4,5,6,7,8,9,10,11",0.984836757183075,-2.0122761726379395,2.1613283157348633,220,220
chr9:129437679:testis:0,FP,0,1,0,[CLS],0,0,111,12,12,11,"0,1,2,3,4,5,6,7,8,9,10,11",0.9846387505531311,-2.0071346759796143,2.153290033340454,301,301
chr7:100949645:Peyers_patch:0,FP,0,1,0,[CLS],0,0,107,12,12,11,"0,1,2,3,4,5,6,7,8,9,10,11",0.9845735430717468,-2.014155626296997,2.1419734954833984,271,271
chr17:22995763:testis:0,FP,0,1,0,[CLS],0,0,102,12,12,11,"0,1,2,3,4,5,6,7,8,9,10,11",0.9845617413520813,-1.9860230684280396,2.1693239212036133,216,216
chr7:100949648:Peyers_patch:0,FP,0,1,0,[CLS],0,0,107,12,12,11,"0,1,2,3,4,5,6,7,8,9,10,11",0.9844628572463989,-2.0124566555023193,2.1364052295684814,224,224
chr7:100949702:transverse_colon:0,FP,0,1,0,[CLS],0,0,107,12,12,11,"0,1,2,3,4,5,6,7,8,9,10,11",0.984351396560669,-2.024428129196167,2.117175340652466,275,275
chr17:23378804:spleen:0,FP,0,1,0,[CLS],0,0,101,12,12,11,"0,1,2,3,4,5,6,7,8,9,10,11",0.9843011498451233,-1.977640151977539,2.1607065200805664,236,236
chr17:22822728:sigmoid_colon:0,FP,0,1,0,[CLS],0,0,103,12,12,11,"0,1,2,3,4,5,6,7,8,9,10,11",0.9842386841773987,-2.0054502487182617,2.1288599967956543,245,245
chr7:100949666:transverse_colon:0,FP,0,1,0,[CLS],0,0,109,12,12,11,"0,1,2,3,4,5,6,7,8,9,10,11",0.9841528534889221,-2.006991147994995,2.121798038482666,277,277
chr17:22995763:spleen:0,FP,0,1,0,[CLS],0,0,102,12,12,11,"0,1,2,3,4,5,6,7,8,9,10,11",0.9841448068618774,-1.962327480316162,2.1659433841705322,208,208
chr17:23378804:prostate_gland:0,FP,0,1,0,[CLS],0,0,103,12,12,11,"0,1,2,3,4,5,6,7,8,9,10,11",0.984138548374176,-1.972108006477356,2.1557695865631104,253,253
chr7:100949605:Peyers_patch:0,FP,0,1,0,[CLS],0,0,107,12,12,11,"0,1,2,3,4,5,6,7,8,9,10,11",0.9841110706329346,-1.9852722883224487,2.1408419609069824,227,227
chr7:100949605:transverse_colon:0,FP,0,1,0,[CLS],0,0,108,12,12,11,"0,1,2,3,4,5,6,7,8,9,10,11",0.9841070175170898,-2.000537395477295,2.12532114982605,217,217
chr7:100949666:Peyers_patch:0,FP,0,1,0,[CLS],0,0,109,12,12,11,"0,1,2,3,4,5,6,7,8,9,10,11",0.9840929508209229,-2.007852077484131,2.1171059608459473,284,284
chr17:23378804:esophagus_muscularis_mucosa:0,FP,0,1,0,[CLS],0,0,103,12,12,11,"0,1,2,3,4,5,6,7,8,9,10,11",0.9839798212051392,-1.973555564880371,2.1442017555236816,300,300
chr17:25579427:omental_fat_pad:0,FP,0,1,0,[CLS],0,0,102,12,12,11,"0,1,2,3,4,5,6,7,8,9,10,11",0.983954668045044,-1.956206202507019,2.1599528789520264,237,237
chr14:55138216:gastroesophageal_sphincter:0,FP,0,1,0,[CLS],0,0,104,12,12,11,"0,1,2,3,4,5,6,7,8,9,10,11",0.9838100671768188,-1.983749508857727,2.1232967376708984,222,222
chr17:25579427:esophagus_muscularis_mucosa:0,FP,0,1,0,[CLS],0,0,102,12,12,11,"0,1,2,3,4,5,6,7,8,9,10,11",0.9837453365325928,-1.969557285308838,2.133429765701294,241,241
chr7:100949648:transverse_colon:0,FP,0,1,0,[CLS],0,0,107,12,12,11,"0,1,2,3,4,5,6,7,8,9,10,11",0.9836437106132507,-2.004631996154785,2.0920217037200928,228,228
chr17:25579427:adrenal_gland:0,FP,0,1,0,[CLS],0,0,104,12,12,11,"0,1,2,3,4,5,6,7,8,9,10,11",0.9836174249649048,-1.9520057439804077,2.143010139465332,282,282
chr14:55138216:esophagus_squamous_epithelium:0,FP,0,1,0,[CLS],0,0,106,12,12,11,"0,1,2,3,4,5,6,7,8,9,10,11",0.9834188222885132,-1.969201683998108,2.113569498062134,219,219
chr17:23378804:adrenal_gland:0,FP,0,1,0,[CLS],0,0,104,12,12,11,"0,1,2,3,4,5,6,7,8,9,10,11",0.9833744764328003,-1.9401904344558716,2.1398589611053467,306,306
chr17:25579427:suprapubic_skin:0,FP,0,1,0,[CLS],0,0,103,12,12,11,"0,1,2,3,4,5,6,7,8,9,10,11",0.9833481907844543,-1.9689315557479858,2.109511137008667,257,257
chr10:116743138:tibial_nerve:0,FP,0,1,0,[CLS],0,0,114,12,12,11,"0,1,2,3,4,5,6,7,8,9,10,11",0.9832448959350586,-1.966420292854309,2.105733633041382,226,226
chr17:43360582:sigmoid_colon:0,FP,0,1,0,[CLS],0,0,109,12,12,11,"0,1,2,3,4,5,6,7,8,9,10,11",0.9830975532531738,-1.988105058670044,2.075145721435547,244,244
chr14:106468930:adrenal_gland:0,FP,0,1,0,[CLS],0,0,105,12,12,11,"0,1,2,3,4,5,6,7,8,9,10,11",0.9828434586524963,-1.992540955543518,2.055527448654175,288,288
chr17:25579427:gastroesophageal_sphincter:0,FP,0,1,0,[CLS],0,0,104,12,12,11,"0,1,2,3,4,5,6,7,8,9,10,11",0.9826906323432922,-1.9196202754974365,2.1194255352020264,278,278
chr8:45777416:body_of_pancreas:0,FP,0,1,0,[CLS],0,0,101,12,12,11,"0,1,2,3,4,5,6,7,8,9,10,11",0.9826869368553162,-1.9251971244812012,2.113636016845703,298,298
chr9:129437504:body_of_pancreas:0,FP,0,1,0,[CLS],0,0,110,12,12,11,"0,1,2,3,4,5,6,7,8,9,10,11",0.9826517105102539,-1.9348458051681519,2.101915121078491,221,221
chr10:116743138:gastroesophageal_sphincter:0,FP,0,1,0,[CLS],0,0,115,12,12,11,"0,1,2,3,4,5,6,7,8,9,10,11",0.9826054573059082,-1.9529297351837158,2.0811238288879395,231,231
chr17:22822724:sigmoid_colon:0,FP,0,1,0,[CLS],0,0,102,12,12,11,"0,1,2,3,4,5,6,7,8,9,10,11",0.9824618697166443,-1.9672112464904785,2.058474063873291,247,247
chr8:45777416:suprapubic_skin:0,FP,0,1,0,[CLS],0,0,101,12,12,11,"0,1,2,3,4,5,6,7,8,9,10,11",0.9823049306869507,-1.9279346466064453,2.0886824131011963,304,304
chr10:116743138:Peyers_patch:0,FP,0,1,0,[CLS],0,0,113,12,12,11,"0,1,2,3,4,5,6,7,8,9,10,11",0.9822956323623657,-1.9302161931991577,2.0858652591705322,237,237
chr14:55138216:transverse_colon:0,FP,0,1,0,[CLS],0,0,105,12,12,11,"0,1,2,3,4,5,6,7,8,9,10,11",0.9821968078613281,-1.9515880346298218,2.0588231086730957,249,249
chr17:50532427:transverse_colon:0,FP,0,1,0,[CLS],0,0,107,12,12,11,"0,1,2,3,4,5,6,7,8,9,10,11",0.9821065664291382,-1.972082495689392,2.0331830978393555,219,219
chr17:25579427:stomach:0,FP,0,1,0,[CLS],0,0,103,12,12,11,"0,1,2,3,4,5,6,7,8,9,10,11",0.9821062088012695,-1.9109796285629272,2.0942656993865967,273,273
chr9:129437504:testis:0,FP,0,1,0,[CLS],0,0,109,12,12,11,"0,1,2,3,4,5,6,7,8,9,10,11",0.9820709824562073,-1.9119300842285156,2.09131121635437,220,220
chr17:25579427:tibial_artery:0,FP,0,1,0,[CLS],0,0,103,12,12,11,"0,1,2,3,4,5,6,7,8,9,10,11",0.9819871783256531,-1.9031741619110107,2.095322370529175,265,265
chr14:106468930:prostate_gland:0,FP,0,1,0,[CLS],0,0,104,12,12,11,"0,1,2,3,4,5,6,7,8,9,10,11",0.9817239046096802,-1.9741194248199463,2.0095973014831543,270,270
chr8:45161494:gastroesophageal_sphincter:0,FP,0,1,0,[CLS],0,0,99,12,12,11,"0,1,2,3,4,5,6,7,8,9,10,11",0.9814848899841309,-1.8715282678604126,2.0989489555358887,296,296
chr2:87341729:omental_fat_pad:0,FP,0,1,0,[CLS],0,0,112,12,12,11,"0,1,2,3,4,5,6,7,8,9,10,11",0.9814088940620422,-1.969756007194519,1.996551752090454,227,227
chr10:116743138:thoracic_aorta:0,FP,0,1,0,[CLS],0,0,113,12,12,11,"0,1,2,3,4,5,6,7,8,9,10,11",0.9813780784606934,-1.8984394073486328,2.066180944442749,245,245
chr14:55138216:tibial_nerve:0,FP,0,1,0,[CLS],0,0,104,12,12,11,"0,1,2,3,4,5,6,7,8,9,10,11",0.9813563823699951,-1.9182060956954956,2.0452258586883545,287,287
chr1:160884907:tibial_artery:0,FP,0,1,0,[CLS],0,0,101,12,12,11,"0,1,2,3,4,5,6,7,8,9,10,11",0.9813356399536133,-1.8855680227279663,2.076730728149414,260,260
chr17:50532427:upper_lobe_of_left_lung:0,FP,0,1,0,[CLS],0,0,105,12,12,11,"0,1,2,3,4,5,6,7,8,9,10,11",0.981322169303894,-1.9292045831680298,2.0323612689971924,249,249
chr17:50532427:body_of_pancreas:0,FP,0,1,0,[CLS],0,0,108,12,12,11,"0,1,2,3,4,5,6,7,8,9,10,11",0.9811965227127075,-1.952831745147705,2.001898765563965,232,232
chr10:116743138:esophagus_squamous_epithelium:0,FP,0,1,0,[CLS],0,0,113,12,12,11,"0,1,2,3,4,5,6,7,8,9,10,11",0.9811951518058777,-1.8915060758590698,2.0631465911865234,247,247
chr2:87341729:body_of_pancreas:1,FP,0,1,0,[CLS],0,0,113,12,12,11,"0,1,2,3,4,5,6,7,8,9,10,11",0.9811022877693176,-1.9519164562225342,1.9977182149887085,213,213
chr2:87341729:transverse_colon:1,FP,0,1,0,[CLS],0,0,111,12,12,11,"0,1,2,3,4,5,6,7,8,9,10,11",0.9810758829116821,-1.9316489696502686,2.0165657997131348,240,240
chr17:50532427:omental_fat_pad:0,FP,0,1,0,[CLS],0,0,106,12,12,11,"0,1,2,3,4,5,6,7,8,9,10,11",0.98093581199646,-1.9343522787094116,2.006345748901367,241,241
chr7:95684106:Peyers_patch:0,FP,0,1,0,[CLS],0,0,99,12,12,11,"0,1,2,3,4,5,6,7,8,9,10,11",0.9809269905090332,-1.888789415359497,2.051433801651001,214,214
chr8:45161494:thoracic_aorta:0,FP,0,1,0,[CLS],0,0,102,12,12,11,"0,1,2,3,4,5,6,7,8,9,10,11",0.9809149503707886,-1.8585643768310547,2.0810153484344482,267,267
chr17:22856764:thoracic_aorta:0,FP,0,1,0,[CLS],0,0,104,12,12,11,"0,1,2,3,4,5,6,7,8,9,10,11",0.9808878898620605,-1.9327986240386963,2.0053343772888184,301,301
chr1:160884907:prostate_gland:0,FP,0,1,0,[CLS],0,0,99,12,12,11,"0,1,2,3,4,5,6,7,8,9,10,11",0.9808691740036011,-1.8870993852615356,2.0500378608703613,300,300
chr8:45777416:thoracic_aorta:0,FP,0,1,0,[CLS],0,0,101,12,12,11,"0,1,2,3,4,5,6,7,8,9,10,11",0.9808540344238281,-1.8561198711395264,2.080214500427246,260,260
chr2:93976841:gastroesophageal_sphincter:0,FP,0,1,0,[CLS],0,0,100,12,12,11,"0,1,2,3,4,5,6,7,8,9,10,11",0.9808351993560791,-1.9640370607376099,1.9712934494018555,274,274
chr1:160884907:suprapubic_skin:0,FP,0,1,0,[CLS],0,0,104,12,12,11,"0,1,2,3,4,5,6,7,8,9,10,11",0.9808005094528198,-1.8766562938690186,2.0568292140960693,216,216
chr2:93976841:body_of_pancreas:0,FP,0,1,0,[CLS],0,0,101,12,12,11,"0,1,2,3,4,5,6,7,8,9,10,11",0.9807541370391846,-1.9540237188339233,1.9770008325576782,270,270
chr10:116743138:transverse_colon:1,FP,0,1,0,[CLS],0,0,115,12,12,11,"0,1,2,3,4,5,6,7,8,9,10,11",0.980657160282135,-1.892868995666504,2.0330312252044678,265,265
chr14:106468930:upper_lobe_of_left_lung:0,FP,0,1,0,[CLS],0,0,107,12,12,11,"0,1,2,3,4,5,6,7,8,9,10,11",0.9806514382362366,-1.8905044794082642,2.0350942611694336,208,208
chr16:1984135:tibial_nerve:0,FP,0,1,0,[CLS],0,0,115,12,12,11,"0,1,2,3,4,5,6,7,8,9,10,11",0.9806098341941833,-1.9138301610946655,2.0095791816711426,306,306
chr3:32259097:body_of_pancreas:0,FP,0,1,0,[CLS],0,0,106,12,12,11,"0,1,2,3,4,5,6,7,8,9,10,11",0.9806087613105774,-1.8919899463653564,2.031362771987915,278,278
chr2:93976841:prostate_gland:0,FP,0,1,0,[CLS],0,0,100,12,12,11,"0,1,2,3,4,5,6,7,8,9,10,11",0.9804950952529907,-1.9374326467514038,1.9799591302871704,279,279
chr1:239998087:transverse_colon:0,FP,0,1,0,[CLS],0,0,115,12,12,11,"0,1,2,3,4,5,6,7,8,9,10,11",0.9804617166519165,-1.8986527919769287,2.0169973373413086,282,282
chr2:87341729:thyroid_gland:0,FP,0,1,0,[CLS],0,0,111,12,12,11,"0,1,2,3,4,5,6,7,8,9,10,11",0.980401337146759,-1.9281429052352905,1.984358310699463,230,230
chr1:160884907:testis:1,FP,0,1,0,[CLS],0,0,104,12,12,11,"0,1,2,3,4,5,6,7,8,9,10,11",0.9802793264389038,-1.871600866317749,2.0345709323883057,223,223
chr16:1984135:upper_lobe_of_left_lung:0,FP,0,1,0,[CLS],0,0,116,12,12,11,"0,1,2,3,4,5,6,7,8,9,10,11",0.9802215695381165,-1.8985618352890015,2.004627227783203,304,304
chr17:22822724:esophagus_squamous_epithelium:0,FP,0,1,0,[CLS],0,0,103,12,12,11,"0,1,2,3,4,5,6,7,8,9,10,11",0.9801856279373169,-1.8628097772598267,2.038522243499756,290,290
chr14:55138216:upper_lobe_of_left_lung:0,FP,0,1,0,[CLS],0,0,104,12,12,11,"0,1,2,3,4,5,6,7,8,9,10,11",0.9801835417747498,-1.9004188776016235,2.0008065700531006,274,274
chr7:95684106:body_of_pancreas:0,FP,0,1,0,[CLS],0,0,99,12,12,11,"0,1,2,3,4,5,6,7,8,9,10,11",0.9801759123802185,-1.869266152381897,2.0315685272216797,208,208
chr11:70196316:stomach:0,FP,0,1,0,[CLS],0,0,98,12,12,11,"0,1,2,3,4,5,6,7,8,9,10,11",0.9801552891731262,-1.8691651821136475,2.030607223510742,250,250
chr2:87342046:tibial_nerve:0,FP,0,1,0,[CLS],0,0,113,12,12,11,"0,1,2,3,4,5,6,7,8,9,10,11",0.9800317287445068,-1.9207440614700317,1.9726932048797607,285,285
chr2:87341729:prostate_gland:1,FP,0,1,0,[CLS],0,0,110,12,12,11,"0,1,2,3,4,5,6,7,8,9,10,11",0.9800169467926025,-1.9151062965393066,1.9775810241699219,259,259
chr10:116743138:body_of_pancreas:0,FP,0,1,0,[CLS],0,0,115,12,12,11,"0,1,2,3,4,5,6,7,8,9,10,11",0.9800156950950623,-1.8865805864334106,2.0060393810272217,273,273
chr6:56098791:thoracic_aorta:0,FP,0,1,0,[CLS],0,0,80,12,12,11,"0,1,2,3,4,5,6,7,8,9,10,11",0.979994535446167,-1.9103312492370605,1.9812062978744507,285,285
chr10:116743138:tibial_artery:0,FP,0,1,0,[CLS],0,0,115,12,12,11,"0,1,2,3,4,5,6,7,8,9,10,11",0.9799672961235046,-1.8780239820480347,2.01212739944458,264,264
chr11:94603264:suprapubic_skin:0,FP,0,1,0,[CLS],0,0,101,12,12,11,"0,1,2,3,4,5,6,7,8,9,10,11",0.9799031615257263,-1.8640326261520386,2.022859811782837,250,250
chr7:95684106:tibial_artery:0,FP,0,1,0,[CLS],0,0,98,12,12,11,"0,1,2,3,4,5,6,7,8,9,10,11",0.9798333644866943,-1.8495084047317505,2.0338425636291504,274,274
chr1:239998087:body_of_pancreas:0,FP,0,1,0,[CLS],0,0,113,12,12,11,"0,1,2,3,4,5,6,7,8,9,10,11",0.9797921180725098,-1.8860994577407837,1.9951668977737427,240,240
chr2:93976841:tibial_artery:0,FP,0,1,0,[CLS],0,0,101,12,12,11,"0,1,2,3,4,5,6,7,8,9,10,11",0.9797741770744324,-1.9210487604141235,1.9593119621276855,273,273
chr2:93976841:transverse_colon:0,FP,0,1,0,[CLS],0,0,101,12,12,11,"0,1,2,3,4,5,6,7,8,9,10,11",0.9797046184539795,-1.9268531799316406,1.950006365776062,269,269
chr19:1037833:prostate_gland:0,FP,0,1,0,[CLS],0,0,110,12,12,11,"0,1,2,3,4,5,6,7,8,9,10,11",0.979686975479126,-1.8804404735565186,1.9955298900604248,215,215
chr10:116743138:sigmoid_colon:0,FP,0,1,0,[CLS],0,0,115,12,12,11,"0,1,2,3,4,5,6,7,8,9,10,11",0.979646623134613,-1.8648220300674438,2.009122848510742,269,269
chr11:70196316:testis:1,FP,0,1,0,[CLS],0,0,95,12,12,11,"0,1,2,3,4,5,6,7,8,9,10,11",0.9796360731124878,-1.8550746440887451,2.018341541290283,215,215
chr7:95684106:testis:1,FP,0,1,0,[CLS],0,0,98,12,12,11,"0,1,2,3,4,5,6,7,8,9,10,11",0.9795535802841187,-1.8530553579330444,2.016232490539551,256,256
chr8:45777416:tibial_artery:0,FP,0,1,0,[CLS],0,0,101,12,12,11,"0,1,2,3,4,5,6,7,8,9,10,11",0.9795247912406921,-1.807859182357788,2.0599942207336426,238,238
chr13:26699038:esophagus_muscularis_mucosa:0,TN,0,0,0,[CLS],0,0,106,12,12,11,"0,1,2,3,4,5,6,7,8,9,10,11",0.057169653475284576,1.4575591087341309,-1.345304012298584,229,229
chr13:26699038:esophagus_squamous_epithelium:0,TN,0,0,0,[CLS],0,0,107,12,12,11,"0,1,2,3,4,5,6,7,8,9,10,11",0.05771216005086899,1.4457049369812012,-1.3471378087997437,230,230
chr13:26699038:adrenal_gland:0,TN,0,0,0,[CLS],0,0,107,12,12,11,"0,1,2,3,4,5,6,7,8,9,10,11",0.05781148374080658,1.4533339738845825,-1.3376840353012085,212,212
chr1:50735751:prostate_gland:0,TN,0,0,0,[CLS],0,0,99,12,12,11,"0,1,2,3,4,5,6,7,8,9,10,11",0.05782115086913109,1.4588642120361328,-1.3319761753082275,237,237
chr13:26699038:thoracic_aorta:0,TN,0,0,0,[CLS],0,0,107,12,12,11,"0,1,2,3,4,5,6,7,8,9,10,11",0.05816079303622246,1.4421885013580322,-1.3424347639083862,231,231
chr13:26699038:spleen:1,TN,0,0,0,[CLS],0,0,108,12,12,11,"0,1,2,3,4,5,6,7,8,9,10,11",0.05822157487273216,1.4530510902404785,-1.3304628133773804,240,240
chr7:37833872:tibial_artery:1,TN,0,0,0,[CLS],0,0,101,12,12,11,"0,1,2,3,4,5,6,7,8,9,10,11",0.058648087084293365,1.4712562561035156,-1.3045059442520142,211,211
chr13:26699038:omental_fat_pad:0,TN,0,0,0,[CLS],0,0,110,12,12,11,"0,1,2,3,4,5,6,7,8,9,10,11",0.05865742266178131,1.4346474409103394,-1.3409456014633179,272,272
chr7:37833872:testis:0,TN,0,0,0,[CLS],0,0,102,12,12,11,"0,1,2,3,4,5,6,7,8,9,10,11",0.05898871272802353,1.4680283069610596,-1.3015806674957275,207,207
chr13:26699038:tibial_nerve:0,TN,0,0,0,[CLS],0,0,108,12,12,11,"0,1,2,3,4,5,6,7,8,9,10,11",0.05985216796398163,1.4500409364700317,-1.3041185140609741,250,250
chr13:26699038:sigmoid_colon:0,TN,0,0,0,[CLS],0,0,109,12,12,11,"0,1,2,3,4,5,6,7,8,9,10,11",0.06030166894197464,1.4334884881973267,-1.3127106428146362,288,288
chr13:26699038:testis:0,TN,0,0,0,[CLS],0,0,106,12,12,11,"0,1,2,3,4,5,6,7,8,9,10,11",0.06047329679131508,1.4118702411651611,-1.3313040733337402,225,225
chr7:37833872:body_of_pancreas:1,TN,0,0,0,[CLS],0,0,102,12,12,11,"0,1,2,3,4,5,6,7,8,9,10,11",0.06100049242377281,1.454232096672058,-1.2797009944915771,213,213
chr13:26699038:suprapubic_skin:0,TN,0,0,0,[CLS],0,0,109,12,12,11,"0,1,2,3,4,5,6,7,8,9,10,11",0.06118236482143402,1.420060157775879,-1.3107020854949951,266,266
chr7:37833872:gastrocnemius_medialis:0,TN,0,0,0,[CLS],0,0,102,12,12,11,"0,1,2,3,4,5,6,7,8,9,10,11",0.061202336102724075,1.4488455057144165,-1.2815691232681274,223,223
chr7:37833872:tibial_nerve:0,TN,0,0,0,[CLS],0,0,102,12,12,11,"0,1,2,3,4,5,6,7,8,9,10,11",0.06130215898156166,1.4520212411880493,-1.2766575813293457,221,221
chr7:37833872:prostate_gland:0,TN,0,0,0,[CLS],0,0,102,12,12,11,"0,1,2,3,4,5,6,7,8,9,10,11",0.06155729666352272,1.4503731727600098,-1.2738802433013916,226,226
chr9:65725488:body_of_pancreas:0,TN,0,0,0,[CLS],0,0,99,12,12,11,"0,1,2,3,4,5,6,7,8,9,10,11",0.061645183712244034,1.4913628101348877,-1.231370210647583,218,218
chr7:37833872:gastroesophageal_sphincter:0,TN,0,0,0,[CLS],0,0,103,12,12,11,"0,1,2,3,4,5,6,7,8,9,10,11",0.06167847663164139,1.445192575454712,-1.2769651412963867,217,217
chr13:26699038:body_of_pancreas:0,TN,0,0,0,[CLS],0,0,108,12,12,11,"0,1,2,3,4,5,6,7,8,9,10,11",0.061710480600595474,1.4333953857421875,-1.2882094383239746,260,260
chr21:38219433:sigmoid_colon:0,TN,0,0,0,[CLS],0,0,100,12,12,11,"0,1,2,3,4,5,6,7,8,9,10,11",0.06172287091612816,1.4280463457107544,-1.293344497680664,254,254
chr13:26699038:upper_lobe_of_left_lung:0,TN,0,0,0,[CLS],0,0,106,12,12,11,"0,1,2,3,4,5,6,7,8,9,10,11",0.061822254210710526,1.4071621894836426,-1.3125137090682983,208,208
chr19:24407978:upper_lobe_of_left_lung:0,TN,0,0,0,[CLS],0,0,105,12,12,11,"0,1,2,3,4,5,6,7,8,9,10,11",0.06184886768460274,1.4488863945007324,-1.2703310251235962,249,249
chr2:73464647:body_of_pancreas:0,TN,0,0,0,[CLS],0,0,102,12,12,11,"0,1,2,3,4,5,6,7,8,9,10,11",0.062047068029642105,1.4148383140563965,-1.3009681701660156,263,263
chr19:45478581:esophagus_squamous_epithelium:0,TN,0,0,0,[CLS],0,0,107,12,12,11,"0,1,2,3,4,5,6,7,8,9,10,11",0.06221679598093033,1.404699444770813,-1.3081945180892944,268,268
chr13:26699038:prostate_gland:1,TN,0,0,0,[CLS],0,0,108,12,12,11,"0,1,2,3,4,5,6,7,8,9,10,11",0.06229012459516525,1.4277452230453491,-1.2838925123214722,252,252
chr14:50950065:body_of_pancreas:0,TN,0,0,0,[CLS],0,0,102,12,12,11,"0,1,2,3,4,5,6,7,8,9,10,11",0.06235773116350174,1.4929172992706299,-1.2175636291503906,216,216
chr13:26699038:spleen:0,TN,0,0,0,[CLS],0,0,109,12,12,11,"0,1,2,3,4,5,6,7,8,9,10,11",0.062408752739429474,1.403462290763855,-1.3061463832855225,275,275
chr19:45478581:testis:1,TN,0,0,0,[CLS],0,0,107,12,12,11,"0,1,2,3,4,5,6,7,8,9,10,11",0.06254714727401733,1.4168859720230103,-1.2903597354888916,270,270
chr19:45478581:prostate_gland:1,TN,0,0,0,[CLS],0,0,106,12,12,11,"0,1,2,3,4,5,6,7,8,9,10,11",0.06276018172502518,1.4137097597122192,-1.289908766746521,274,274
chr21:8696395:esophagus_squamous_epithelium:0,TN,0,0,0,[CLS],0,0,101,12,12,11,"0,1,2,3,4,5,6,7,8,9,10,11",0.06286604702472687,1.410245418548584,-1.2915745973587036,288,288
chr13:26699038:Peyers_patch:0,TN,0,0,0,[CLS],0,0,108,12,12,11,"0,1,2,3,4,5,6,7,8,9,10,11",0.06288471072912216,1.396796703338623,-1.3047065734863281,277,277
chr7:37833872:transverse_colon:1,TN,0,0,0,[CLS],0,0,102,12,12,11,"0,1,2,3,4,5,6,7,8,9,10,11",0.06304733455181122,1.449184775352478,-1.24956214427948,246,246
chr19:16079890:esophagus_squamous_epithelium:0,TN,0,0,0,[CLS],0,0,97,12,12,11,"0,1,2,3,4,5,6,7,8,9,10,11",0.06308270990848541,1.442945122718811,-1.2552030086517334,216,216
chr1:50735751:thoracic_aorta:0,TN,0,0,0,[CLS],0,0,99,12,12,11,"0,1,2,3,4,5,6,7,8,9,10,11",0.06311242282390594,1.4049791097640991,-1.2926665544509888,240,240
chr9:73183930:esophagus_squamous_epithelium:0,TN,0,0,0,[CLS],0,0,98,12,12,11,"0,1,2,3,4,5,6,7,8,9,10,11",0.06315094977617264,1.4418387413024902,-1.2551556825637817,292,292
chr20:43725532:body_of_pancreas:0,TN,0,0,0,[CLS],0,0,100,12,12,11,"0,1,2,3,4,5,6,7,8,9,10,11",0.06317013502120972,1.4204254150390625,-1.2762446403503418,242,242
chr21:38219433:transverse_colon:0,TN,0,0,0,[CLS],0,0,98,12,12,11,"0,1,2,3,4,5,6,7,8,9,10,11",0.06335853040218353,1.4293791055679321,-1.2641117572784424,236,236
chr11:10541725:Peyers_patch:0,TN,0,0,0,[CLS],0,0,106,12,12,11,"0,1,2,3,4,5,6,7,8,9,10,11",0.06339284032583237,1.4335432052612305,-1.259369969367981,292,292
chr21:8696395:sigmoid_colon:0,TN,0,0,0,[CLS],0,0,101,12,12,11,"0,1,2,3,4,5,6,7,8,9,10,11",0.0634121224284172,1.4135148525238037,-1.2790735960006714,274,274
chr19:45478581:tibial_nerve:0,TN,0,0,0,[CLS],0,0,107,12,12,11,"0,1,2,3,4,5,6,7,8,9,10,11",0.0634184256196022,1.390555739402771,-1.3019264936447144,249,249
chr22:22587334:transverse_colon:0,TN,0,0,0,[CLS],0,0,98,12,12,11,"0,1,2,3,4,5,6,7,8,9,10,11",0.06343305110931396,1.3938853740692139,-1.29835045337677,255,255
chr4:185597969:sigmoid_colon:0,TN,0,0,0,[CLS],0,0,99,12,12,11,"0,1,2,3,4,5,6,7,8,9,10,11",0.06343447417020798,1.4356999397277832,-1.25651216506958,239,239
chr19:45478581:prostate_gland:0,TN,0,0,0,[CLS],0,0,107,12,12,11,"0,1,2,3,4,5,6,7,8,9,10,11",0.06347145885229111,1.3840880393981934,-1.3075015544891357,244,244
chr21:38219433:spleen:1,TN,0,0,0,[CLS],0,0,99,12,12,11,"0,1,2,3,4,5,6,7,8,9,10,11",0.06353676319122314,1.4209574460983276,-1.2695342302322388,233,233
chr7:100045121:transverse_colon:0,TN,0,0,0,[CLS],0,0,100,12,12,11,"0,1,2,3,4,5,6,7,8,9,10,11",0.06354767084121704,1.4120787382125854,-1.2782295942306519,255,255
chr15:101007391:transverse_colon:1,TN,0,0,0,[CLS],0,0,105,12,12,11,"0,1,2,3,4,5,6,7,8,9,10,11",0.06385497748851776,1.3874497413635254,-1.2977062463760376,274,274
chr19:45478581:tibial_artery:0,TN,0,0,0,[CLS],0,0,105,12,12,11,"0,1,2,3,4,5,6,7,8,9,10,11",0.06386863440275192,1.4178773164749146,-1.2670501470565796,273,273
chr19:45478581:thoracic_aorta:0,TN,0,0,0,[CLS],0,0,106,12,12,11,"0,1,2,3,4,5,6,7,8,9,10,11",0.06388640403747559,1.3824734687805176,-1.3021568059921265,252,252
chr13:26699038:testis:1,TN,0,0,0,[CLS],0,0,109,12,12,11,"0,1,2,3,4,5,6,7,8,9,10,11",0.0639086663722992,1.4161784648895264,-1.268079400062561,298,298
chr10:99530543:transverse_colon:0,TN,0,0,0,[CLS],0,0,111,12,12,11,"0,1,2,3,4,5,6,7,8,9,10,11",0.06394550949335098,1.3783444166183472,-1.3052978515625,270,270
chr19:45478581:transverse_colon:0,TN,0,0,0,[CLS],0,0,105,12,12,11,"0,1,2,3,4,5,6,7,8,9,10,11",0.06407427042722702,1.381482720375061,-1.3000105619430542,262,262
chr21:38219433:suprapubic_skin:0,TN,0,0,0,[CLS],0,0,100,12,12,11,"0,1,2,3,4,5,6,7,8,9,10,11",0.06407639384269714,1.4270060062408447,-1.2544517517089844,248,248
chr16:12804137:body_of_pancreas:0,TN,0,0,0,[CLS],0,0,105,12,12,11,"0,1,2,3,4,5,6,7,8,9,10,11",0.06409662216901779,1.4548189640045166,-1.226301670074463,257,257
chr2:11747308:body_of_pancreas:0,TN,0,0,0,[CLS],0,0,111,12,12,11,"0,1,2,3,4,5,6,7,8,9,10,11",0.06415724009275436,1.4263521432876587,-1.2537583112716675,302,302
chr6:31863381:adrenal_gland:0,TN,0,0,0,[CLS],0,0,94,12,12,11,"0,1,2,3,4,5,6,7,8,9,10,11",0.06428985297679901,1.442086100578308,-1.235817790031433,302,302
chr4:185597969:thoracic_aorta:0,TN,0,0,0,[CLS],0,0,99,12,12,11,"0,1,2,3,4,5,6,7,8,9,10,11",0.06436268240213394,1.4162697792053223,-1.2604241371154785,231,231
chr19:45478581:tibial_artery:1,TN,0,0,0,[CLS],0,0,107,12,12,11,"0,1,2,3,4,5,6,7,8,9,10,11",0.06449129432439804,1.387630581855774,-1.2869296073913574,253,253
chr21:38219433:esophagus_squamous_epithelium:0,TN,0,0,0,[CLS],0,0,101,12,12,11,"0,1,2,3,4,5,6,7,8,9,10,11",0.06450194865465164,1.4306164979934692,-1.2437671422958374,261,261
chr16:56600410:spleen:0,TN,0,0,0,[CLS],0,0,103,12,12,11,"0,1,2,3,4,5,6,7,8,9,10,11",0.06469900161027908,1.385636329650879,-1.2854862213134766,206,206
chr2:72860135:gastrocnemius_medialis:0,TN,0,0,0,[CLS],0,0,95,12,12,11,"0,1,2,3,4,5,6,7,8,9,10,11",0.0647096186876297,1.4206604957580566,-1.2502864599227905,243,243
chr21:38219433:upper_lobe_of_left_lung:0,TN,0,0,0,[CLS],0,0,100,12,12,11,"0,1,2,3,4,5,6,7,8,9,10,11",0.06479516625404358,1.4130594730377197,-1.2564753293991089,267,267
chr1:120942757:body_of_pancreas:0,TN,0,0,0,[CLS],0,0,105,12,12,11,"0,1,2,3,4,5,6,7,8,9,10,11",0.0647997036576271,1.3851816654205322,-1.2842779159545898,234,234
chr21:38219433:thoracic_aorta:1,TN,0,0,0,[CLS],0,0,99,12,12,11,"0,1,2,3,4,5,6,7,8,9,10,11",0.06495886296033859,1.4019925594329834,-1.2648435831069946,228,228
chr4:185597969:spleen:0,TN,0,0,0,[CLS],0,0,100,12,12,11,"0,1,2,3,4,5,6,7,8,9,10,11",0.06496593356132507,1.4169529676437378,-1.2497669458389282,226,226
chr19:45478581:esophagus_muscularis_mucosa:0,TN,0,0,0,[CLS],0,0,106,12,12,11,"0,1,2,3,4,5,6,7,8,9,10,11",0.06498181074857712,1.4079301357269287,-1.2585283517837524,283,283
chr3:132536439:tibial_artery:0,TN,0,0,0,[CLS],0,0,107,12,12,11,"0,1,2,3,4,5,6,7,8,9,10,11",0.06499721854925156,1.3920881748199463,-1.2741167545318604,297,297
chr1:161389037:body_of_pancreas:0,TN,0,0,0,[CLS],0,0,102,12,12,11,"0,1,2,3,4,5,6,7,8,9,10,11",0.0650123655796051,1.374537706375122,-1.2914180755615234,233,233
chr7:37833872:body_of_pancreas:0,TN,0,0,0,[CLS],0,0,101,12,12,11,"0,1,2,3,4,5,6,7,8,9,10,11",0.06506730616092682,1.4225584268569946,-1.2424941062927246,252,252
chr15:101007391:sigmoid_colon:0,TN,0,0,0,[CLS],0,0,105,12,12,11,"0,1,2,3,4,5,6,7,8,9,10,11",0.06517019867897034,1.3785507678985596,-1.2848111391067505,277,277
chr10:13778308:Peyers_patch:0,TN,0,0,0,[CLS],0,0,95,12,12,11,"0,1,2,3,4,5,6,7,8,9,10,11",0.06520065665245056,1.4133472442626953,-1.249515175819397,275,275
chr19:45478581:sigmoid_colon:0,TN,0,0,0,[CLS],0,0,105,12,12,11,"0,1,2,3,4,5,6,7,8,9,10,11",0.06521596014499664,1.3749455213546753,-1.2876657247543335,257,257
chr12:69388263:tibial_artery:0,TN,0,0,0,[CLS],0,0,102,12,12,11,"0,1,2,3,4,5,6,7,8,9,10,11",0.06527332216501236,1.4186824560165405,-1.242988109588623,212,212
chr3:45041213:thoracic_aorta:0,TN,0,0,0,[CLS],0,0,94,12,12,11,"0,1,2,3,4,5,6,7,8,9,10,11",0.06528601795434952,1.4016414880752563,-1.2598210573196411,253,253
chr9:137525662:body_of_pancreas:0,TN,0,0,0,[CLS],0,0,110,12,12,11,"0,1,2,3,4,5,6,7,8,9,10,11",0.06531695276498795,1.3793381452560425,-1.2816177606582642,243,243
chr6:13575449:esophagus_squamous_epithelium:0,TN,0,0,0,[CLS],0,0,103,12,12,11,"0,1,2,3,4,5,6,7,8,9,10,11",0.06533566862344742,1.4646556377410889,-1.1959935426712036,206,206
chr2:111025075:transverse_colon:0,TN,0,0,0,[CLS],0,0,100,12,12,11,"0,1,2,3,4,5,6,7,8,9,10,11",0.0654153898358345,1.4317482709884644,-1.2275962829589844,280,280
chr21:10774982:stomach:0,TN,0,0,0,[CLS],0,0,99,12,12,11,"0,1,2,3,4,5,6,7,8,9,10,11",0.06541696190834045,1.4624745845794678,-1.196844220161438,236,236
chr19:45478581:upper_lobe_of_left_lung:0,TN,0,0,0,[CLS],0,0,107,12,12,11,"0,1,2,3,4,5,6,7,8,9,10,11",0.06546575576066971,1.3871088027954102,-1.2714121341705322,210,210
chr20:5101101:tibial_artery:0,TN,0,0,0,[CLS],0,0,99,12,12,11,"0,1,2,3,4,5,6,7,8,9,10,11",0.06550239771604538,1.3681001663208008,-1.2898222208023071,225,225
chr19:19516500:thoracic_aorta:0,TN,0,0,0,[CLS],0,0,114,12,12,11,"0,1,2,3,4,5,6,7,8,9,10,11",0.06550722569227219,1.3792866468429565,-1.2785567045211792,300,300
chr7:37833872:spleen:0,TN,0,0,0,[CLS],0,0,102,12,12,11,"0,1,2,3,4,5,6,7,8,9,10,11",0.06554798781871796,1.4339640140533447,-1.2232136726379395,235,235
chr14:69193278:body_of_pancreas:0,TN,0,0,0,[CLS],0,0,89,12,12,11,"0,1,2,3,4,5,6,7,8,9,10,11",0.06555724143981934,1.43766188621521,-1.219364881515503,226,226
chr11:10541725:spleen:0,TN,0,0,0,[CLS],0,0,106,12,12,11,"0,1,2,3,4,5,6,7,8,9,10,11",0.0655641108751297,1.4144954681396484,-1.2424190044403076,295,295
chr2:72860135:transverse_colon:0,TN,0,0,0,[CLS],0,0,96,12,12,11,"0,1,2,3,4,5,6,7,8,9,10,11",0.06559696048498154,1.4121568202972412,-1.2442216873168945,240,240
chr6:149865387:sigmoid_colon:0,TN,0,0,0,[CLS],0,0,105,12,12,11,"0,1,2,3,4,5,6,7,8,9,10,11",0.06568515300750732,1.403350830078125,-1.2515898942947388,293,293
chr6:149865387:upper_lobe_of_left_lung:0,TN,0,0,0,[CLS],0,0,104,12,12,11,"0,1,2,3,4,5,6,7,8,9,10,11",0.06571266800165176,1.3967739343643188,-1.257718563079834,271,271
chr10:13778308:suprapubic_skin:0,TN,0,0,0,[CLS],0,0,99,12,12,11,"0,1,2,3,4,5,6,7,8,9,10,11",0.06572487950325012,1.4126694202423096,-1.2416239976882935,234,234
chr12:131132763:thoracic_aorta:1,TN,0,0,0,[CLS],0,0,111,12,12,11,"0,1,2,3,4,5,6,7,8,9,10,11",0.06575445830821991,1.4060509204864502,-1.2477611303329468,208,208
chr3:56557479:body_of_pancreas:0,TN,0,0,0,[CLS],0,0,107,12,12,11,"0,1,2,3,4,5,6,7,8,9,10,11",0.0657729059457779,1.4036450386047363,-1.2498666048049927,306,306
chr11:113896256:adrenal_gland:0,TN,0,0,0,[CLS],0,0,101,12,12,11,"0,1,2,3,4,5,6,7,8,9,10,11",0.06578556448221207,1.427571415901184,-1.225733995437622,267,267
chr13:29369262:thoracic_aorta:1,TN,0,0,0,[CLS],0,0,105,12,12,11,"0,1,2,3,4,5,6,7,8,9,10,11",0.06579703837633133,1.3736627101898193,-1.2794561386108398,219,219
chr6:155098262:body_of_pancreas:0,TN,0,0,0,[CLS],0,0,103,12,12,11,"0,1,2,3,4,5,6,7,8,9,10,11",0.06582566350698471,1.4237937927246094,-1.228859543800354,267,267
chr21:38219433:testis:1,TN,0,0,0,[CLS],0,0,99,12,12,11,"0,1,2,3,4,5,6,7,8,9,10,11",0.06583709269762039,1.414018154144287,-1.2384493350982666,244,244
chr11:10541725:tibial_nerve:0,TN,0,0,0,[CLS],0,0,106,12,12,11,"0,1,2,3,4,5,6,7,8,9,10,11",0.06585504114627838,1.423412799835205,-1.2287628650665283,297,297
chr21:38219433:thoracic_aorta:0,TN,0,0,0,[CLS],0,0,101,12,12,11,"0,1,2,3,4,5,6,7,8,9,10,11",0.0658743754029274,1.3984302282333374,-1.2534312009811401,291,291
chr7:4479695:thoracic_aorta:0,TN,0,0,0,[CLS],0,0,107,12,12,11,"0,1,2,3,4,5,6,7,8,9,10,11",0.0659039095044136,1.3793796300888062,-1.2720019817352295,219,219
chr20:49217543:adrenal_gland:0,TN,0,0,0,[CLS],0,0,101,12,12,11,"0,1,2,3,4,5,6,7,8,9,10,11",0.06591594219207764,1.4186043739318848,-1.2325817346572876,306,306
chr4:167623083:transverse_colon:1,TN,0,0,0,[CLS],0,0,105,12,12,11,"0,1,2,3,4,5,6,7,8,9,10,11",0.06596779823303223,1.4093958139419556,-1.2409483194351196,209,209
chr4:184250991:testis:0,TN,0,0,0,[CLS],0,0,99,12,12,11,"0,1,2,3,4,5,6,7,8,9,10,11",0.06605768948793411,1.4290508031845093,-1.2198355197906494,217,217
chr3:140893780:body_of_pancreas:0,FN,1,0,0,[CLS],0,0,105,12,12,11,"0,1,2,3,4,5,6,7,8,9,10,11",0.06781978905200958,1.412440538406372,-1.2082316875457764,227,227
chr14:59576853:body_of_pancreas:0,FN,1,0,0,[CLS],0,0,108,12,12,11,"0,1,2,3,4,5,6,7,8,9,10,11",0.06851860135793686,1.391329288482666,-1.218341588973999,260,260
chr10:96587499:upper_lobe_of_left_lung:0,FN,1,0,0,[CLS],0,0,105,12,12,11,"0,1,2,3,4,5,6,7,8,9,10,11",0.06897733360528946,1.3787288665771484,-1.2237768173217773,294,294
chr20:5101101:thoracic_aorta:1,FN,1,0,0,[CLS],0,0,102,12,12,11,"0,1,2,3,4,5,6,7,8,9,10,11",0.06958850473165512,1.3435088396072388,-1.2495187520980835,292,292
chr14:59576853:adrenal_gland:0,FN,1,0,0,[CLS],0,0,107,12,12,11,"0,1,2,3,4,5,6,7,8,9,10,11",0.07115662097930908,1.3701220750808716,-1.1989346742630005,229,229
chr4:184250991:body_of_pancreas:1,FN,1,0,0,[CLS],0,0,98,12,12,11,"0,1,2,3,4,5,6,7,8,9,10,11",0.07203841209411621,1.3600635528564453,-1.1957273483276367,229,229
chr6:29685935:adrenal_gland:0,FN,1,0,0,[CLS],0,0,104,12,12,11,"0,1,2,3,4,5,6,7,8,9,10,11",0.07255923748016357,1.3633493185043335,-1.1846762895584106,212,212
chr20:38750985:body_of_pancreas:0,FN,1,0,0,[CLS],0,0,99,12,12,11,"0,1,2,3,4,5,6,7,8,9,10,11",0.07319121062755585,1.383331537246704,-1.155340552330017,265,265
chr4:2009245:gastroesophageal_sphincter:0,FN,1,0,0,[CLS],0,0,119,12,12,11,"0,1,2,3,4,5,6,7,8,9,10,11",0.07323861122131348,1.396521806716919,-1.1414515972137451,305,305
chr15:101961516:body_of_pancreas:0,FN,1,0,0,[CLS],0,0,108,12,12,11,"0,1,2,3,4,5,6,7,8,9,10,11",0.07324058562517166,1.3807668685913086,-1.1571773290634155,280,280
chr5:87013181:body_of_pancreas:0,FN,1,0,0,[CLS],0,0,94,12,12,11,"0,1,2,3,4,5,6,7,8,9,10,11",0.07332993298768997,1.4065998792648315,-1.1300287246704102,223,223
chr10:87408408:transverse_colon:0,FN,1,0,0,[CLS],0,0,102,12,12,11,"0,1,2,3,4,5,6,7,8,9,10,11",0.0734262689948082,1.3515015840530396,-1.1837102174758911,227,227
chr19:49327988:transverse_colon:1,FN,1,0,0,[CLS],0,0,106,12,12,11,"0,1,2,3,4,5,6,7,8,9,10,11",0.07348886132240295,1.3913843631744385,-1.142907977104187,302,302
chr11:34359707:body_of_pancreas:0,FN,1,0,0,[CLS],0,0,101,12,12,11,"0,1,2,3,4,5,6,7,8,9,10,11",0.0735178291797638,1.3397762775421143,-1.194090485572815,243,243
chr16:1773442:body_of_pancreas:0,FN,1,0,0,[CLS],0,0,111,12,12,11,"0,1,2,3,4,5,6,7,8,9,10,11",0.07404626905918121,1.3808674812316895,-1.1452666521072388,217,217
chr8:88328808:esophagus_muscularis_mucosa:0,FN,1,0,0,[CLS],0,0,104,12,12,11,"0,1,2,3,4,5,6,7,8,9,10,11",0.07414932548999786,1.3402166366577148,-1.1844154596328735,264,264
chr6:29685935:gastroesophageal_sphincter:0,FN,1,0,0,[CLS],0,0,104,12,12,11,"0,1,2,3,4,5,6,7,8,9,10,11",0.07415787875652313,1.3315463066101074,-1.1929609775543213,235,235
chr6:33711818:body_of_pancreas:0,FN,1,0,0,[CLS],0,0,113,12,12,11,"0,1,2,3,4,5,6,7,8,9,10,11",0.07454482465982437,1.3261058330535889,-1.1927794218063354,251,251
chr11:124233638:body_of_pancreas:0,FN,1,0,0,[CLS],0,0,100,12,12,11,"0,1,2,3,4,5,6,7,8,9,10,11",0.0746908187866211,1.3664745092391968,-1.1502964496612549,273,273
chr11:34359707:thoracic_aorta:1,FN,1,0,0,[CLS],0,0,100,12,12,11,"0,1,2,3,4,5,6,7,8,9,10,11",0.0747205838561058,1.3273096084594727,-1.1890305280685425,233,233
chr4:119454596:body_of_pancreas:0,FN,1,0,0,[CLS],0,0,109,12,12,11,"0,1,2,3,4,5,6,7,8,9,10,11",0.07483486831188202,1.3922028541564941,-1.1224853992462158,279,279
chr11:18145218:thoracic_aorta:0,FN,1,0,0,[CLS],0,0,104,12,12,11,"0,1,2,3,4,5,6,7,8,9,10,11",0.0749894380569458,1.3393226861953735,-1.1731350421905518,271,271
chr6:29685935:thoracic_aorta:0,FN,1,0,0,[CLS],0,0,104,12,12,11,"0,1,2,3,4,5,6,7,8,9,10,11",0.0750022679567337,1.330535650253296,-1.1817373037338257,224,224
chr4:114071208:tibial_artery:0,FN,1,0,0,[CLS],0,0,97,12,12,11,"0,1,2,3,4,5,6,7,8,9,10,11",0.07526981830596924,1.3429433107376099,-1.1654796600341797,281,281
chr3:172341837:suprapubic_skin:0,FN,1,0,0,[CLS],0,0,105,12,12,11,"0,1,2,3,4,5,6,7,8,9,10,11",0.0755150318145752,1.3201462030410767,-1.1847587823867798,216,216
chr5:127014546:transverse_colon:0,FN,1,0,0,[CLS],0,0,103,12,12,11,"0,1,2,3,4,5,6,7,8,9,10,11",0.07568425685167313,1.3273515701293945,-1.1751320362091064,267,267
chr4:114071208:body_of_pancreas:0,FN,1,0,0,[CLS],0,0,97,12,12,11,"0,1,2,3,4,5,6,7,8,9,10,11",0.07573480159044266,1.38002347946167,-1.1217377185821533,275,275
chr11:34359707:transverse_colon:0,FN,1,0,0,[CLS],0,0,101,12,12,11,"0,1,2,3,4,5,6,7,8,9,10,11",0.07585564255714417,1.3278955221176147,-1.1721408367156982,262,262
chr4:2009245:testis:0,FN,1,0,0,[CLS],0,0,120,12,12,11,"0,1,2,3,4,5,6,7,8,9,10,11",0.07618197053670883,1.3790322542190552,-1.1163582801818848,297,297
chr9:89310799:thoracic_aorta:0,FN,1,0,0,[CLS],0,0,112,12,12,11,"0,1,2,3,4,5,6,7,8,9,10,11",0.0764445960521698,1.3304994106292725,-1.1611652374267578,212,212
chr4:2009245:thoracic_aorta:0,FN,1,0,0,[CLS],0,0,119,12,12,11,"0,1,2,3,4,5,6,7,8,9,10,11",0.07650193572044373,1.3804186582565308,-1.1104339361190796,306,306
chr4:2009245:transverse_colon:0,FN,1,0,0,[CLS],0,0,120,12,12,11,"0,1,2,3,4,5,6,7,8,9,10,11",0.0768076628446579,1.3726197481155396,-1.1139134168624878,255,255
chr4:114071208:esophagus_squamous_epithelium:0,FN,1,0,0,[CLS],0,0,96,12,12,11,"0,1,2,3,4,5,6,7,8,9,10,11",0.07682055234909058,1.3228158950805664,-1.163535475730896,250,250
chr4:114071208:thoracic_aorta:1,FN,1,0,0,[CLS],0,0,98,12,12,11,"0,1,2,3,4,5,6,7,8,9,10,11",0.07701769471168518,1.3527092933654785,-1.1308655738830566,268,268
chr4:2009245:tibial_nerve:0,FN,1,0,0,[CLS],0,0,120,12,12,11,"0,1,2,3,4,5,6,7,8,9,10,11",0.07711496949195862,1.3737536668777466,-1.1084537506103516,304,304
chr5:174419583:prostate_gland:1,FN,1,0,0,[CLS],0,0,108,12,12,11,"0,1,2,3,4,5,6,7,8,9,10,11",0.07723681628704071,1.3136885166168213,-1.166808009147644,290,290
chr4:2009245:tibial_artery:0,FN,1,0,0,[CLS],0,0,120,12,12,11,"0,1,2,3,4,5,6,7,8,9,10,11",0.07738644629716873,1.3539271354675293,-1.1244715452194214,253,253
chr4:2009245:suprapubic_skin:0,FN,1,0,0,[CLS],0,0,119,12,12,11,"0,1,2,3,4,5,6,7,8,9,10,11",0.07748082280158997,1.3776847124099731,-1.0993930101394653,301,301
chr4:2009245:esophagus_squamous_epithelium:0,FN,1,0,0,[CLS],0,0,119,12,12,11,"0,1,2,3,4,5,6,7,8,9,10,11",0.07778085768222809,1.3545514345169067,-1.1183360815048218,242,242
chr4:2009245:thoracic_aorta:1,FN,1,0,0,[CLS],0,0,119,12,12,11,"0,1,2,3,4,5,6,7,8,9,10,11",0.07831773161888123,1.3626482486724854,-1.1027783155441284,256,256
chr6:148972819:transverse_colon:0,FN,1,0,0,[CLS],0,0,110,12,12,11,"0,1,2,3,4,5,6,7,8,9,10,11",0.07852966338396072,1.3434501886367798,-1.1190439462661743,253,253
chr3:194594941:gastrocnemius_medialis:0,FN,1,0,0,[CLS],0,0,102,12,12,11,"0,1,2,3,4,5,6,7,8,9,10,11",0.07870068401098251,1.3163764476776123,-1.143756628036499,258,258
chr6:33711818:thoracic_aorta:1,FN,1,0,0,[CLS],0,0,112,12,12,11,"0,1,2,3,4,5,6,7,8,9,10,11",0.0787741169333458,1.3168654441833496,-1.142255425453186,281,281
chr7:130492569:upper_lobe_of_left_lung:0,FN,1,0,0,[CLS],0,0,112,12,12,11,"0,1,2,3,4,5,6,7,8,9,10,11",0.07879647612571716,1.3460747003555298,-1.112738013267517,269,269
chr1:121734852:Peyers_patch:0,FN,1,0,0,[CLS],0,0,105,12,12,11,"0,1,2,3,4,5,6,7,8,9,10,11",0.07898025214672089,1.3188786506652832,-1.1374047994613647,281,281
chr6:33711818:upper_lobe_of_left_lung:0,FN,1,0,0,[CLS],0,0,113,12,12,11,"0,1,2,3,4,5,6,7,8,9,10,11",0.0792355015873909,1.3244163990020752,-1.1283633708953857,276,276
chr2:38888567:body_of_pancreas:0,FN,1,0,0,[CLS],0,0,95,12,12,11,"0,1,2,3,4,5,6,7,8,9,10,11",0.07939007878303528,1.3370115756988525,-1.1136515140533447,244,244
chr14:75088932:adrenal_gland:0,FN,1,0,0,[CLS],0,0,106,12,12,11,"0,1,2,3,4,5,6,7,8,9,10,11",0.07952266931533813,1.302711009979248,-1.1461390256881714,214,214
chr20:54130064:sigmoid_colon:0,FN,1,0,0,[CLS],0,0,105,12,12,11,"0,1,2,3,4,5,6,7,8,9,10,11",0.07954681664705276,1.3185604810714722,-1.1299599409103394,239,239
chr4:2009245:prostate_gland:0,FN,1,0,0,[CLS],0,0,119,12,12,11,"0,1,2,3,4,5,6,7,8,9,10,11",0.07959462702274323,1.3511255979537964,-1.096742033958435,227,227
chr5:127014598:transverse_colon:0,FN,1,0,0,[CLS],0,0,103,12,12,11,"0,1,2,3,4,5,6,7,8,9,10,11",0.07979819923639297,1.2837028503417969,-1.1613891124725342,271,271
chr17:66301710:thoracic_aorta:0,FN,1,0,0,[CLS],0,0,108,12,12,11,"0,1,2,3,4,5,6,7,8,9,10,11",0.0799066573381424,1.358400821685791,-1.0852152109146118,289,289
chr4:114071208:adrenal_gland:0,FN,1,0,0,[CLS],0,0,98,12,12,11,"0,1,2,3,4,5,6,7,8,9,10,11",0.08012332767248154,1.331228256225586,-1.109444260597229,282,282
chr4:114071208:transverse_colon:1,FN,1,0,0,[CLS],0,0,96,12,12,11,"0,1,2,3,4,5,6,7,8,9,10,11",0.08015494048595428,1.325832486152649,-1.1144112348556519,255,255
chr4:2009245:adrenal_gland:0,FN,1,0,0,[CLS],0,0,119,12,12,11,"0,1,2,3,4,5,6,7,8,9,10,11",0.08018338680267334,1.3504990339279175,-1.089358925819397,209,209
chr8:11091064:esophagus_squamous_epithelium:0,FN,1,0,0,[CLS],0,0,102,12,12,11,"0,1,2,3,4,5,6,7,8,9,10,11",0.08048226684331894,1.30171537399292,-1.1340970993041992,247,247
chr11:57712375:tibial_nerve:0,FN,1,0,0,[CLS],0,0,109,12,12,11,"0,1,2,3,4,5,6,7,8,9,10,11",0.08051859587430954,1.2910597324371338,-1.1442618370056152,211,211
chr10:106175959:prostate_gland:0,FN,1,0,0,[CLS],0,0,100,12,12,11,"0,1,2,3,4,5,6,7,8,9,10,11",0.08062190562486649,1.2774312496185303,-1.1564956903457642,270,270
chr6:31197234:tibial_nerve:0,FN,1,0,0,[CLS],0,0,102,12,12,11,"0,1,2,3,4,5,6,7,8,9,10,11",0.08067332953214645,1.3002032041549683,-1.1330302953720093,245,245
chr20:30367911:transverse_colon:0,FN,1,0,0,[CLS],0,0,102,12,12,11,"0,1,2,3,4,5,6,7,8,9,10,11",0.08075560629367828,1.3048880100250244,-1.1272366046905518,284,284
chr4:2009245:body_of_pancreas:0,FN,1,0,0,[CLS],0,0,119,12,12,11,"0,1,2,3,4,5,6,7,8,9,10,11",0.08075826615095139,1.3474066257476807,-1.0846822261810303,263,263
chr2:69915052:esophagus_muscularis_mucosa:0,FN,1,0,0,[CLS],0,0,112,12,12,11,"0,1,2,3,4,5,6,7,8,9,10,11",0.08087842166423798,1.3220261335372925,-1.108445405960083,267,267
chr8:8180394:esophagus_muscularis_mucosa:0,FN,1,0,0,[CLS],0,0,106,12,12,11,"0,1,2,3,4,5,6,7,8,9,10,11",0.08105501532554626,1.227722406387329,-1.2003759145736694,242,242
chr4:2009245:spleen:0,FN,1,0,0,[CLS],0,0,119,12,12,11,"0,1,2,3,4,5,6,7,8,9,10,11",0.08110617101192474,1.337865948677063,-1.089545488357544,262,262
chr4:2009245:sigmoid_colon:0,FN,1,0,0,[CLS],0,0,118,12,12,11,"0,1,2,3,4,5,6,7,8,9,10,11",0.08156146854162216,1.3439104557037354,-1.077407717704773,210,210
chr2:69915052:transverse_colon:0,FN,1,0,0,[CLS],0,0,112,12,12,11,"0,1,2,3,4,5,6,7,8,9,10,11",0.08157002925872803,1.3143863677978516,-1.1068174839019775,259,259
chr17:879808:esophagus_muscularis_mucosa:0,FN,1,0,0,[CLS],0,0,103,12,12,11,"0,1,2,3,4,5,6,7,8,9,10,11",0.08160635083913803,1.296987771987915,-1.123731255531311,284,284
chr3:187742118:body_of_pancreas:0,FN,1,0,0,[CLS],0,0,104,12,12,11,"0,1,2,3,4,5,6,7,8,9,10,11",0.08173831552267075,1.258978247642517,-1.1599812507629395,278,278
chr17:61729146:sigmoid_colon:0,FN,1,0,0,[CLS],0,0,96,12,12,11,"0,1,2,3,4,5,6,7,8,9,10,11",0.08196502178907394,1.2751517295837402,-1.1407911777496338,234,234
chr20:53943964:upper_lobe_of_left_lung:0,FN,1,0,0,[CLS],0,0,100,12,12,11,"0,1,2,3,4,5,6,7,8,9,10,11",0.0819934606552124,1.2502074241638184,-1.1653574705123901,287,287
chr3:195994592:Peyers_patch:0,FN,1,0,0,[CLS],0,0,111,12,12,11,"0,1,2,3,4,5,6,7,8,9,10,11",0.08208348602056503,1.2145321369171143,-1.199837565422058,236,236
chr7:130252020:body_of_pancreas:0,FN,1,0,0,[CLS],0,0,105,12,12,11,"0,1,2,3,4,5,6,7,8,9,10,11",0.08222441375255585,1.3288958072662354,-1.0836048126220703,268,268
chr1:209827702:esophagus_muscularis_mucosa:0,FN,1,0,0,[CLS],0,0,107,12,12,11,"0,1,2,3,4,5,6,7,8,9,10,11",0.08238537609577179,1.3189599514007568,-1.091409683227539,230,230
chr4:2009245:gastrocnemius_medialis:0,FN,1,0,0,[CLS],0,0,119,12,12,11,"0,1,2,3,4,5,6,7,8,9,10,11",0.08252875506877899,1.3555805683135986,-1.0528937578201294,292,292
chr13:99926117:body_of_pancreas:0,FN,1,0,0,[CLS],0,0,109,12,12,11,"0,1,2,3,4,5,6,7,8,9,10,11",0.08257859200239182,1.3055258989334106,-1.1022906303405762,215,215
chr20:53943966:upper_lobe_of_left_lung:0,FN,1,0,0,[CLS],0,0,101,12,12,11,"0,1,2,3,4,5,6,7,8,9,10,11",0.08264052867889404,1.2836835384368896,-1.123315453529358,221,221
chr19:17420019:upper_lobe_of_left_lung:0,FN,1,0,0,[CLS],0,0,116,12,12,11,"0,1,2,3,4,5,6,7,8,9,10,11",0.08303801715373993,1.3071805238723755,-1.094586968421936,221,221
chr8:28633900:adrenal_gland:0,FN,1,0,0,[CLS],0,0,107,12,12,11,"0,1,2,3,4,5,6,7,8,9,10,11",0.08317909389734268,1.3016031980514526,-1.0983130931854248,267,267
chr4:38856860:prostate_gland:0,FN,1,0,0,[CLS],0,0,103,12,12,11,"0,1,2,3,4,5,6,7,8,9,10,11",0.08330320566892624,1.298188328742981,-1.1001014709472656,229,229
chr2:8220328:sigmoid_colon:0,FN,1,0,0,[CLS],0,0,106,12,12,11,"0,1,2,3,4,5,6,7,8,9,10,11",0.08337967842817307,1.3148646354675293,-1.0824240446090698,270,270
chr2:69915052:upper_lobe_of_left_lung:0,FN,1,0,0,[CLS],0,0,112,12,12,11,"0,1,2,3,4,5,6,7,8,9,10,11",0.08344261348247528,1.2841264009475708,-1.1123391389846802,276,276
chr8:11958987:adrenal_gland:0,FN,1,0,0,[CLS],0,0,103,12,12,11,"0,1,2,3,4,5,6,7,8,9,10,11",0.0837225541472435,1.304294466972351,-1.0885162353515625,235,235
chr4:114071208:gastroesophageal_sphincter:0,FN,1,0,0,[CLS],0,0,98,12,12,11,"0,1,2,3,4,5,6,7,8,9,10,11",0.08395318686962128,1.3209445476531982,-1.0688635110855103,290,290
chr4:57612418:transverse_colon:0,FN,1,0,0,[CLS],0,0,102,12,12,11,"0,1,2,3,4,5,6,7,8,9,10,11",0.0840378925204277,1.2728272676467896,-1.115879774093628,258,258
chr11:128777261:gastroesophageal_sphincter:0,FN,1,0,0,[CLS],0,0,102,12,12,11,"0,1,2,3,4,5,6,7,8,9,10,11",0.08450379967689514,1.2278969287872314,-1.1547727584838867,246,246
chr1:18575762:testis:0,FN,1,0,0,[CLS],0,0,99,12,12,11,"0,1,2,3,4,5,6,7,8,9,10,11",0.08462434262037277,1.297789216041565,-1.0833234786987305,303,303
chr4:174632324:body_of_pancreas:0,FN,1,0,0,[CLS],0,0,104,12,12,11,"0,1,2,3,4,5,6,7,8,9,10,11",0.08477354049682617,1.3054786920547485,-1.07370924949646,278,278
chr1:18575762:prostate_gland:0,FN,1,0,0,[CLS],0,0,101,12,12,11,"0,1,2,3,4,5,6,7,8,9,10,11",0.08487526327371597,1.2938663959503174,-1.084011197090149,239,239
chr17:879808:thoracic_aorta:1,FN,1,0,0,[CLS],0,0,103,12,12,11,"0,1,2,3,4,5,6,7,8,9,10,11",0.0850244015455246,1.276611328125,-1.0993478298187256,282,282
chr8:15378390:gastroesophageal_sphincter:0,FN,1,0,0,[CLS],0,0,97,12,12,11,"0,1,2,3,4,5,6,7,8,9,10,11",0.08513220399618149,1.2406179904937744,-1.1339563131332397,277,277
chr1:48109545:transverse_colon:0,FN,1,0,0,[CLS],0,0,101,12,12,11,"0,1,2,3,4,5,6,7,8,9,10,11",0.0852617546916008,1.275413990020752,-1.0974980592727661,225,225
chr13:40867868:body_of_pancreas:0,FN,1,0,0,[CLS],0,0,109,12,12,11,"0,1,2,3,4,5,6,7,8,9,10,11",0.085336834192276,1.2805113792419434,-1.0914384126663208,208,208
chr6:31197234:transverse_colon:1,FN,1,0,0,[CLS],0,0,102,12,12,11,"0,1,2,3,4,5,6,7,8,9,10,11",0.08535747230052948,1.2569870948791504,-1.1146981716156006,235,235
chr2:69915052:body_of_pancreas:0,FN,1,0,0,[CLS],0,0,112,12,12,11,"0,1,2,3,4,5,6,7,8,9,10,11",0.08541294187307358,1.2733845710754395,-1.0975905656814575,279,279
chr1:182084728:Peyers_patch:0,FN,1,0,0,[CLS],0,0,101,12,12,11,"0,1,2,3,4,5,6,7,8,9,10,11",0.0854140967130661,1.2723698616027832,-1.09859037399292,248,248
chr3:66138807:esophagus_muscularis_mucosa:0,FN,1,0,0,[CLS],0,0,103,12,12,11,"0,1,2,3,4,5,6,7,8,9,10,11",0.08542221039533615,1.242205262184143,-1.1286510229110718,236,236
chr7:47692117:thoracic_aorta:1,FN,1,0,0,[CLS],0,0,102,12,12,11,"0,1,2,3,4,5,6,7,8,9,10,11",0.08542728424072266,1.2909754514694214,-1.0798159837722778,272,272
chr19:57819643:gastroesophageal_sphincter:0,FN,1,0,0,[CLS],0,0,110,12,12,11,"0,1,2,3,4,5,6,7,8,9,10,11",0.08544882386922836,1.2957298755645752,-1.074785828590393,215,215
chr1:18575762:spleen:1,FN,1,0,0,[CLS],0,0,101,12,12,11,"0,1,2,3,4,5,6,7,8,9,10,11",0.08550096303224564,1.246994972229004,-1.1228537559509277,246,246
chr1:18575762:transverse_colon:0,FN,1,0,0,[CLS],0,0,100,12,12,11,"0,1,2,3,4,5,6,7,8,9,10,11",0.0855388194322586,1.290608525276184,-1.0787562131881714,293,293
