confusion_category,position_relative_to_snv,mean_attention
FN,-206,0.009666668819263577
FN,-205,0.009627320878207684
FN,-204,0.009693587874062359
FN,-203,0.009768265346065164
FN,-202,0.009862279170192778
FN,-201,0.00983406035695225
FN,-200,0.009981244155205786
FN,-199,0.009922129390761257
FN,-198,0.009877580599859357
FN,-197,0.009773038867861033
FN,-196,0.009737947499379515
FN,-195,0.009626230816356838
FN,-194,0.00959494677837938
FN,-193,0.009593589692376553
FN,-192,0.009595671729184687
FN,-191,0.009595241383649408
FN,-190,0.009476240212097763
FN,-189,0.009538697879761457
FN,-188,0.00956882130354643
FN,-187,0.00960738244932145
FN,-186,0.009693945953622461
FN,-185,0.009742873776704073
FN,-184,0.00968396435957402
FN,-183,0.009666081392206252
FN,-182,0.009652018309570848
FN,-181,0.009674086547456683
FN,-180,0.009680503671988845
FN,-179,0.009655240993015467
FN,-178,0.009609843641519546
FN,-177,0.009629588089883328
FN,-176,0.00966891405172646
FN,-175,0.009701185985468328
FN,-174,0.009729618960991502
FN,-173,0.009680845993570983
FN,-172,0.009702119370922446
FN,-171,0.00974224740639329
FN,-170,0.00982081507332623
FN,-169,0.009797705789096653
FN,-168,0.009773303824476897
FN,-167,0.009778894404880702
FN,-166,0.009864892889745534
FN,-165,0.00988157998304814
FN,-164,0.009869598587974905
FN,-163,0.009800038151443004
FN,-162,0.009740750072523952
FN,-161,0.009730774536728859
FN,-160,0.009870535163208842
FN,-159,0.009727542949840427
FN,-158,0.00978958535939455
FN,-157,0.009818213069811463
FN,-156,0.009794645486399531
FN,-155,0.00994815702084452
FN,-154,0.009895973936654628
FN,-153,0.009959595184773207
FN,-152,0.00990506550297141
FN,-151,0.009827256454154849
FN,-150,0.009883484160527587
FN,-149,0.009856060496531427
FN,-148,0.009786809892393649
FN,-147,0.009847384332679211
FN,-146,0.009863511458970606
FN,-145,0.009886252209544182
FN,-144,0.009935693982988596
FN,-143,0.009875237513333558
FN,-142,0.00977148418314755
FN,-141,0.009780826307833194
FN,-140,0.009796461476944386
FN,-139,0.009647149760276079
FN,-138,0.00955165330786258
FN,-137,0.009658505157567561
FN,-136,0.009629424954764544
FN,-135,0.009669847525656224
FN,-134,0.009696788475848735
FN,-133,0.009633495751768351
FN,-132,0.009603740302845836
FN,-131,0.00950988007709384
FN,-130,0.009556531012058257
FN,-129,0.0096435517212376
FN,-128,0.009518887619487942
FN,-127,0.009547958238981665
FN,-126,0.009600349529646337
FN,-125,0.009615062079392373
FN,-124,0.009893813603557646
FN,-123,0.009903977569192647
FN,-122,0.009802427431568504
FN,-121,0.009773941468447447
FN,-120,0.009860978201031685
FN,-119,0.009779109195806086
FN,-118,0.009784697336144746
FN,-117,0.009880630229599775
FN,-116,0.009865898438729346
FN,-115,0.009793769544921815
FN,-114,0.009827717766165733
FN,-113,0.009828622173517942
FN,-112,0.009719734392128886
FN,-111,0.009670768198557198
FN,-110,0.009609306785278023
FN,-109,0.009703931235708296
FN,-108,0.009739920208230614
FN,-107,0.009810393671505152
FN,-106,0.009892495810054242
FN,-105,0.010124051230959594
FN,-104,0.010116963763721287
FN,-103,0.010046006203629077
FN,-102,0.010080009074881673
FN,-101,0.010060238712467253
FN,-100,0.010087176891975105
FN,-99,0.010116857192479074
FN,-98,0.010102676297537982
FN,-97,0.010145944058895112
FN,-96,0.010150400632992386
FN,-95,0.010203769812360406
FN,-94,0.010011965818703174
FN,-93,0.010100100100971758
FN,-92,0.010142321377061307
FN,-91,0.010118420743383467
FN,-90,0.010085811298340559
FN,-89,0.010116411549970507
FN,-88,0.010054314979352058
FN,-87,0.009998083454556763
FN,-86,0.009996818327344954
FN,-85,0.010092468722723425
FN,-84,0.010105810593813658
FN,-83,0.010169385382905603
FN,-82,0.010137795000337064
FN,-81,0.010102546480484307
FN,-80,0.0100998160475865
FN,-79,0.01010070061776787
FN,-78,0.010001150509342551
FN,-77,0.009979731016792358
FN,-76,0.009992357245646417
FN,-75,0.010088438945822419
FN,-74,0.0101425465894863
FN,-73,0.009924088749103247
FN,-72,0.009915533293969929
FN,-71,0.00994260513689369
FN,-70,0.00986139283515513
FN,-69,0.009865920543670654
FN,-68,0.009891616869717837
FN,-67,0.00990483839996159
FN,-66,0.009891868997365237
FN,-65,0.009876810079440475
FN,-64,0.009930680729448796
FN,-63,0.00989679210819304
FN,-62,0.009861026704311372
FN,-61,0.009888077564537525
FN,-60,0.009858959522098303
FN,-59,0.009883460029959679
FN,-58,0.010096996808424592
FN,-57,0.010278833946213126
FN,-56,0.01026535701006651
FN,-55,0.010347962668165565
FN,-54,0.010547971725463868
FN,-53,0.01039963461458683
FN,-52,0.010218095420859753
FN,-51,0.01029590323101729
FN,-50,0.010422654976136982
FN,-49,0.01035612245555967
FN,-48,0.010260296771302819
FN,-47,0.010235284534282983
FN,-46,0.010240698549896479
FN,-45,0.010237479135394096
FN,-44,0.010151607999578118
FN,-43,0.010101691633462907
FN,-42,0.010186476376838982
FN,-41,0.01019190835300833
FN,-40,0.010102387927472591
FN,-39,0.010172990774735808
FN,-38,0.010087513979524374
FN,-37,0.01018672284670174
FN,-36,0.010156720653176307
FN,-35,0.010129782911390066
FN,-34,0.010044104242697359
FN,-33,0.010061032501980663
FN,-32,0.010067860875278712
FN,-31,0.009915348743088543
FN,-30,0.009903541435487568
FN,-29,0.009992510001175105
FN,-28,0.00982687785755843
FN,-27,0.009870509132742882
FN,-26,0.009886173214763403
FN,-25,0.00990878777578473
FN,-24,0.009958305107429623
FN,-23,0.009947062092833222
FN,-22,0.009897343176417052
FN,-21,0.0099462820449844
FN,-20,0.009909792328253389
FN,-19,0.0098766487557441
FN,-18,0.010019379490986467
FN,-17,0.010048399278894067
FN,-16,0.010081055220216512
FN,-15,0.010076107089407742
FN,-14,0.010095188026316464
FN,-13,0.010063878824003041
FN,-12,0.009903566618449986
FN,-11,0.010012085251510143
FN,-10,0.010053666196763516
FN,-9,0.010099350418895483
FN,-8,0.009961939249187708
FN,-7,0.009972064858302473
FN,-6,0.010069243144243956
FN,-5,0.010001508295536041
FN,-4,0.01017987702973187
FN,-3,0.010241687949746846
FN,-2,0.010235923258587718
FN,-1,0.01017044324427843
FN,0,0.010324721988290549
FN,1,0.010264822337776423
FN,2,0.010278214160352945
FN,3,0.010255688969045877
FN,4,0.010343437301926314
FN,5,0.010349232205189764
FN,6,0.010339689650572836
FN,7,0.010384388342499733
FN,8,0.010360369426198304
FN,9,0.010155871934257448
FN,10,0.010115427374839782
FN,11,0.01013798710424453
FN,12,0.010171702550724148
FN,13,0.010158846518024803
FN,14,0.010063436860218645
FN,15,0.010168888750486075
FN,16,0.010168791669420897
FN,17,0.010098428474739194
FN,18,0.010001594061031937
FN,19,0.01005359090398997
FN,20,0.009937464292161167
FN,21,0.00987402732949704
FN,22,0.009970556483604015
FN,23,0.009903732752427459
FN,24,0.009913813611492515
FN,25,0.009918815712444485
FN,26,0.009901988231576979
FN,27,0.009803869905881583
FN,28,0.009684612546116113
FN,29,0.009743623193353415
FN,30,0.009752210727892816
FN,31,0.009748132391832769
FN,32,0.009970183824189007
FN,33,0.010109014664776624
FN,34,0.010135941575281322
FN,35,0.010147907719947398
FN,36,0.010127410320565104
FN,37,0.010094435680657625
FN,38,0.010148438485339284
FN,39,0.01010699603240937
FN,40,0.010061741326935589
FN,41,0.010057143243029714
FN,42,0.009941408839076758
FN,43,0.010011796653270722
FN,44,0.010010133101604878
FN,45,0.010053920103237033
FN,46,0.01001464996021241
FN,47,0.009984606369398534
FN,48,0.009838828453794121
FN,49,0.009755511851981282
FN,50,0.009792567742988468
FN,51,0.009750366341322661
FN,52,0.009876730274409056
FN,53,0.009840668821707367
FN,54,0.009900358794257045
FN,55,0.010046372758224606
FN,56,0.010037630223669112
FN,57,0.009945344519801438
FN,58,0.010126264751888811
FN,59,0.010248060110025109
FN,60,0.010243891794234515
FN,61,0.010284104961901902
FN,62,0.010201481571421027
FN,63,0.010107790194451809
FN,64,0.010095658758655191
FN,65,0.010230870563536882
FN,66,0.01020078063942492
FN,67,0.010204227385111153
FN,68,0.01023037481121719
FN,69,0.010205391459167004
FN,70,0.010326689584180712
FN,71,0.010244155330583453
FN,72,0.010050139306113124
FN,73,0.00999655264429748
FN,74,0.009867055444046854
FN,75,0.009974704887717963
FN,76,0.009903910718858242
FN,77,0.009880879274569453
FN,78,0.0099365557404235
FN,79,0.00984393100719899
FN,80,0.009825853211805225
FN,81,0.00977114861831069
FN,82,0.009733589738607407
FN,83,0.009729179358109831
FN,84,0.009795882804319263
FN,85,0.009915360519662499
FN,86,0.009945856649428606
FN,87,0.010050994521006941
FN,88,0.009914457988925278
FN,89,0.009950114390812814
FN,90,0.009894151384942233
FN,91,0.009950104891322554
FN,92,0.009904165440239011
FN,93,0.009867388550192117
FN,94,0.009912918098270893
FN,95,0.009976148093119263
FN,96,0.009846884934231638
FN,97,0.009798655551858246
FN,98,0.009791396693326532
FN,99,0.009777159462682903
FN,100,0.009761898382566869
FN,101,0.009841105537489056
FN,102,0.009733051550574601
FN,103,0.009791304585523903
FN,104,0.009765885821543634
FN,105,0.00986999171320349
FN,106,0.009830611129291355
FN,107,0.009870526241138577
FN,108,0.00995836009271443
FN,109,0.009825687455013395
FN,110,0.009876956343650817
FN,111,0.009905725959688425
FN,112,0.009878574362955988
FN,113,0.009798798565752805
FN,114,0.009824450416490436
FN,115,0.009808224332518876
FN,116,0.009929342116229235
FN,117,0.010024839104153216
FN,118,0.009984398293308914
FN,119,0.01011643351521343
FN,120,0.010038360664620995
FN,121,0.01007511343806982
FN,122,0.010031270533800126
FN,123,0.009951552292332053
FN,124,0.009895067308098077
FN,125,0.009893426890484988
FN,126,0.009809788744896651
FN,127,0.009715689979493618
FN,128,0.009591795075684785
FN,129,0.009554820163175463
FN,130,0.009622374721802772
FN,131,0.009519803109578789
FN,132,0.009551377505995334
FN,133,0.0096792830247432
FN,134,0.009868440376594663
FN,135,0.009894129782915116
FN,136,0.00999648603145033
FN,137,0.00995203664060682
FN,138,0.00993600649293512
FN,139,0.009935324671678245
FN,140,0.009905534996651113
FN,141,0.009866818995214998
FN,142,0.009936228659935296
FN,143,0.0097605209518224
FN,144,0.009785754084587097
FN,145,0.009587670341134072
FN,146,0.009499476323835552
FN,147,0.009572598347440363
FN,148,0.00955595724284649
FN,149,0.009568587387911975
FN,150,0.009612666796892882
FN,151,0.009561176518909633
FN,152,0.009468196383677423
FN,153,0.00940506395418197
FN,154,0.009518651347607375
FN,155,0.0095550197083503
FN,156,0.009517906797118485
FN,157,0.00937477732077241
FN,158,0.009511430650018155
FN,159,0.009581342996098101
FN,160,0.009552464270964265
FN,161,0.00955500458367169
FN,162,0.009471806781366467
FN,163,0.009555829758755862
FN,164,0.009463150920346379
FN,165,0.00940339034423232
FN,166,0.009446307336911559
FN,167,0.009405218940228223
FN,168,0.009455527369864285
FN,169,0.009505718708969652
FN,170,0.009448277582414448
FN,171,0.009560690764337777
FN,172,0.00966915707103908
FN,173,0.009640140277333557
FN,174,0.009573736493475735
FN,175,0.009475416229106486
FN,176,0.009498645435087383
FN,177,0.009435593066737056
FN,178,0.009469609605148435
FN,179,0.00950653398875147
FN,180,0.009481174764223397
FN,181,0.009449954070150852
FN,182,0.009543433394283056
FN,183,0.009532189229503274
FN,184,0.009490746334195136
FN,185,0.009465534496121109
FN,186,0.009456671699881554
FN,187,0.009314016792923213
FN,188,0.009399309335276485
FN,189,0.009341304562985897
FN,190,0.009311295454390347
FN,191,0.00929208802524954
FN,192,0.009372467547655106
FN,193,0.009295925484038889
FN,194,0.009272234090603888
FN,195,0.009277166058309376
FN,196,0.00938463116530329
FN,197,0.009468841315247119
FN,198,0.009542377749457955
FN,199,0.00949516254477203
FN,200,0.009467194583266973
FN,201,0.00948417792096734
FN,202,0.009433881100267171
FN,203,0.009431638764217496
FN,204,0.009346760925836861
FN,205,0.009327213508076965
FN,206,0.009436901952140033
FP,-206,0.009209080077707767
FP,-205,0.009184646685607731
FP,-204,0.009213008433580399
FP,-203,0.009227708335965873
FP,-202,0.009235001979395746
FP,-201,0.009250521585345268
FP,-200,0.009187691737897694
FP,-199,0.009050450837239623
FP,-198,0.009066435359418392
FP,-197,0.009143071924336254
FP,-196,0.009166535050608217
FP,-195,0.009209605176001787
FP,-194,0.009208761542104184
FP,-193,0.009216433237306774
FP,-192,0.00919454772491008
FP,-191,0.009224348301067949
FP,-190,0.009219831293448806
FP,-189,0.00926141211297363
FP,-188,0.009194883885793387
FP,-187,0.009196437681093812
FP,-186,0.009132732423022389
FP,-185,0.009136093310080468
FP,-184,0.009171718088909984
FP,-183,0.009137855321168899
FP,-182,0.009241790263913571
FP,-181,0.009284902154468
FP,-180,0.009373225518502296
FP,-179,0.009358459305949508
FP,-178,0.00936284814029932
FP,-177,0.009367055455222727
FP,-176,0.009268989022821188
FP,-175,0.009298494271934032
FP,-174,0.009255896625109016
FP,-173,0.009186343438923359
FP,-172,0.009126606462523341
FP,-171,0.009143544831313194
FP,-170,0.009217844470404088
FP,-169,0.009267486748285592
FP,-168,0.009246717030182481
FP,-167,0.009257340519689024
FP,-166,0.009310328015126289
FP,-165,0.009291287693195045
FP,-164,0.009250866379588843
FP,-163,0.009259305223822593
FP,-162,0.009281031535938383
FP,-161,0.009326605550013483
FP,-160,0.009272690466605126
FP,-159,0.009205129719339311
FP,-158,0.009154744739644229
FP,-157,0.009072268293239176
FP,-156,0.009089335263706744
FP,-155,0.009117686576209962
FP,-154,0.009143821541219949
FP,-153,0.009116014163009823
FP,-152,0.00916732563637197
FP,-151,0.009043435440398753
FP,-150,0.0090492390608415
FP,-149,0.009084771806374192
FP,-148,0.009079836565069855
FP,-147,0.009167870432138443
FP,-146,0.009222060269676148
FP,-145,0.009323777514509857
FP,-144,0.009349068719893694
FP,-143,0.00948661491740495
FP,-142,0.009487402657978237
FP,-141,0.009523024023510516
FP,-140,0.009494259809143842
FP,-139,0.009490058138035239
FP,-138,0.009546266528777778
FP,-137,0.009423344777897
FP,-136,0.009472181452438236
FP,-135,0.009464688473381102
FP,-134,0.00947056852746755
FP,-133,0.0094326304923743
FP,-132,0.009400284290313721
FP,-131,0.009360036323778331
FP,-130,0.009394149142317475
FP,-129,0.00926239971537143
FP,-128,0.009307578126899897
FP,-127,0.009305625231936574
FP,-126,0.009324769885279239
FP,-125,0.009406302529387177
FP,-124,0.009392267758958042
FP,-123,0.009404335119761527
FP,-122,0.009426112794317305
FP,-121,0.0094188345503062
FP,-120,0.009506379649974406
FP,-119,0.009543215814046562
FP,-118,0.009619043348357082
FP,-117,0.009645333806984126
FP,-116,0.009689668407663703
FP,-115,0.009758383198641241
FP,-114,0.009734454839490354
FP,-113,0.009774932628497482
FP,-112,0.009764050492085516
FP,-111,0.009641364184208214
FP,-110,0.009575474932789802
FP,-109,0.009629123620688915
FP,-108,0.009449096783064305
FP,-107,0.009452389171347022
FP,-106,0.009402602845802903
FP,-105,0.009370811758562922
FP,-104,0.00946518507320434
FP,-103,0.009488204871304333
FP,-102,0.009527286500670015
FP,-101,0.009510326231829822
FP,-100,0.009521441110409796
FP,-99,0.009552089958451688
FP,-98,0.009651674809865653
FP,-97,0.00965132322628051
FP,-96,0.009664335665293037
FP,-95,0.009677314613945782
FP,-94,0.009684067792259157
FP,-93,0.009740221332758665
FP,-92,0.009718510927632451
FP,-91,0.009643999417312444
FP,-90,0.009691367237828673
FP,-89,0.009708622484467924
FP,-88,0.009787043565884232
FP,-87,0.00969271533191204
FP,-86,0.00967493908945471
FP,-85,0.00983116177842021
FP,-84,0.009912868379615247
FP,-83,0.009997946782968939
FP,-82,0.009918612977489829
FP,-81,0.009843594026751817
FP,-80,0.01009920760523528
FP,-79,0.010038393097929657
FP,-78,0.010035235895775258
FP,-77,0.010067496909759938
FP,-76,0.010053387568332255
FP,-75,0.010023146350868047
FP,-74,0.010037321392446756
FP,-73,0.00995890321675688
FP,-72,0.009954356909729541
FP,-71,0.0099265354918316
FP,-70,0.009876538454554974
FP,-69,0.010091170598752797
FP,-68,0.010104958838783205
FP,-67,0.01005989319179207
FP,-66,0.010123086827807128
FP,-65,0.010181349576450885
FP,-64,0.010171765433624387
FP,-63,0.010155112021602691
FP,-62,0.010209932150319219
FP,-61,0.010169290439225733
FP,-60,0.01027555377688259
FP,-59,0.01026334600057453
FP,-58,0.010211906991899014
FP,-57,0.010312898261472582
FP,-56,0.010308405971154571
FP,-55,0.010278847869485616
FP,-54,0.010249948645941913
FP,-53,0.01033429753035307
FP,-52,0.010332661350257694
FP,-51,0.010432357448153198
FP,-50,0.010469366675242781
FP,-49,0.010402791649103165
FP,-48,0.010475783376023173
FP,-47,0.010445130257867277
FP,-46,0.01039485797751695
FP,-45,0.01034393215086311
FP,-44,0.01030788905452937
FP,-43,0.01036857749801129
FP,-42,0.010294370292685926
FP,-41,0.010359967639669777
FP,-40,0.010301683722063899
FP,-39,0.010353498589247466
FP,-38,0.010302964095026255
FP,-37,0.010305897467769682
FP,-36,0.010263904617168008
FP,-35,0.010235565407201648
FP,-34,0.010214834827929736
FP,-33,0.010305612944066525
FP,-32,0.010305928802117705
FP,-31,0.01037576655857265
FP,-30,0.010412634154781698
FP,-29,0.010463898312300443
FP,-28,0.01046975669451058
FP,-27,0.010465998384170234
FP,-26,0.010353393857367338
FP,-25,0.010406802948564291
FP,-24,0.01041937009897083
FP,-23,0.01047729860059917
FP,-22,0.010416815299540758
FP,-21,0.010372236971743404
FP,-20,0.01042071016971022
FP,-19,0.010425235368311405
FP,-18,0.01046421100385487
FP,-17,0.010537537457421422
FP,-16,0.010550926364958286
FP,-15,0.010533960009925068
FP,-14,0.010959698408842087
FP,-13,0.010998977730050683
FP,-12,0.011021053562872111
FP,-11,0.01100560134742409
FP,-10,0.011002022721804679
FP,-9,0.011097052590921521
FP,-8,0.011852956842631102
FP,-7,0.011774646434932947
FP,-6,0.012186099085956812
FP,-5,0.012305858498439192
FP,-4,0.012323098164051772
FP,-3,0.012330322712659835
FP,-2,0.012332376628182828
FP,-1,0.011992879044264555
FP,0,0.012246001861058176
FP,1,0.012383185508660972
FP,2,0.012622860539704562
FP,3,0.01258843248244375
FP,4,0.012585791521705686
FP,5,0.012490155780687929
FP,6,0.012429168219678105
FP,7,0.012113383235409857
FP,8,0.01206637942697853
FP,9,0.01206322813872248
FP,10,0.012149874996393919
FP,11,0.012055569803342223
FP,12,0.012179293246008456
FP,13,0.012081000600010156
FP,14,0.012040064418688417
FP,15,0.012063273531384765
FP,16,0.01206115003209561
FP,17,0.01192543032579124
FP,18,0.011939444914460182
FP,19,0.011919608628377319
FP,20,0.011671444652602076
FP,21,0.011658571716398001
FP,22,0.011718209255486728
FP,23,0.01169121328741312
FP,24,0.011752438126131892
FP,25,0.011713112303987146
FP,26,0.0117788869375363
FP,27,0.011821554289199412
FP,28,0.011883130590431392
FP,29,0.01192732561379671
FP,30,0.011929283398203552
FP,31,0.011976781715638936
FP,32,0.011739048403687774
FP,33,0.011710172300226987
FP,34,0.011634410293772816
FP,35,0.011661303751170636
FP,36,0.011397549556568265
FP,37,0.011399262379854917
FP,38,0.011191472816281021
FP,39,0.011083357254974543
FP,40,0.01109541907440871
FP,41,0.01106741011608392
FP,42,0.010955870319157839
FP,43,0.010925522823818028
FP,44,0.010954314195550978
FP,45,0.01080614872276783
FP,46,0.010778763322159648
FP,47,0.010710168164223433
FP,48,0.01065623961854726
FP,49,0.010706272711977362
FP,50,0.010682708714157343
FP,51,0.010706440159119666
FP,52,0.01066003620158881
FP,53,0.010673358687199652
FP,54,0.010536304716952145
FP,55,0.01051236645784229
FP,56,0.010604454539716243
FP,57,0.01058594080619514
FP,58,0.010543631054461003
FP,59,0.010490639936178922
FP,60,0.010369941564276815
FP,61,0.010423847790807485
FP,62,0.010369388870894908
FP,63,0.010282550225965678
FP,64,0.010238388641737402
FP,65,0.01013872342184186
FP,66,0.010188512364402413
FP,67,0.010272209490649402
FP,68,0.010247051124460995
FP,69,0.010210048379376531
FP,70,0.010112768057733774
FP,71,0.010120639111846685
FP,72,0.010107783768326044
FP,73,0.01002479792572558
FP,74,0.010037670047022402
FP,75,0.010019116392359138
FP,76,0.01001899599097669
FP,77,0.009975134506821632
FP,78,0.009988790908828378
FP,79,0.010116791957989335
FP,80,0.010140250739641487
FP,81,0.010101021993905305
FP,82,0.010118915871717036
FP,83,0.010001747594214976
FP,84,0.010007638544775545
FP,85,0.010035420726053417
FP,86,0.009947739611379802
FP,87,0.010058451620861887
FP,88,0.010038280435837805
FP,89,0.009959093728102743
FP,90,0.009993808935396373
FP,91,0.01001458560116589
FP,92,0.009851249372586609
FP,93,0.009904289240948857
FP,94,0.009887537960894406
FP,95,0.009893697444349528
FP,96,0.009989893534220756
FP,97,0.009977626679465175
FP,98,0.009999645231291652
FP,99,0.010021385084837676
FP,100,0.01004140003118664
FP,101,0.010089267399162055
FP,102,0.01008284239564091
FP,103,0.010049552135169506
FP,104,0.009999929098412394
FP,105,0.010028936844319105
FP,106,0.009951420743018389
FP,107,0.009836793183349074
FP,108,0.00981448333710432
FP,109,0.009899912299588323
FP,110,0.00986627182457596
FP,111,0.009891991289332509
FP,112,0.009911255249753594
FP,113,0.010044533214531838
FP,114,0.00993698094971478
FP,115,0.010020888037979602
FP,116,0.010126684941351414
FP,117,0.010152897126972675
FP,118,0.010180172040127217
FP,119,0.010233901739120484
FP,120,0.01021666218061
FP,121,0.010211538574658334
FP,122,0.010134867713786662
FP,123,0.01015293185133487
FP,124,0.010013686926104128
FP,125,0.00998047438915819
FP,126,0.00997564684599638
FP,127,0.010003544446080924
FP,128,0.009956357078626752
FP,129,0.00995988615322858
FP,130,0.010212329742498695
FP,131,0.010271102986298502
FP,132,0.010225304714404047
FP,133,0.01025260685943067
FP,134,0.010262403883971274
FP,135,0.010301510761491954
FP,136,0.010217091762460767
FP,137,0.010203699353151024
FP,138,0.010310102137736976
FP,139,0.01034165862482041
FP,140,0.010349761550314725
FP,141,0.010482538286596536
FP,142,0.010499655269086361
FP,143,0.01053694982547313
FP,144,0.01058399755973369
FP,145,0.010447680181823672
FP,146,0.010336386603303254
FP,147,0.010319520570337772
FP,148,0.010283762589097023
FP,149,0.010195026779547334
FP,150,0.010246767597272992
FP,151,0.01020297930110246
FP,152,0.010255136005580425
FP,153,0.010212994660250843
FP,154,0.010186852025799453
FP,155,0.010223357742652296
FP,156,0.010232446286827325
FP,157,0.010232486394234002
FP,158,0.010299514294601977
FP,159,0.01032215307932347
FP,160,0.010440471530891955
FP,161,0.01036843509413302
FP,162,0.010327362543903292
FP,163,0.01029858776833862
FP,164,0.010203497437760233
FP,165,0.010170911522582173
FP,166,0.01021513321902603
FP,167,0.01015355696901679
FP,168,0.010242166668176652
FP,169,0.010231844950467348
FP,170,0.010195419178344309
FP,171,0.010216209972277283
FP,172,0.010070586600340903
FP,173,0.010049507073126733
FP,174,0.009889381672255695
FP,175,0.010014957487583161
FP,176,0.010012832242064179
FP,177,0.010022951080463827
FP,178,0.009974541869014501
FP,179,0.010043185455724597
FP,180,0.010032926397398114
FP,181,0.00987523326650262
FP,182,0.009893450099043547
FP,183,0.009958763183094561
FP,184,0.009861192028038203
FP,185,0.009955486631952226
FP,186,0.00996076236013323
FP,187,0.009835762674920262
FP,188,0.009769154726527632
FP,189,0.0097251840448007
FP,190,0.009641374787315726
FP,191,0.009723086273297668
FP,192,0.009678065553307533
FP,193,0.009717754912562668
FP,194,0.009706154717132449
FP,195,0.009735630173236132
FP,196,0.009693618998862803
FP,197,0.00976070444099605
FP,198,0.009630077718757093
FP,199,0.00953831105493009
FP,200,0.00951550700236112
FP,201,0.009608600162900984
FP,202,0.009593712561763824
FP,203,0.009510822100564838
FP,204,0.009661937006749213
FP,205,0.009792117746546864
FP,206,0.009867861308157444
TN,-206,0.009492427217774093
TN,-205,0.00954408404417336
TN,-204,0.009696905938908458
TN,-203,0.009675821857526898
TN,-202,0.009672188251279294
TN,-201,0.00972595561761409
TN,-200,0.009794185287319124
TN,-199,0.009793125381693244
TN,-198,0.009852646379731595
TN,-197,0.009984156410209834
TN,-196,0.01002543453592807
TN,-195,0.01007007461041212
TN,-194,0.010150663712993264
TN,-193,0.010218937345780433
TN,-192,0.010266004973091184
TN,-191,0.010294562838971615
TN,-190,0.010190570009872318
TN,-189,0.010065752058289945
TN,-188,0.010017425823025405
TN,-187,0.009948956514708698
TN,-186,0.00988066177815199
TN,-185,0.009906568569131196
TN,-184,0.009921858836896717
TN,-183,0.010006918008439242
TN,-182,0.01008571804035455
TN,-181,0.010064488151110709
TN,-180,0.010080327014438808
TN,-179,0.010043352344073355
TN,-178,0.010071501126512885
TN,-177,0.01001481362618506
TN,-176,0.01002814811654389
TN,-175,0.010032887374982237
TN,-174,0.010091288443654776
TN,-173,0.010056652426719666
TN,-172,0.010102367997169494
TN,-171,0.010013227141462267
TN,-170,0.010012838109396398
TN,-169,0.010082255206070841
TN,-168,0.010138775031082332
TN,-167,0.01015230837278068
TN,-166,0.010142690865322948
TN,-165,0.010153581127524377
TN,-164,0.0101262082811445
TN,-163,0.010140301845967769
TN,-162,0.01021404237486422
TN,-161,0.010269335992634297
TN,-160,0.010267099235206842
TN,-159,0.010252027530223131
TN,-158,0.010267949160188437
TN,-157,0.010287531791254878
TN,-156,0.01025803763885051
TN,-155,0.010320350853726267
TN,-154,0.010327401719987393
TN,-153,0.010319459838792682
TN,-152,0.01035592146217823
TN,-151,0.010407946021296084
TN,-150,0.010381062999367714
TN,-149,0.010245820684358477
TN,-148,0.01022299257107079
TN,-147,0.010275649586692453
TN,-146,0.010136933214962483
TN,-145,0.010114680244587362
TN,-144,0.010028595854528248
TN,-143,0.009996493072248995
TN,-142,0.01000020891893655
TN,-141,0.00995615407358855
TN,-140,0.009896133104339242
TN,-139,0.009950839458033442
TN,-138,0.009879507846198976
TN,-137,0.009950270638801157
TN,-136,0.00996876390185207
TN,-135,0.010015472951345146
TN,-134,0.010011455984786153
TN,-133,0.009979627458378673
TN,-132,0.009964736578986048
TN,-131,0.009982188483700156
TN,-130,0.009977921107783914
TN,-129,0.010089659700170159
TN,-128,0.01007448866032064
TN,-127,0.010180389098823071
TN,-126,0.010194806731306016
TN,-125,0.010216084318235516
TN,-124,0.010192920858971775
TN,-123,0.010239357254467904
TN,-122,0.01028813645709306
TN,-121,0.010243793898262084
TN,-120,0.010322862816974521
TN,-119,0.010333470427431166
TN,-118,0.010365784750320017
TN,-117,0.010341698131524026
TN,-116,0.010310681597329676
TN,-115,0.010307375914417207
TN,-114,0.010211606253869831
TN,-113,0.010232551298104227
TN,-112,0.010295180813409388
TN,-111,0.010365384481847286
TN,-110,0.01033714422956109
TN,-109,0.010379950972273946
TN,-108,0.01037977305240929
TN,-107,0.01039102184586227
TN,-106,0.010329388389363885
TN,-105,0.01054225493222475
TN,-104,0.010495009226724505
TN,-103,0.010392133118584753
TN,-102,0.010358454287052154
TN,-101,0.01031538687646389
TN,-100,0.010216360981576144
TN,-99,0.010235451930202543
TN,-98,0.01021124459337443
TN,-97,0.010281063402071595
TN,-96,0.010207648882642388
TN,-95,0.010247953487560153
TN,-94,0.010361458659172058
TN,-93,0.010321287736296654
TN,-92,0.010343723874539136
TN,-91,0.010405330080538988
TN,-90,0.010364922694861889
TN,-89,0.010380392419174314
TN,-88,0.010445004873909057
TN,-87,0.010421137255616487
TN,-86,0.010366447502747178
TN,-85,0.010228110859170556
TN,-84,0.010196309289894998
TN,-83,0.010171133209951222
TN,-82,0.010260596428997815
TN,-81,0.010246252049691975
TN,-80,0.010274169077165425
TN,-79,0.010126090487465262
TN,-78,0.010140111241489648
TN,-77,0.010135521860793233
TN,-76,0.01011412770487368
TN,-75,0.010128385797142982
TN,-74,0.010236637257039547
TN,-73,0.0103004656964913
TN,-72,0.010324943768791854
TN,-71,0.010297952932305635
TN,-70,0.010253885267302395
TN,-69,0.010211717654019594
TN,-68,0.010171812232583762
TN,-67,0.010090048722922802
TN,-66,0.010128483101725578
TN,-65,0.010179666075855494
TN,-64,0.01014129233546555
TN,-63,0.010118483789265156
TN,-62,0.010131793394684792
TN,-61,0.010122914896346629
TN,-60,0.010137349623255432
TN,-59,0.01010734970215708
TN,-58,0.010105840782634913
TN,-57,0.010060098627582193
TN,-56,0.009994997512549161
TN,-55,0.010037102438509464
TN,-54,0.010110332714393735
TN,-53,0.010080755557864904
TN,-52,0.01009147242642939
TN,-51,0.010149293821305036
TN,-50,0.010105328243225813
TN,-49,0.010226008133031428
TN,-48,0.010305865094996989
TN,-47,0.010452848155982792
TN,-46,0.010551269757561385
TN,-45,0.010567360930144787
TN,-44,0.010544562675058843
TN,-43,0.01052106959745288
TN,-42,0.01048498642630875
TN,-41,0.010445071021094918
TN,-40,0.010359079847112297
TN,-39,0.010214592684060336
TN,-38,0.010106908930465579
TN,-37,0.010197857404127717
TN,-36,0.010215521650388837
TN,-35,0.010280428426340223
TN,-34,0.010273236948996782
TN,-33,0.01048842117190361
TN,-32,0.010527348164469003
TN,-31,0.01050746819935739
TN,-30,0.010526106813922525
TN,-29,0.010537064550444484
TN,-28,0.010466130217537284
TN,-27,0.010432650446891784
TN,-26,0.010242451904341579
TN,-25,0.010270156203769148
TN,-24,0.010277290637604892
TN,-23,0.010275793736800551
TN,-22,0.0103276820294559
TN,-21,0.010355435083620251
TN,-20,0.010403715171851218
TN,-19,0.010543758403509856
TN,-18,0.010553015624172985
TN,-17,0.01055433630477637
TN,-16,0.010345858759246767
TN,-15,0.010276594324968755
TN,-14,0.010305250654928386
TN,-13,0.01016461310442537
TN,-12,0.010195690332911908
TN,-11,0.01026089399587363
TN,-10,0.010188788115046919
TN,-9,0.010159087437205016
TN,-8,0.010194072392769158
TN,-7,0.01020931105595082
TN,-6,0.010192958838306367
TN,-5,0.0101563706016168
TN,-4,0.01026968248654157
TN,-3,0.010109269940294326
TN,-2,0.010066671739332378
TN,-1,0.01020871527493
TN,0,0.010286046350374818
TN,1,0.010298826307989657
TN,2,0.010314104580320418
TN,3,0.010248289196752011
TN,4,0.010242135147564113
TN,5,0.010326202576979995
TN,6,0.010324291274882854
TN,7,0.0103273347299546
TN,8,0.01034840845502913
TN,9,0.010228088293224573
TN,10,0.010200225259177386
TN,11,0.010145715395919979
TN,12,0.010167253278195858
TN,13,0.010183360218070448
TN,14,0.010198151706717909
TN,15,0.010184202599339187
TN,16,0.010166725390590728
TN,17,0.010097269075922668
TN,18,0.01004051529802382
TN,19,0.010059171793982387
TN,20,0.01002050494775176
TN,21,0.009964809687808156
TN,22,0.009862119425088167
TN,23,0.009820540817454457
TN,24,0.009809856652282178
TN,25,0.009852714105509221
TN,26,0.009898063270375132
TN,27,0.009872599658556282
TN,28,0.009922020398080348
TN,29,0.01000662295613438
TN,30,0.009888289873488247
TN,31,0.009817898534238338
TN,32,0.009762682262808084
TN,33,0.009753018571063875
TN,34,0.009815495992079377
TN,35,0.009904825463891029
TN,36,0.009947884045541287
TN,37,0.009995247814804315
TN,38,0.009975165342912078
TN,39,0.010048229526728392
TN,40,0.010048975893296301
TN,41,0.009994055000133813
TN,42,0.01003114381339401
TN,43,0.010127736739814281
TN,44,0.01024982669390738
TN,45,0.010208341632969678
TN,46,0.010203060838393866
TN,47,0.010171599364839494
TN,48,0.010166936567984522
TN,49,0.010096086799167096
TN,50,0.010054786740802228
TN,51,0.010073157851584255
TN,52,0.010091306446120142
TN,53,0.010122057031840086
TN,54,0.010169040253385902
TN,55,0.010277336318977178
TN,56,0.010237590582109988
TN,57,0.010285197091288865
TN,58,0.01021838676650077
TN,59,0.010368832251988352
TN,60,0.010327125103212893
TN,61,0.010398342409171164
TN,62,0.010338190174661577
TN,63,0.010313887563534081
TN,64,0.010316469431854785
TN,65,0.010338419154286384
TN,66,0.010414436124265194
TN,67,0.010400116327218711
TN,68,0.010390031985007226
TN,69,0.010382732842117548
TN,70,0.010336716463789343
TN,71,0.010318171912804246
TN,72,0.010437417216598988
TN,73,0.010501414746977389
TN,74,0.010249576233327388
TN,75,0.010250105448067188
TN,76,0.010250147385522723
TN,77,0.010209776228293777
TN,78,0.0102167306561023
TN,79,0.010101917558349669
TN,80,0.010068111405707895
TN,81,0.0099064085399732
TN,82,0.009958800324238837
TN,83,0.009879605141468345
TN,84,0.00983203641138971
TN,85,0.009850754961371421
TN,86,0.009767066445201636
TN,87,0.009706479841843247
TN,88,0.009676444088108837
TN,89,0.009736410528421401
TN,90,0.009800299373455345
TN,91,0.009831566195935011
TN,92,0.009839509520679713
TN,93,0.00991146793588996
TN,94,0.009864227576181293
TN,95,0.009774349839426577
TN,96,0.009694996462203563
TN,97,0.00971361365634948
TN,98,0.009696206906810403
TN,99,0.009716710736975075
TN,100,0.009821842303499579
TN,101,0.009823572197929025
TN,102,0.009806179092265666
TN,103,0.009900702266022562
TN,104,0.00989388749934733
TN,105,0.009845250276848674
TN,106,0.009742532698437572
TN,107,0.009750714926049113
TN,108,0.009866587328724563
TN,109,0.009822502476163208
TN,110,0.009914708235301077
TN,111,0.009885844849050045
TN,112,0.009997716289944947
TN,113,0.009972002780996263
TN,114,0.009973643003031612
TN,115,0.010030837529338896
TN,116,0.009995317659340799
TN,117,0.009836326697841286
TN,118,0.009921982488594949
TN,119,0.009954983065836132
TN,120,0.010055824182927608
TN,121,0.010174295753240586
TN,122,0.010051745614036918
TN,123,0.00995485725812614
TN,124,0.009998028236441314
TN,125,0.009958549598231912
TN,126,0.009844468957744539
TN,127,0.009804006065241993
TN,128,0.009714074400253594
TN,129,0.009755501663312316
TN,130,0.009729783800430596
TN,131,0.009725398090668023
TN,132,0.009633193952031433
TN,133,0.009689755630679428
TN,134,0.009708292856812477
TN,135,0.009743849448859691
TN,136,0.00971483152359724
TN,137,0.009661881849169732
TN,138,0.009679829669184983
TN,139,0.009673561421222984
TN,140,0.009585754098370671
TN,141,0.009754917011596262
TN,142,0.009847966423258185
TN,143,0.009844315447844565
TN,144,0.009977595736272634
TN,145,0.010025404496118426
TN,146,0.010061699403449894
TN,147,0.01008383262436837
TN,148,0.010021338080987334
TN,149,0.010036008176393807
TN,150,0.009849001760594547
TN,151,0.00989024103153497
TN,152,0.00990287897642702
TN,153,0.009891244694590568
TN,154,0.009871494621038437
TN,155,0.009898583889007568
TN,156,0.009915704550221562
TN,157,0.009870018912479281
TN,158,0.010038116951473058
TN,159,0.009999890555627644
TN,160,0.010009694807231427
TN,161,0.009988751616328955
TN,162,0.009947056430391968
TN,163,0.009999623741023242
TN,164,0.00999404989182949
TN,165,0.009891531812027097
TN,166,0.0101012308197096
TN,167,0.010077915787696838
TN,168,0.010104251378215849
TN,169,0.010141555476002395
TN,170,0.009992813426069915
TN,171,0.009969238145276903
TN,172,0.00987950135488063
TN,173,0.00977471709717065
TN,174,0.009703683261759579
TN,175,0.009637460466474295
TN,176,0.009697438245639204
TN,177,0.009770368677563965
TN,178,0.009772020606324077
TN,179,0.009732474284246563
TN,180,0.009563972102478146
TN,181,0.009578798138536513
TN,182,0.00960483971517533
TN,183,0.009650463722646236
TN,184,0.009491167874075472
TN,185,0.009385975748300553
TN,186,0.009517682096920908
TN,187,0.009487887839786708
TN,188,0.009475561534054577
TN,189,0.009436006094329059
TN,190,0.009482856579124928
TN,191,0.009398150057531893
TN,192,0.009496017647907138
TN,193,0.009503089231438935
TN,194,0.009493384454399347
TN,195,0.009467231994494795
TN,196,0.009511884627863764
TN,197,0.009482022472657264
TN,198,0.009553526369854808
TN,199,0.009522408014163375
TN,200,0.009558329698629678
TN,201,0.009576715971343219
TN,202,0.009595950548537076
TN,203,0.009646834814921021
TN,204,0.009702533576637506
TN,205,0.009664760064333677
TN,206,0.009701783466152848
TP,-206,0.00983783908188343
TP,-205,0.00987363699823618
TP,-204,0.009816888058558106
TP,-203,0.009697243170812726
TP,-202,0.009822116834111511
TP,-201,0.009722573193721473
TP,-200,0.009777309806086123
TP,-199,0.009858246902003884
TP,-198,0.00998309344984591
TP,-197,0.00987356430850923
TP,-196,0.009751422833651303
TP,-195,0.009713778626173735
TP,-194,0.009724776009097696
TP,-193,0.00966678255237639
TP,-192,0.00968967029824853
TP,-191,0.009405482937581837
TP,-190,0.00944584580603987
TP,-189,0.00941454806830734
TP,-188,0.009413914983160793
TP,-187,0.009489764072932304
TP,-186,0.009539314308203756
TP,-185,0.0095806664833799
TP,-184,0.00977449122350663
TP,-183,0.009861665312200785
TP,-182,0.009813555516302586
TP,-181,0.009533504294231533
TP,-180,0.00945971111766994
TP,-179,0.00953993936534971
TP,-178,0.009606230738572776
TP,-177,0.009712319769896567
TP,-176,0.009729185430333019
TP,-175,0.009703300739638508
TP,-174,0.009608101728372277
TP,-173,0.009713953738100826
TP,-172,0.00951270003337413
TP,-171,0.009616289339028299
TP,-170,0.00973484239075333
TP,-169,0.00980562758166343
TP,-168,0.00980224774684757
TP,-167,0.009829317568801343
TP,-166,0.00988922879099846
TP,-165,0.00979756715707481
TP,-164,0.00987633341923356
TP,-163,0.009898139843717218
TP,-162,0.009888843130320311
TP,-161,0.009515345375984908
TP,-160,0.009577747629955412
TP,-159,0.009449733374640345
TP,-158,0.009396147443912923
TP,-157,0.00962213661056012
TP,-156,0.009615857130847871
TP,-155,0.009627247429452836
TP,-154,0.009559811190702022
TP,-153,0.009629418817348778
TP,-152,0.009594204700551928
TP,-151,0.009581744433380663
TP,-150,0.009661623067222536
TP,-149,0.009654440442100167
TP,-148,0.00966356716118753
TP,-147,0.009843359896913172
TP,-146,0.00972720050252974
TP,-145,0.009853845359757543
TP,-144,0.009712256360799074
TP,-143,0.00971810300834477
TP,-142,0.009855690617114306
TP,-141,0.009891992807388306
TP,-140,0.00983106967061758
TP,-139,0.009823277611285448
TP,-138,0.009835997736081481
TP,-137,0.009944711467251182
TP,-136,0.009857527809217573
TP,-135,0.00966795165091753
TP,-134,0.00954320983029902
TP,-133,0.009553273413330317
TP,-132,0.009552160184830428
TP,-131,0.009692209884524345
TP,-130,0.009756781263276934
TP,-129,0.009756764005869627
TP,-128,0.009780916385352612
TP,-127,0.009583774209022521
TP,-126,0.009545333283022046
TP,-125,0.009519361723214388
TP,-124,0.009534379858523607
TP,-123,0.009469072194769978
TP,-122,0.00953832071274519
TP,-121,0.009610546017065645
TP,-120,0.009622456850484013
TP,-119,0.00962229006923735
TP,-118,0.009605102678760887
TP,-117,0.009659410016611218
TP,-116,0.009645450939424337
TP,-115,0.00969628764782101
TP,-114,0.009666006644256413
TP,-113,0.009677843912504614
TP,-112,0.009720503143034876
TP,-111,0.009826831249520183
TP,-110,0.00983618713915348
TP,-109,0.009915086133405566
TP,-108,0.009924364481121302
TP,-107,0.010017556007951497
TP,-106,0.009906370462849735
TP,-105,0.009792892877012491
TP,-104,0.009852565787732602
TP,-103,0.00979596234858036
TP,-102,0.009726421171799303
TP,-101,0.009922077227383853
TP,-100,0.009956700643524528
TP,-99,0.010060775047168135
TP,-98,0.010199832525104284
TP,-97,0.009938464714214206
TP,-96,0.009737984878011047
TP,-95,0.009743773988448083
TP,-94,0.009705955875106156
TP,-93,0.00980603386182338
TP,-92,0.009880884340964258
TP,-91,0.009859158350154757
TP,-90,0.009924528859555722
TP,-89,0.009927230663597584
TP,-88,0.009785313718020916
TP,-87,0.009601118378341197
TP,-86,0.009768591551110149
TP,-85,0.009899221491068602
TP,-84,0.00989713530987501
TP,-83,0.010036113318055867
TP,-82,0.009900067606940866
TP,-81,0.009857458425685764
TP,-80,0.009537606253288686
TP,-79,0.009455902255140244
TP,-78,0.009498252286575734
TP,-77,0.009600539370439946
TP,-76,0.009547771369107068
TP,-75,0.009430919573642314
TP,-74,0.009411477209068835
TP,-73,0.009474697303958238
TP,-72,0.009381303400732576
TP,-71,0.009355541202239692
TP,-70,0.009353457284159959
TP,-69,0.00930257189553231
TP,-68,0.009271993162110448
TP,-67,0.009472524346783757
TP,-66,0.009609532542526722
TP,-65,0.009574177609756589
TP,-64,0.009564721006900073
TP,-63,0.00962544950656593
TP,-62,0.009496280364692211
TP,-61,0.009386480837129056
TP,-60,0.009355219537392259
TP,-59,0.009131520022638142
TP,-58,0.009128176621161402
TP,-57,0.009197723655961453
TP,-56,0.009056336586363614
TP,-55,0.008811648166738451
TP,-54,0.008797838101163507
TP,-53,0.008841572748497128
TP,-52,0.008992881141602993
TP,-51,0.009060655985958874
TP,-50,0.009051224812865258
TP,-49,0.009015221386216582
TP,-48,0.009001558716408908
TP,-47,0.009031532052904367
TP,-46,0.009117368757724762
TP,-45,0.009163071755319835
TP,-44,0.009175304928794504
TP,-43,0.009434730904176831
TP,-42,0.009490277389995755
TP,-41,0.009656197396107019
TP,-40,0.009602439994923771
TP,-39,0.009694545776583255
TP,-38,0.009630735595710576
TP,-37,0.009676232566125691
TP,-36,0.009712896710261702
TP,-35,0.009765602704137564
TP,-34,0.009756167707964778
TP,-33,0.009709056755527854
TP,-32,0.009179429234936833
TP,-31,0.009278735956177115
TP,-30,0.009249444864690304
TP,-29,0.009334304742515087
TP,-28,0.009224380180239678
TP,-27,0.009469073181971908
TP,-26,0.009346493659541011
TP,-25,0.009216750152409076
TP,-24,0.009263363694772124
TP,-23,0.009042115323245526
TP,-22,0.00901663649827242
TP,-21,0.009067314770072698
TP,-20,0.009074908383190632
TP,-19,0.009130975026637315
TP,-18,0.009228438725695015
TP,-17,0.009263563062995672
TP,-16,0.009226903547532856
TP,-15,0.009283980331383645
TP,-14,0.009271687273867428
TP,-13,0.009175021266564727
TP,-12,0.009044116893783212
TP,-11,0.008962704725563526
TP,-10,0.008964475025422872
TP,-9,0.00902329540811479
TP,-8,0.008948832778260111
TP,-7,0.008952952777035535
TP,-6,0.008790278574451804
TP,-5,0.008908403459936381
TP,-4,0.009022798263467849
TP,-3,0.009015932600013911
TP,-2,0.009167739441618323
TP,-1,0.009118268359452486
TP,0,0.009001991916447879
TP,1,0.008866901183500886
TP,2,0.008871429329738022
TP,3,0.009041925533674658
TP,4,0.009021531916223466
TP,5,0.008965281029231846
TP,6,0.008964582826010883
TP,7,0.008947697645053267
TP,8,0.008966680690646172
TP,9,0.009027934754267336
TP,10,0.00903256586752832
TP,11,0.009151774803176521
TP,12,0.009132348913699389
TP,13,0.009192790417000652
TP,14,0.008872055714018643
TP,15,0.008850930011831223
TP,16,0.008821552018634975
TP,17,0.008555072797462345
TP,18,0.008588199988007545
TP,19,0.008595494367182255
TP,20,0.008584038000553846
TP,21,0.008777715805917978
TP,22,0.008881480358541012
TP,23,0.009114159224554896
TP,24,0.009181006196886301
TP,25,0.009304749108850955
TP,26,0.009204075299203395
TP,27,0.009359561363235116
TP,28,0.009443028969690204
TP,29,0.009540102947503327
TP,30,0.009493223298341036
TP,31,0.00957514715846628
TP,32,0.00956312902737409
TP,33,0.009528425498865544
TP,34,0.00951047504786402
TP,35,0.009397895564325154
TP,36,0.00917432785499841
TP,37,0.009229616713710129
TP,38,0.009241813370026648
TP,39,0.009077486549504101
TP,40,0.009156610588543118
TP,41,0.00917608889285475
TP,42,0.009118672381155192
TP,43,0.009057821785099805
TP,44,0.009194700126536191
TP,45,0.009197605135850608
TP,46,0.008986554616130888
TP,47,0.0089806456444785
TP,48,0.008990358388982713
TP,49,0.008985610562376678
TP,50,0.00912432121578604
TP,51,0.009180690781213342
TP,52,0.009199118283577263
TP,53,0.009312839163467288
TP,54,0.00922046614345163
TP,55,0.009254594217054546
TP,56,0.009259038120508194
TP,57,0.009341063043102622
TP,58,0.009353691842406989
TP,59,0.009410479357466101
TP,60,0.00933399650733918
TP,61,0.009093550150282681
TP,62,0.00918195879086852
TP,63,0.009116903562098742
TP,64,0.009198761666193605
TP,65,0.009017062671482563
TP,66,0.00902910767123103
TP,67,0.00908297329209745
TP,68,0.008998897797428072
TP,69,0.00894997248891741
TP,70,0.008953443854115903
TP,71,0.008842142280191184
TP,72,0.008803447769023478
TP,73,0.008903943174518645
TP,74,0.00877852353733033
TP,75,0.008948046630248428
TP,76,0.00889260433614254
TP,77,0.00884652062319219
TP,78,0.008906557792797684
TP,79,0.00889858538750559
TP,80,0.008861426892690361
TP,81,0.009155909707769751
TP,82,0.009113604947924615
TP,83,0.009259008648805321
TP,84,0.009258004440926015
TP,85,0.009240369717590511
TP,86,0.009319187314249576
TP,87,0.009199862121604382
TP,88,0.00914350263774395
TP,89,0.009193436354398727
TP,90,0.009150786590762437
TP,91,0.009328535269014537
TP,92,0.009082752098329365
TP,93,0.009131390727125108
TP,94,0.009145426503382624
TP,95,0.009192286194302141
TP,96,0.009288247129879891
TP,97,0.00920064460951835
TP,98,0.009238016796298326
TP,99,0.009092218284495175
TP,100,0.008983939616009594
TP,101,0.008902420392259955
TP,102,0.00873974141664803
TP,103,0.00872489190660417
TP,104,0.008924991358071566
TP,105,0.008935190215706825
TP,106,0.009137345189228653
TP,107,0.009088992527686059
TP,108,0.009075171612203121
TP,109,0.009053253144957125
TP,110,0.009019779991358518
TP,111,0.00887660871259868
TP,112,0.00906278237234801
TP,113,0.008946444452740253
TP,114,0.008876745225861668
TP,115,0.008954359483905137
TP,116,0.009011808671057225
TP,117,0.009044230347499252
TP,118,0.009070769208483398
TP,119,0.009083617138676345
TP,120,0.009075050265528262
TP,121,0.009167217747308314
TP,122,0.00897300940938294
TP,123,0.009112563785165548
TP,124,0.00913710381835699
TP,125,0.009140251516364516
TP,126,0.008886655252426863
TP,127,0.008886073352769017
TP,128,0.008882601261138916
TP,129,0.008793674530461431
TP,130,0.009131880770437419
TP,131,0.009092132621444761
TP,132,0.00916282960679382
TP,133,0.009204606018029153
TP,134,0.009192432020790875
TP,135,0.009201308954507112
TP,136,0.009315268099308015
TP,137,0.009324564142152667
TP,138,0.009295716658234596
TP,139,0.00913049056660384
TP,140,0.009155012983828783
TP,141,0.009159290231764317
TP,142,0.009126148484647274
TP,143,0.009005800792947412
TP,144,0.008911069640889764
TP,145,0.008902562139555812
TP,146,0.008842962789349257
TP,147,0.008677875772118569
TP,148,0.008810480274260044
TP,149,0.009042011676356196
TP,150,0.009138220073655248
TP,151,0.009275285610929131
TP,152,0.009250612785108388
TP,153,0.009478702545166015
TP,154,0.009717422523535788
TP,155,0.009697994100861251
TP,156,0.009687552088871598
TP,157,0.009698830489069223
TP,158,0.009610926448367536
TP,159,0.00979476206470281
TP,160,0.009682564907707273
TP,161,0.009600750720128417
TP,162,0.009592497507110238
TP,163,0.009576673456467687
TP,164,0.009550114194862545
TP,165,0.009456139546819032
TP,166,0.009571870318613946
TP,167,0.009670605133287609
TP,168,0.00962643210310489
TP,169,0.009683235585689544
TP,170,0.009542431635782122
TP,171,0.009315094747580587
TP,172,0.009354276051744818
TP,173,0.009400122687220574
TP,174,0.009449295746162534
TP,175,0.00935574653558433
TP,176,0.00926334410905838
TP,177,0.009129104958847166
TP,178,0.008999139205552637
TP,179,0.009009579834528268
TP,180,0.008844485958106815
TP,181,0.00876568678766489
TP,182,0.008876748941838741
TP,183,0.008830467411316932
TP,184,0.008882400668226183
TP,185,0.008848189152777195
TP,186,0.008851860482245684
TP,187,0.008843084815889597
TP,188,0.008895989782176912
TP,189,0.008825083184055983
TP,190,0.008788579744286835
TP,191,0.008793309265747666
TP,192,0.0087550650537014
TP,193,0.008996567693538965
TP,194,0.009192505455575883
TP,195,0.009234679928049445
TP,196,0.009175296109169721
TP,197,0.008978493143804372
TP,198,0.008968474250286818
TP,199,0.009114622380584478
TP,200,0.008987071709707379
TP,201,0.008944452051073313
TP,202,0.008921470856294036
TP,203,0.008908553728833795
TP,204,0.008864081134088337
TP,205,0.008875815952196718
TP,206,0.00884045043028891
